{
    "metadata": {
        "qaoaLayers": 3,
        "backend_name": "ionq_simulator"
    },
    "result": {
        "instance_id": 21,
        "sampled_distribution": [
            [
                "010011",
                6644
            ],
            [
                "000011",
                2846
            ],
            [
                "010001",
                139
            ],
            [
                "010010",
                138
            ],
            [
                "000010",
                60
            ],
            [
                "000001",
                47
            ],
            [
                "100011",
                31
            ],
            [
                "011011",
                28
            ],
            [
                "001011",
                27
            ],
            [
                "110011",
                23
            ],
            [
                "001001",
                4
            ],
            [
                "011010",
                3
            ],
            [
                "111011",
                3
            ],
            [
                "100001",
                2
            ],
            [
                "110001",
                2
            ],
            [
                "010000",
                1
            ],
            [
                "011001",
                1
            ],
            [
                "110010",
                1
            ]
        ],
        "num_training_loops": 43,
        "final_training_cost": -81.203857421875,
        "optimal_params": [
            4.147789953196785,
            3.0869083996373936,
            2.051129675069536,
            0.9844335355397678,
            1.04974187783432,
            2.0928841318610374
        ]
    }
}