{
    "metadata": {
        "qaoaLayers": 3,
        "backend_name": "ionq_simulator"
    },
    "result": {
        "instance_id": 16,
        "sampled_distribution": [
            [
                "100000",
                4692
            ],
            [
                "110000",
                2147
            ],
            [
                "100010",
                999
            ],
            [
                "100001",
                892
            ],
            [
                "110001",
                464
            ],
            [
                "110010",
                446
            ],
            [
                "100011",
                182
            ],
            [
                "110011",
                94
            ],
            [
                "000000",
                29
            ],
            [
                "000010",
                13
            ],
            [
                "010000",
                13
            ],
            [
                "000011",
                8
            ],
            [
                "001000",
                7
            ],
            [
                "000001",
                4
            ],
            [
                "101000",
                4
            ],
            [
                "001001",
                3
            ],
            [
                "011000",
                3
            ]
        ],
        "num_training_loops": 49,
        "final_training_cost": -43.244384765625,
        "optimal_params": [
            4.143846081898378,
            2.0925367504879753,
            2.045872507038092,
            1.001662985141977,
            1.0454799254962828,
            2.1015561905469453
        ]
    }
}