{
    "metadata": {
        "qaoaLayers": 2,
        "backend_name": "ionq_simulator"
    },
    "result": {
        "instance_id": 97,
        "sampled_distribution": [
            [
                "000011",
                8983
            ],
            [
                "001011",
                421
            ],
            [
                "100011",
                258
            ],
            [
                "000010",
                130
            ],
            [
                "000001",
                123
            ],
            [
                "010011",
                42
            ],
            [
                "101011",
                11
            ],
            [
                "011011",
                9
            ],
            [
                "100010",
                7
            ],
            [
                "010001",
                6
            ],
            [
                "001010",
                4
            ],
            [
                "001001",
                2
            ],
            [
                "010010",
                2
            ],
            [
                "110011",
                2
            ]
        ],
        "num_training_loops": 35,
        "final_training_cost": -35.7568359375,
        "optimal_params": [
            4.813156810916266,
            1.7394764483780696,
            -0.1308955531274476,
            1.6800417617985997
        ]
    }
}