{
    "metadata": {
        "qaoaLayers": 3,
        "backend_name": "ionq_simulator"
    },
    "result": {
        "instance_id": 5,
        "sampled_distribution": [
            [
                "101000",
                8159
            ],
            [
                "001000",
                634
            ],
            [
                "100000",
                569
            ],
            [
                "111000",
                208
            ],
            [
                "101001",
                157
            ],
            [
                "101010",
                148
            ],
            [
                "000000",
                43
            ],
            [
                "001010",
                17
            ],
            [
                "001001",
                15
            ],
            [
                "100001",
                14
            ],
            [
                "110000",
                11
            ],
            [
                "011000",
                9
            ],
            [
                "100010",
                8
            ],
            [
                "111010",
                4
            ],
            [
                "101011",
                2
            ],
            [
                "111001",
                2
            ]
        ],
        "num_training_loops": 44,
        "final_training_cost": -55.0078125,
        "optimal_params": [
            4.140341882900531,
            3.05758362057841,
            0.7970448554404791,
            0.998986532992696,
            1.0479363570293612,
            2.093914167898078
        ]
    }
}