{
    "metadata": {
        "qaoaLayers": 4,
        "backend_name": "ionq_simulator"
    },
    "result": {
        "instance_id": 44,
        "sampled_distribution": [
            [
                "111000",
                2031
            ],
            [
                "010001",
                1961
            ],
            [
                "110000",
                1785
            ],
            [
                "011001",
                1693
            ],
            [
                "011000",
                344
            ],
            [
                "111001",
                303
            ],
            [
                "101000",
                301
            ],
            [
                "000001",
                297
            ],
            [
                "110001",
                297
            ],
            [
                "100000",
                282
            ],
            [
                "010000",
                269
            ],
            [
                "001001",
                266
            ],
            [
                "101001",
                56
            ],
            [
                "001000",
                43
            ],
            [
                "100001",
                38
            ],
            [
                "000000",
                34
            ]
        ],
        "num_training_loops": 62,
        "final_training_cost": -47.775634765625,
        "optimal_params": [
            3.1422969884500938,
            2.35607220901331,
            1.5709288166150133,
            0.7835338375436162,
            0.0001549920708787031,
            0.7850316971842024,
            1.5691062918332577,
            2.3580604850755926
        ]
    }
}