{
    "metadata": {
        "qaoaLayers": 3,
        "backend_name": "aer_simulator"
    },
    "result": {
        "instance_id": 50,
        "sampled_distribution": [
            [
                "100011",
                6787
            ],
            [
                "000011",
                3148
            ],
            [
                "101011",
                17
            ],
            [
                "100001",
                12
            ],
            [
                "000001",
                11
            ],
            [
                "100010",
                7
            ],
            [
                "110011",
                7
            ],
            [
                "001011",
                4
            ],
            [
                "000010",
                3
            ],
            [
                "110001",
                1
            ],
            [
                "001010",
                1
            ],
            [
                "010011",
                1
            ],
            [
                "001001",
                1
            ]
        ],
        "num_training_loops": 49,
        "final_training_cost": -30.56787109375,
        "optimal_params": [
            3.129348570058895,
            2.187774059050722,
            0.9207478582706908,
            -0.005970745743212767,
            0.9163001728905131,
            2.093669556489166
        ]
    }
}