{
    "metadata": {
        "qaoaLayers": 1,
        "backend_name": "ionq_simulator"
    },
    "result": {
        "instance_id": 54,
        "sampled_distribution": [
            [
                "000011",
                9972
            ],
            [
                "000010",
                8
            ],
            [
                "010011",
                7
            ],
            [
                "000001",
                5
            ],
            [
                "001011",
                4
            ],
            [
                "100011",
                4
            ]
        ],
        "num_training_loops": 21,
        "final_training_cost": -7.5009765625,
        "optimal_params": [
            3.1649802488811045,
            0.0009987539837470992
        ]
    }
}