{
    "metadata": {
        "qaoaLayers": 4,
        "backend_name": "aer_simulator"
    },
    "result": {
        "instance_id": 5,
        "sampled_distribution": [
            [
                "010000",
                1099
            ],
            [
                "001001",
                1092
            ],
            [
                "101001",
                1062
            ],
            [
                "110000",
                1044
            ],
            [
                "100001",
                1040
            ],
            [
                "011000",
                1025
            ],
            [
                "000001",
                1021
            ],
            [
                "111000",
                1015
            ],
            [
                "011001",
                239
            ],
            [
                "000000",
                216
            ],
            [
                "010001",
                203
            ],
            [
                "100000",
                198
            ],
            [
                "111001",
                197
            ],
            [
                "001000",
                197
            ],
            [
                "101000",
                181
            ],
            [
                "110001",
                161
            ],
            [
                "100011",
                5
            ],
            [
                "111010",
                3
            ],
            [
                "011011",
                1
            ],
            [
                "000011",
                1
            ]
        ],
        "num_training_loops": 57,
        "final_training_cost": -34.562744140625,
        "optimal_params": [
            3.1404706245893594,
            2.3308862169355553,
            1.5891006650740471,
            0.7850170183463752,
            0.9652326267873805,
            1.7848445197435625,
            1.57149136537186,
            2.356468169039215
        ]
    }
}