{
    "metadata": {
        "qaoaLayers": 3,
        "backend_name": "ionq_simulator"
    },
    "result": {
        "instance_id": 87,
        "sampled_distribution": [
            [
                "111000",
                9964
            ],
            [
                "111001",
                15
            ],
            [
                "011000",
                7
            ],
            [
                "110000",
                7
            ],
            [
                "111010",
                5
            ],
            [
                "101000",
                2
            ]
        ],
        "num_training_loops": 56,
        "final_training_cost": -24.45556640625,
        "optimal_params": [
            3.1242359104044537,
            3.1180606156301227,
            1.5710353902669238,
            1.2495922819556857,
            2.047759324906118,
            3.107323486666417
        ]
    }
}