{
    "metadata": {
        "qaoaLayers": 4,
        "backend_name": "aer_simulator"
    },
    "result": {
        "instance_id": 63,
        "sampled_distribution": [
            [
                "001000",
                2194
            ],
            [
                "001001",
                1842
            ],
            [
                "101000",
                1634
            ],
            [
                "101001",
                1329
            ],
            [
                "000000",
                649
            ],
            [
                "000001",
                517
            ],
            [
                "100000",
                482
            ],
            [
                "100001",
                371
            ],
            [
                "011000",
                235
            ],
            [
                "011001",
                200
            ],
            [
                "111000",
                145
            ],
            [
                "111001",
                123
            ],
            [
                "010001",
                56
            ],
            [
                "010000",
                53
            ],
            [
                "110000",
                44
            ],
            [
                "110001",
                37
            ],
            [
                "001010",
                35
            ],
            [
                "101010",
                14
            ],
            [
                "101011",
                11
            ],
            [
                "001011",
                10
            ],
            [
                "000011",
                6
            ],
            [
                "100011",
                4
            ],
            [
                "000010",
                3
            ],
            [
                "100010",
                2
            ],
            [
                "011010",
                1
            ],
            [
                "010011",
                1
            ],
            [
                "110011",
                1
            ],
            [
                "011011",
                1
            ]
        ],
        "num_training_loops": 58,
        "final_training_cost": -52.885009765625,
        "optimal_params": [
            3.1411733591241067,
            2.3521128435333836,
            1.5636476664938939,
            0.7972799882322301,
            0.011708531942916319,
            0.6635070206826433,
            1.5735844342860372,
            2.353727866411777
        ]
    }
}