{
    "metadata": {
        "qaoaLayers": 2,
        "backend_name": "ionq_simulator"
    },
    "result": {
        "instance_id": 21,
        "sampled_distribution": [
            [
                "010010",
                3322
            ],
            [
                "000010",
                2346
            ],
            [
                "110010",
                719
            ],
            [
                "011010",
                690
            ],
            [
                "010000",
                686
            ],
            [
                "000000",
                486
            ],
            [
                "001010",
                476
            ],
            [
                "100010",
                446
            ],
            [
                "110000",
                164
            ],
            [
                "111010",
                152
            ],
            [
                "011000",
                142
            ],
            [
                "100000",
                111
            ],
            [
                "001000",
                108
            ],
            [
                "101010",
                97
            ],
            [
                "111000",
                30
            ],
            [
                "101000",
                25
            ]
        ],
        "num_training_loops": 31,
        "final_training_cost": -60.760009765625,
        "optimal_params": [
            4.142270814648342,
            2.5710910708187704,
            0.99983431288286,
            1.5701438152484295
        ]
    }
}