{
    "metadata": {
        "qaoaLayers": 3,
        "backend_name": "ionq_simulator"
    },
    "result": {
        "instance_id": 35,
        "sampled_distribution": [
            [
                "001011",
                6566
            ],
            [
                "000011",
                3355
            ],
            [
                "100011",
                19
            ],
            [
                "001001",
                17
            ],
            [
                "011011",
                12
            ],
            [
                "001010",
                11
            ],
            [
                "010011",
                8
            ],
            [
                "101011",
                6
            ],
            [
                "000010",
                5
            ],
            [
                "000001",
                1
            ]
        ],
        "num_training_loops": 46,
        "final_training_cost": -26.199951171875,
        "optimal_params": [
            3.141555636969563,
            2.1594471636794803,
            0.9403675476791298,
            0.00011951539341997963,
            1.047271699176086,
            2.0935985395888195
        ]
    }
}