{
    "metadata": {
        "qaoaLayers": 3,
        "backend_name": "ionq_simulator"
    },
    "result": {
        "instance_id": 31,
        "sampled_distribution": [
            [
                "001011",
                7450
            ],
            [
                "000011",
                2009
            ],
            [
                "010001",
                126
            ],
            [
                "001010",
                80
            ],
            [
                "000001",
                68
            ],
            [
                "011011",
                47
            ],
            [
                "010011",
                44
            ],
            [
                "001001",
                43
            ],
            [
                "010010",
                36
            ],
            [
                "011001",
                16
            ],
            [
                "000000",
                15
            ],
            [
                "101011",
                15
            ],
            [
                "011010",
                13
            ],
            [
                "001000",
                12
            ],
            [
                "011000",
                11
            ],
            [
                "000010",
                8
            ],
            [
                "100011",
                5
            ],
            [
                "010000",
                1
            ],
            [
                "111011",
                1
            ]
        ],
        "num_training_loops": 47,
        "final_training_cost": -39.7900390625,
        "optimal_params": [
            4.142240513728168,
            3.0396752374495835,
            2.0769088520775365,
            -0.15694712433824776,
            1.046792314285168,
            2.093466204037773
        ]
    }
}