{
    "metadata": {
        "qaoaLayers": 4,
        "backend_name": "aer_simulator"
    },
    "result": {
        "instance_id": 77,
        "sampled_distribution": [
            [
                "000011",
                8925
            ],
            [
                "010011",
                424
            ],
            [
                "100011",
                344
            ],
            [
                "001011",
                118
            ],
            [
                "000010",
                67
            ],
            [
                "001001",
                32
            ],
            [
                "000000",
                30
            ],
            [
                "110011",
                16
            ],
            [
                "100001",
                13
            ],
            [
                "001010",
                5
            ],
            [
                "000001",
                4
            ],
            [
                "011011",
                4
            ],
            [
                "101011",
                4
            ],
            [
                "100010",
                4
            ],
            [
                "010010",
                3
            ],
            [
                "110001",
                3
            ],
            [
                "101001",
                2
            ],
            [
                "011001",
                1
            ],
            [
                "101010",
                1
            ]
        ],
        "num_training_loops": 79,
        "final_training_cost": -22.154296875,
        "optimal_params": [
            3.0928415553106903,
            1.699235384374605,
            3.222310948304284,
            1.7883029903465986,
            -0.21404319928646418,
            0.7169993306242531,
            1.0351094339531624,
            2.299302167167936
        ]
    }
}