{
    "metadata": {
        "qaoaLayers": 2,
        "backend_name": "aer_simulator"
    },
    "result": {
        "instance_id": 69,
        "sampled_distribution": [
            [
                "000011",
                9690
            ],
            [
                "001011",
                210
            ],
            [
                "010011",
                45
            ],
            [
                "100011",
                39
            ],
            [
                "000001",
                9
            ],
            [
                "000010",
                4
            ],
            [
                "101011",
                2
            ],
            [
                "011011",
                1
            ]
        ],
        "num_training_loops": 46,
        "final_training_cost": -37.885009765625,
        "optimal_params": [
            4.798427025523815,
            1.5103653667933663,
            1.179164206672188,
            1.0500475916687562
        ]
    }
}