{
    "metadata": {
        "qaoaLayers": 3,
        "backend_name": "ionq_simulator"
    },
    "result": {
        "instance_id": 36,
        "sampled_distribution": [
            [
                "110011",
                3287
            ],
            [
                "100011",
                2490
            ],
            [
                "010011",
                2465
            ],
            [
                "000011",
                1758
            ]
        ],
        "num_training_loops": 47,
        "final_training_cost": -13.145751953125,
        "optimal_params": [
            3.1349697016503764,
            2.1031740046822263,
            1.0518987909749065,
            0.0023265546785993505,
            2.048075022315432,
            2.094098559257173
        ]
    }
}