{
    "metadata": {
        "qaoaLayers": 3,
        "backend_name": "ionq_simulator"
    },
    "result": {
        "instance_id": 20,
        "sampled_distribution": [
            [
                "001011",
                7196
            ],
            [
                "000011",
                2744
            ],
            [
                "001001",
                12
            ],
            [
                "011011",
                12
            ],
            [
                "101011",
                9
            ],
            [
                "010011",
                8
            ],
            [
                "001010",
                7
            ],
            [
                "000010",
                6
            ],
            [
                "000001",
                5
            ],
            [
                "100011",
                1
            ]
        ],
        "num_training_loops": 46,
        "final_training_cost": -31.20361328125,
        "optimal_params": [
            3.1414169785524204,
            2.2539173693477594,
            0.8532203063876034,
            1.1200353109034913,
            1.0626024393987878,
            2.094424614215776
        ]
    }
}