{
    "metadata": {
        "qaoaLayers": 2,
        "backend_name": "ionq_simulator"
    },
    "result": {
        "instance_id": 5,
        "sampled_distribution": [
            [
                "000011",
                9977
            ],
            [
                "100011",
                14
            ],
            [
                "001011",
                5
            ],
            [
                "010011",
                4
            ]
        ],
        "num_training_loops": 42,
        "final_training_cost": -55.98779296875,
        "optimal_params": [
            4.688727509864322,
            1.5497983062293539,
            -0.4370778332953842,
            1.8076046540428952
        ]
    }
}