{
    "metadata": {
        "qaoaLayers": 3,
        "backend_name": "aer_simulator"
    },
    "result": {
        "instance_id": 54,
        "sampled_distribution": [
            [
                "110011",
                3138
            ],
            [
                "100011",
                2590
            ],
            [
                "010011",
                2381
            ],
            [
                "000011",
                1889
            ],
            [
                "011011",
                1
            ],
            [
                "111011",
                1
            ]
        ],
        "num_training_loops": 46,
        "final_training_cost": -12.11181640625,
        "optimal_params": [
            3.1419963555436765,
            2.0945644725494996,
            1.046508303982311,
            -0.0005744570419311706,
            0.9221511056986813,
            2.0951989526905517
        ]
    }
}