{
    "metadata": {
        "qaoaLayers": 3,
        "backend_name": "aer_simulator"
    },
    "result": {
        "instance_id": 81,
        "sampled_distribution": [
            [
                "000011",
                2832
            ],
            [
                "100011",
                2407
            ],
            [
                "110011",
                2231
            ],
            [
                "010011",
                1949
            ],
            [
                "001011",
                130
            ],
            [
                "000001",
                120
            ],
            [
                "100001",
                91
            ],
            [
                "101011",
                67
            ],
            [
                "010001",
                29
            ],
            [
                "000010",
                28
            ],
            [
                "110001",
                24
            ],
            [
                "001001",
                21
            ],
            [
                "101001",
                14
            ],
            [
                "100010",
                11
            ],
            [
                "011011",
                7
            ],
            [
                "011001",
                7
            ],
            [
                "000000",
                6
            ],
            [
                "100000",
                5
            ],
            [
                "111001",
                4
            ],
            [
                "010010",
                3
            ],
            [
                "111011",
                3
            ],
            [
                "110000",
                3
            ],
            [
                "110010",
                2
            ],
            [
                "001010",
                2
            ],
            [
                "101010",
                2
            ],
            [
                "011010",
                1
            ],
            [
                "101000",
                1
            ]
        ],
        "num_training_loops": 53,
        "final_training_cost": -64.453857421875,
        "optimal_params": [
            3.179621143082181,
            2.055988997570695,
            1.0587792409249326,
            1.1415770214828007,
            1.0474161177975978,
            2.099413007959698
        ]
    }
}