{
    "metadata": {
        "qaoaLayers": 4,
        "backend_name": "ionq_simulator"
    },
    "result": {
        "instance_id": 92,
        "sampled_distribution": [
            [
                "111000",
                1887
            ],
            [
                "000001",
                1841
            ],
            [
                "101000",
                1805
            ],
            [
                "010001",
                1743
            ],
            [
                "011001",
                344
            ],
            [
                "100001",
                328
            ],
            [
                "001001",
                327
            ],
            [
                "110000",
                323
            ],
            [
                "001000",
                308
            ],
            [
                "011000",
                303
            ],
            [
                "100000",
                303
            ],
            [
                "110001",
                303
            ],
            [
                "111001",
                53
            ],
            [
                "000000",
                50
            ],
            [
                "101001",
                47
            ],
            [
                "010000",
                35
            ]
        ],
        "num_training_loops": 55,
        "final_training_cost": -3.9931640625,
        "optimal_params": [
            3.14210594503116,
            2.356019720725555,
            1.5710885782432404,
            0.7872405956109659,
            -0.249753729742233,
            1.785456901252327,
            1.5702506543848156,
            2.3558329891935736
        ]
    }
}