{
    "metadata": {
        "qaoaLayers": 1,
        "backend_name": "aer_simulator"
    },
    "result": {
        "instance_id": 1,
        "sampled_distribution": [
            [
                "000011",
                9994
            ],
            [
                "010011",
                2
            ],
            [
                "001011",
                1
            ],
            [
                "100011",
                1
            ],
            [
                "000001",
                1
            ],
            [
                "000010",
                1
            ]
        ],
        "num_training_loops": 24,
        "final_training_cost": -6.490478515625,
        "optimal_params": [
            3.129873903589793,
            -0.001
        ]
    }
}