{
    "metadata": {
        "qaoaLayers": 4,
        "backend_name": "ionq_simulator"
    },
    "result": {
        "instance_id": 39,
        "sampled_distribution": [
            [
                "001001",
                5251
            ],
            [
                "011001",
                1342
            ],
            [
                "001011",
                1261
            ],
            [
                "010001",
                585
            ],
            [
                "001000",
                392
            ],
            [
                "011000",
                248
            ],
            [
                "101001",
                170
            ],
            [
                "010011",
                156
            ],
            [
                "001010",
                147
            ],
            [
                "000011",
                84
            ],
            [
                "010000",
                58
            ],
            [
                "111001",
                53
            ],
            [
                "101011",
                47
            ],
            [
                "010010",
                35
            ],
            [
                "011010",
                23
            ],
            [
                "101000",
                23
            ],
            [
                "000000",
                22
            ],
            [
                "110001",
                20
            ],
            [
                "100001",
                17
            ],
            [
                "000010",
                11
            ],
            [
                "011011",
                10
            ],
            [
                "101010",
                9
            ],
            [
                "111000",
                9
            ],
            [
                "110000",
                8
            ],
            [
                "100011",
                7
            ],
            [
                "000001",
                6
            ],
            [
                "110011",
                3
            ],
            [
                "111011",
                2
            ],
            [
                "110010",
                1
            ]
        ],
        "num_training_loops": 79,
        "final_training_cost": -35.957763671875,
        "optimal_params": [
            3.139504727462585,
            2.3096276840230754,
            1.3790442905018514,
            0.6596822378475655,
            -0.012813466759484006,
            1.7389781910554145,
            1.5587158444872404,
            2.1173209870582084
        ]
    }
}