{
    "metadata": {
        "qaoaLayers": 3,
        "backend_name": "aer_simulator"
    },
    "result": {
        "instance_id": 90,
        "sampled_distribution": [
            [
                "001011",
                7301
            ],
            [
                "000011",
                2203
            ],
            [
                "001001",
                157
            ],
            [
                "001010",
                157
            ],
            [
                "000010",
                46
            ],
            [
                "000001",
                44
            ],
            [
                "101011",
                40
            ],
            [
                "011011",
                27
            ],
            [
                "010011",
                9
            ],
            [
                "100011",
                8
            ],
            [
                "001000",
                4
            ],
            [
                "000000",
                3
            ],
            [
                "100010",
                1
            ]
        ],
        "num_training_loops": 41,
        "final_training_cost": -38.366943359375,
        "optimal_params": [
            4.141857029326129,
            3.093370063882943,
            2.0470329618219183,
            0.9999006658247185,
            1.046861590295065,
            2.094673628559
        ]
    }
}