{
    "metadata": {
        "qaoaLayers": 3,
        "backend_name": "ionq_simulator"
    },
    "result": {
        "instance_id": 23,
        "sampled_distribution": [
            [
                "000011",
                10000
            ]
        ],
        "num_training_loops": 45,
        "final_training_cost": -39.0,
        "optimal_params": [
            3.141592653589793,
            2.0943951023931957,
            1.0471975511965979,
            0.0,
            1.0471975511965976,
            2.0943951023931953
        ]
    }
}