{
    "metadata": {
        "qaoaLayers": 3,
        "backend_name": "aer_simulator"
    },
    "result": {
        "instance_id": 62,
        "sampled_distribution": [
            [
                "110011",
                3222
            ],
            [
                "010011",
                2462
            ],
            [
                "100011",
                2383
            ],
            [
                "000011",
                1932
            ],
            [
                "110010",
                1
            ]
        ],
        "num_training_loops": 45,
        "final_training_cost": -13.13623046875,
        "optimal_params": [
            3.1418011674491626,
            2.094445647779252,
            1.0471527292105154,
            1.0004935121586236,
            2.0471604911471237,
            2.0935542513802408
        ]
    }
}