{
    "metadata": {
        "qaoaLayers": 3,
        "backend_name": "ionq_simulator"
    },
    "result": {
        "instance_id": 12,
        "sampled_distribution": [
            [
                "010011",
                7142
            ],
            [
                "000011",
                2362
            ],
            [
                "010001",
                88
            ],
            [
                "011011",
                78
            ],
            [
                "110011",
                57
            ],
            [
                "010010",
                48
            ],
            [
                "100011",
                44
            ],
            [
                "000010",
                30
            ],
            [
                "001011",
                23
            ],
            [
                "000001",
                22
            ],
            [
                "101011",
                14
            ],
            [
                "100000",
                13
            ],
            [
                "001001",
                12
            ],
            [
                "101010",
                12
            ],
            [
                "011010",
                7
            ],
            [
                "101001",
                7
            ],
            [
                "110010",
                6
            ],
            [
                "111001",
                6
            ],
            [
                "001000",
                5
            ],
            [
                "101000",
                5
            ],
            [
                "001010",
                4
            ],
            [
                "100001",
                4
            ],
            [
                "010000",
                3
            ],
            [
                "111011",
                3
            ],
            [
                "011000",
                2
            ],
            [
                "100010",
                1
            ],
            [
                "111000",
                1
            ],
            [
                "111010",
                1
            ]
        ],
        "num_training_loops": 39,
        "final_training_cost": -12.476318359375,
        "optimal_params": [
            4.1412675980704625,
            3.0945312836205643,
            2.04689168569758,
            0.00045951458258359075,
            1.0478505962889615,
            2.0940148152189337
        ]
    }
}