{
    "metadata": {
        "qaoaLayers": 4,
        "backend_name": "ionq_simulator"
    },
    "result": {
        "instance_id": 29,
        "sampled_distribution": [
            [
                "111000",
                8859
            ],
            [
                "111001",
                278
            ],
            [
                "011000",
                240
            ],
            [
                "100000",
                182
            ],
            [
                "110001",
                110
            ],
            [
                "101001",
                91
            ],
            [
                "100001",
                85
            ],
            [
                "111010",
                82
            ],
            [
                "101000",
                21
            ],
            [
                "110000",
                20
            ],
            [
                "011001",
                10
            ],
            [
                "111011",
                6
            ],
            [
                "000001",
                3
            ],
            [
                "001001",
                3
            ],
            [
                "010001",
                3
            ],
            [
                "010000",
                2
            ],
            [
                "101010",
                2
            ],
            [
                "000000",
                1
            ],
            [
                "001000",
                1
            ],
            [
                "011010",
                1
            ]
        ],
        "num_training_loops": 53,
        "final_training_cost": -35.93359375,
        "optimal_params": [
            4.390191638541646,
            3.3061956791353486,
            1.5756224189258095,
            1.7831444832015508,
            0.01542482887238479,
            0.7808159448319881,
            1.5721068457364153,
            2.3515045088302196
        ]
    }
}