{
    "metadata": {
        "qaoaLayers": 4,
        "backend_name": "ionq_simulator"
    },
    "result": {
        "instance_id": 25,
        "sampled_distribution": [
            [
                "111001",
                2138
            ],
            [
                "101001",
                1950
            ],
            [
                "110001",
                1887
            ],
            [
                "100001",
                1438
            ],
            [
                "111000",
                908
            ],
            [
                "101000",
                580
            ],
            [
                "110000",
                553
            ],
            [
                "100000",
                501
            ],
            [
                "000001",
                22
            ],
            [
                "010000",
                7
            ],
            [
                "011001",
                6
            ],
            [
                "100011",
                3
            ],
            [
                "000011",
                2
            ],
            [
                "001000",
                2
            ],
            [
                "011000",
                2
            ],
            [
                "011011",
                1
            ]
        ],
        "num_training_loops": 76,
        "final_training_cost": -43.44970703125,
        "optimal_params": [
            3.2128936546051245,
            3.6124127648841746,
            2.570162031104863,
            1.6161228180046645,
            1.0123240067089725,
            0.7829591120618935,
            1.5726916707669403,
            2.3591147989274
        ]
    }
}