{
    "metadata": {
        "qaoaLayers": 3,
        "backend_name": "aer_simulator"
    },
    "result": {
        "instance_id": 71,
        "sampled_distribution": [
            [
                "000011",
                9992
            ],
            [
                "000001",
                3
            ],
            [
                "001001",
                3
            ],
            [
                "101011",
                1
            ],
            [
                "011011",
                1
            ]
        ],
        "num_training_loops": 42,
        "final_training_cost": -24.971435546875,
        "optimal_params": [
            3.1418844855586734,
            2.094688695308362,
            1.0475044410401257,
            0.0,
            1.0471975511965976,
            2.0935380983523397
        ]
    }
}