{
    "metadata": {
        "qaoaLayers": 4,
        "backend_name": "aer_simulator"
    },
    "result": {
        "instance_id": 44,
        "sampled_distribution": [
            [
                "010001",
                2656
            ],
            [
                "111000",
                2563
            ],
            [
                "110000",
                1523
            ],
            [
                "011001",
                1285
            ],
            [
                "011000",
                414
            ],
            [
                "111001",
                260
            ],
            [
                "110001",
                246
            ],
            [
                "000001",
                233
            ],
            [
                "101000",
                224
            ],
            [
                "100000",
                145
            ],
            [
                "001001",
                119
            ],
            [
                "010000",
                98
            ],
            [
                "001000",
                41
            ],
            [
                "111010",
                32
            ],
            [
                "100001",
                30
            ],
            [
                "010011",
                29
            ],
            [
                "110010",
                23
            ],
            [
                "101001",
                22
            ],
            [
                "011011",
                15
            ],
            [
                "000000",
                11
            ],
            [
                "011010",
                6
            ],
            [
                "111011",
                6
            ],
            [
                "101010",
                5
            ],
            [
                "110011",
                4
            ],
            [
                "000011",
                3
            ],
            [
                "100010",
                3
            ],
            [
                "001011",
                2
            ],
            [
                "001010",
                2
            ]
        ],
        "num_training_loops": 66,
        "final_training_cost": -48.201171875,
        "optimal_params": [
            3.1433636875715023,
            2.370237858246536,
            1.5645899116111586,
            0.782242349946104,
            -0.12957122083047354,
            0.7842159685872622,
            1.560975190651731,
            2.3659763207407916
        ]
    }
}