{
    "metadata": {
        "qaoaLayers": 3,
        "backend_name": "ionq_simulator"
    },
    "result": {
        "instance_id": 29,
        "sampled_distribution": [
            [
                "111000",
                7789
            ],
            [
                "111010",
                449
            ],
            [
                "100001",
                404
            ],
            [
                "100000",
                350
            ],
            [
                "101001",
                286
            ],
            [
                "110001",
                270
            ],
            [
                "011000",
                218
            ],
            [
                "100011",
                36
            ],
            [
                "111001",
                33
            ],
            [
                "011010",
                22
            ],
            [
                "000001",
                20
            ],
            [
                "101011",
                19
            ],
            [
                "100010",
                18
            ],
            [
                "110011",
                17
            ],
            [
                "010001",
                16
            ],
            [
                "000000",
                14
            ],
            [
                "110000",
                9
            ],
            [
                "001001",
                7
            ],
            [
                "001000",
                4
            ],
            [
                "010000",
                4
            ],
            [
                "101000",
                4
            ],
            [
                "000011",
                2
            ],
            [
                "011001",
                2
            ],
            [
                "110010",
                2
            ],
            [
                "111011",
                2
            ],
            [
                "000010",
                1
            ],
            [
                "001011",
                1
            ],
            [
                "101010",
                1
            ]
        ],
        "num_training_loops": 67,
        "final_training_cost": -33.78369140625,
        "optimal_params": [
            3.9285179715357113,
            3.359592425046506,
            0.7994726062111641,
            1.2593016688430625,
            1.305326519373837,
            1.8324523873711314
        ]
    }
}