{
    "metadata": {
        "qaoaLayers": 3,
        "backend_name": "aer_simulator"
    },
    "result": {
        "instance_id": 93,
        "sampled_distribution": [
            [
                "111000",
                7411
            ],
            [
                "011000",
                2108
            ],
            [
                "110000",
                159
            ],
            [
                "111001",
                117
            ],
            [
                "101000",
                68
            ],
            [
                "111010",
                48
            ],
            [
                "011001",
                36
            ],
            [
                "010000",
                27
            ],
            [
                "001000",
                18
            ],
            [
                "100000",
                4
            ],
            [
                "101010",
                1
            ],
            [
                "010001",
                1
            ],
            [
                "011010",
                1
            ],
            [
                "111011",
                1
            ]
        ],
        "num_training_loops": 59,
        "final_training_cost": -32.070556640625,
        "optimal_params": [
            3.245193609660736,
            3.368152293544067,
            1.3742150868077967,
            -0.013782927485956309,
            1.0487612751555946,
            3.13630795556095
        ]
    }
}