{
    "metadata": {
        "qaoaLayers": 4,
        "backend_name": "ionq_simulator"
    },
    "result": {
        "instance_id": 16,
        "sampled_distribution": [
            [
                "100000",
                1814
            ],
            [
                "001001",
                1813
            ],
            [
                "110000",
                1810
            ],
            [
                "011001",
                1803
            ],
            [
                "111001",
                372
            ],
            [
                "101000",
                329
            ],
            [
                "111000",
                315
            ],
            [
                "101001",
                312
            ],
            [
                "010000",
                310
            ],
            [
                "000001",
                308
            ],
            [
                "010001",
                308
            ],
            [
                "000000",
                291
            ],
            [
                "001000",
                63
            ],
            [
                "100001",
                53
            ],
            [
                "011000",
                52
            ],
            [
                "110001",
                47
            ]
        ],
        "num_training_loops": 52,
        "final_training_cost": -34.4853515625,
        "optimal_params": [
            3.1420521816021414,
            2.3559307454259626,
            1.5709669490856668,
            0.7849478504627692,
            0.9998793056525124,
            0.7852432972245262,
            1.5705609090853134,
            2.3555672686654425
        ]
    }
}