{
    "metadata": {
        "qaoaLayers": 4,
        "backend_name": "ionq_simulator"
    },
    "result": {
        "instance_id": 22,
        "sampled_distribution": [
            [
                "000011",
                9974
            ],
            [
                "010011",
                16
            ],
            [
                "000001",
                8
            ],
            [
                "100011",
                2
            ]
        ],
        "num_training_loops": 65,
        "final_training_cost": -26.98046875,
        "optimal_params": [
            3.1590866993779114,
            1.566698868819097,
            1.5870829197853653,
            -0.0015498129202694846,
            -0.011535928528563081,
            1.7913871976092075,
            1.1486233689304564,
            1.6491408759397101
        ]
    }
}