{
    "metadata": {
        "qaoaLayers": 3,
        "backend_name": "aer_simulator"
    },
    "result": {
        "instance_id": 30,
        "sampled_distribution": [
            [
                "111000",
                9972
            ],
            [
                "111001",
                15
            ],
            [
                "111010",
                9
            ],
            [
                "101000",
                3
            ],
            [
                "011000",
                1
            ]
        ],
        "num_training_loops": 71,
        "final_training_cost": -25.96337890625,
        "optimal_params": [
            3.172646642760137,
            3.1308171335756363,
            1.601551593670176,
            -0.016922950912517023,
            0.9876379167120819,
            2.0742586877043605
        ]
    }
}