{
    "metadata": {
        "qaoaLayers": 3,
        "backend_name": "ionq_simulator"
    },
    "result": {
        "instance_id": 98,
        "sampled_distribution": [
            [
                "010011",
                6586
            ],
            [
                "000011",
                3374
            ],
            [
                "010010",
                19
            ],
            [
                "000001",
                8
            ],
            [
                "000010",
                6
            ],
            [
                "010001",
                5
            ],
            [
                "001011",
                1
            ],
            [
                "111011",
                1
            ]
        ],
        "num_training_loops": 50,
        "final_training_cost": -42.028564453125,
        "optimal_params": [
            3.1260777503786024,
            2.168928803328245,
            0.9480719609589459,
            3.132675179664401e-05,
            1.0479714563567613,
            2.095196580700025
        ]
    }
}