{
    "metadata": {
        "qaoaLayers": 2,
        "backend_name": "ionq_simulator"
    },
    "result": {
        "instance_id": 89,
        "sampled_distribution": [
            [
                "001010",
                2499
            ],
            [
                "100010",
                2484
            ],
            [
                "000010",
                2433
            ],
            [
                "101010",
                2420
            ],
            [
                "100000",
                27
            ],
            [
                "011010",
                23
            ],
            [
                "000000",
                16
            ],
            [
                "101000",
                16
            ],
            [
                "111010",
                16
            ],
            [
                "100011",
                15
            ],
            [
                "001011",
                14
            ],
            [
                "101011",
                11
            ],
            [
                "001000",
                9
            ],
            [
                "010010",
                9
            ],
            [
                "000011",
                4
            ],
            [
                "110010",
                4
            ]
        ],
        "num_training_loops": 33,
        "final_training_cost": -25.0341796875,
        "optimal_params": [
            2.358720646238628,
            0.8541362492927416,
            -0.032151253640267066,
            1.5703852412135628
        ]
    }
}