{
    "metadata": {
        "qaoaLayers": 2,
        "backend_name": "EMU:15Q:LOGICAL_EARLY"
    },
    "result": {
        "instance_id": 14,
        "sampled_distribution": [
            [
                "1110",
                1551
            ],
            [
                "0110",
                911
            ],
            [
                "1100",
                910
            ],
            [
                "1111",
                908
            ],
            [
                "1010",
                895
            ],
            [
                "0100",
                583
            ],
            [
                "0010",
                567
            ],
            [
                "1011",
                565
            ],
            [
                "1000",
                563
            ],
            [
                "1101",
                551
            ],
            [
                "0111",
                516
            ],
            [
                "0101",
                338
            ],
            [
                "0000",
                325
            ],
            [
                "1001",
                317
            ],
            [
                "0011",
                317
            ],
            [
                "0001",
                183
            ]
        ],
        "num_training_loops": 30,
        "final_training_cost": -0.06298828125,
        "optimal_params": [
            3.1411646654556087,
            1.5717157914279847,
            -0.00039135409507465204,
            1.571073478805015
        ]
    }
}