{
    "metadata": {
        "qaoaLayers": 20,
        "backend_name": "aer_simulator"
    },
    "result": {
        "instance_id": 10,
        "sampled_distribution": [
            [
                "0001",
                1509
            ],
            [
                "1110",
                1486
            ],
            [
                "1011",
                1429
            ],
            [
                "0100",
                1192
            ],
            [
                "0101",
                1128
            ],
            [
                "1010",
                1125
            ],
            [
                "1001",
                405
            ],
            [
                "1101",
                379
            ],
            [
                "0011",
                371
            ],
            [
                "0111",
                345
            ],
            [
                "1100",
                263
            ],
            [
                "0110",
                261
            ],
            [
                "1111",
                64
            ],
            [
                "0010",
                21
            ],
            [
                "1000",
                12
            ],
            [
                "0000",
                10
            ]
        ],
        "num_training_loops": 274,
        "final_training_cost": -0.763671875,
        "optimal_params": [
            4.130751464043149,
            3.007561122519116,
            2.8692705195286776,
            3.6640893676494937,
            2.4820404205009083,
            2.318345403013702,
            2.1956896426388957,
            3.0454861708284358,
            1.880065662207245,
            1.6523608804409833,
            1.4778128749158104,
            1.4099222287129332,
            1.2443782207387692,
            1.1010499919574608,
            0.996610734147962,
            0.7337492916780352,
            0.5765915924269863,
            1.4615431134208339,
            0.3003541926514183,
            0.1242443157103496,
            1.4728700373248984,
            0.17809519280349828,
            0.3823940360553786,
            0.649470994806656,
            0.7722433758084586,
            0.7811305296122295,
            0.9819615459977848,
            0.9964120744752428,
            1.3289437803186273,
            2.4846618098654214,
            1.5632476414015164,
            1.722646150896728,
            2.169185416911691,
            2.0058897160633666,
            2.1716568501445996,
            2.350693908409785,
            2.6942609873193173,
            2.701553763187529,
            2.6120719535701995,
            2.932418776445702
        ]
    }
}