{
    "metadata": {
        "qaoaLayers": 3,
        "backend_name": "ionq_simulator"
    },
    "result": {
        "instance_id": 100,
        "sampled_distribution": [
            [
                "0000",
                705
            ],
            [
                "0001",
                700
            ],
            [
                "0011",
                667
            ],
            [
                "0100",
                654
            ],
            [
                "0010",
                652
            ],
            [
                "1000",
                643
            ],
            [
                "1001",
                641
            ],
            [
                "0111",
                635
            ],
            [
                "1101",
                620
            ],
            [
                "0101",
                617
            ],
            [
                "1111",
                616
            ],
            [
                "1011",
                606
            ],
            [
                "1010",
                589
            ],
            [
                "1100",
                562
            ],
            [
                "0110",
                549
            ],
            [
                "1110",
                544
            ]
        ],
        "num_training_loops": 49,
        "final_training_cost": 0.02685546875,
        "optimal_params": [
            4.6218275010653915,
            2.142121980994204,
            0.12077813405969814,
            -0.03681139919692323,
            1.2903748594360966,
            3.1169395132341906
        ]
    }
}