{
    "metadata": {
        "qaoaLayers": 1,
        "backend_name": "ionq_simulator"
    },
    "result": {
        "instance_id": 44,
        "sampled_distribution": [
            [
                "0001",
                839
            ],
            [
                "1001",
                725
            ],
            [
                "0011",
                712
            ],
            [
                "0101",
                676
            ],
            [
                "0000",
                673
            ],
            [
                "1000",
                651
            ],
            [
                "0100",
                640
            ],
            [
                "1011",
                615
            ],
            [
                "1101",
                614
            ],
            [
                "0111",
                609
            ],
            [
                "0010",
                580
            ],
            [
                "0110",
                570
            ],
            [
                "1100",
                565
            ],
            [
                "1111",
                547
            ],
            [
                "1010",
                518
            ],
            [
                "1110",
                466
            ]
        ],
        "num_training_loops": 25,
        "final_training_cost": 0.04052734375,
        "optimal_params": [
            3.8908606542993676,
            0.809671606712822
        ]
    }
}