{
    "metadata": {
        "qaoaLayers": 3,
        "backend_name": "aer_simulator"
    },
    "result": {
        "instance_id": 96,
        "sampled_distribution": [
            [
                "1100",
                698
            ],
            [
                "1010",
                689
            ],
            [
                "1110",
                687
            ],
            [
                "1111",
                662
            ],
            [
                "1101",
                651
            ],
            [
                "1001",
                648
            ],
            [
                "1000",
                634
            ],
            [
                "0100",
                607
            ],
            [
                "0011",
                603
            ],
            [
                "0110",
                603
            ],
            [
                "1011",
                603
            ],
            [
                "0001",
                598
            ],
            [
                "0111",
                597
            ],
            [
                "0101",
                589
            ],
            [
                "0010",
                568
            ],
            [
                "0000",
                563
            ]
        ],
        "num_training_loops": 54,
        "final_training_cost": 0.041015625,
        "optimal_params": [
            4.711068369577122,
            2.0112518125603507,
            0.35475498622080764,
            1.2506119258768147,
            0.6784694478796317,
            3.1508201634966473
        ]
    }
}