{
    "metadata": {
        "qaoaLayers": 2,
        "backend_name": "ionq_simulator"
    },
    "result": {
        "instance_id": 46,
        "sampled_distribution": [
            [
                "0100",
                7792
            ],
            [
                "0110",
                1064
            ],
            [
                "1100",
                992
            ],
            [
                "1110",
                152
            ]
        ],
        "num_training_loops": 40,
        "final_training_cost": -1.9345703125,
        "optimal_params": [
            4.1183143296468385,
            2.514719383564879,
            0.004014380622474471,
            1.534797519286519
        ]
    }
}