{
    "metadata": {
        "qaoaLayers": 4,
        "backend_name": "ionq_simulator"
    },
    "result": {
        "instance_id": 70,
        "sampled_distribution": [
            [
                "1001",
                1679
            ],
            [
                "0101",
                1397
            ],
            [
                "0011",
                1375
            ],
            [
                "0001",
                1113
            ],
            [
                "1011",
                643
            ],
            [
                "1101",
                640
            ],
            [
                "1110",
                634
            ],
            [
                "1000",
                551
            ],
            [
                "0111",
                416
            ],
            [
                "0010",
                352
            ],
            [
                "0100",
                327
            ],
            [
                "0000",
                277
            ],
            [
                "1100",
                196
            ],
            [
                "1010",
                192
            ],
            [
                "1111",
                133
            ],
            [
                "0110",
                75
            ]
        ],
        "num_training_loops": 82,
        "final_training_cost": -0.55126953125,
        "optimal_params": [
            4.311951738319832,
            2.490725112289258,
            2.157544533383088,
            0.5044943978655443,
            1.025989475341954,
            0.8950954867505349,
            2.7923601481110403,
            3.367811703841974
        ]
    }
}