{
    "metadata": {
        "qaoaLayers": 4,
        "backend_name": "EMU:15Q:LOGICAL_EARLY"
    },
    "result": {
        "instance_id": 72,
        "sampled_distribution": [
            [
                "0111",
                661
            ],
            [
                "0001",
                658
            ],
            [
                "1111",
                657
            ],
            [
                "1000",
                641
            ],
            [
                "0101",
                631
            ],
            [
                "1011",
                631
            ],
            [
                "1001",
                628
            ],
            [
                "1101",
                627
            ],
            [
                "0110",
                623
            ],
            [
                "1110",
                621
            ],
            [
                "0100",
                619
            ],
            [
                "1100",
                613
            ],
            [
                "0000",
                606
            ],
            [
                "0011",
                600
            ],
            [
                "1010",
                594
            ],
            [
                "0010",
                590
            ]
        ],
        "num_training_loops": 56,
        "final_training_cost": -0.01318359375,
        "optimal_params": [
            3.1416536670526534,
            3.3563313423707526,
            1.5715077013991283,
            1.785776479563555,
            0.0006344446078149104,
            0.7841608081705254,
            1.5722842633579268,
            3.356003857313861
        ]
    }
}