{
    "metadata": {
        "qaoaLayers": 4,
        "backend_name": "aer_simulator"
    },
    "result": {
        "instance_id": 38,
        "sampled_distribution": [
            [
                "1110",
                2542
            ],
            [
                "0010",
                2509
            ],
            [
                "1101",
                2482
            ],
            [
                "0001",
                2433
            ],
            [
                "1010",
                11
            ],
            [
                "0110",
                7
            ],
            [
                "1001",
                6
            ],
            [
                "0011",
                5
            ],
            [
                "0101",
                4
            ],
            [
                "0000",
                1
            ]
        ],
        "num_training_loops": 52,
        "final_training_cost": -1.00048828125,
        "optimal_params": [
            3.1382760818688737,
            2.3752707909145467,
            1.590434328692606,
            0.7708841887362259,
            -0.0008197619765060205,
            0.800966326971754,
            1.5686143675080733,
            2.3542753120382747
        ]
    }
}