{
    "metadata": {
        "qaoaLayers": 2,
        "backend_name": "aer_simulator_from(fake_torino)"
    },
    "result": {
        "instance_id": 77,
        "sampled_distribution": [
            [
                "1110",
                976
            ],
            [
                "0110",
                811
            ],
            [
                "1100",
                754
            ],
            [
                "1010",
                748
            ],
            [
                "1111",
                687
            ],
            [
                "0100",
                646
            ],
            [
                "1011",
                629
            ],
            [
                "1000",
                622
            ],
            [
                "0010",
                615
            ],
            [
                "1101",
                605
            ],
            [
                "0111",
                589
            ],
            [
                "0011",
                501
            ],
            [
                "0101",
                500
            ],
            [
                "1001",
                482
            ],
            [
                "0000",
                473
            ],
            [
                "0001",
                362
            ]
        ],
        "num_training_loops": 32,
        "final_training_cost": 0.041015625,
        "optimal_params": [
            4.804423415877697,
            0.8162789561866681,
            -0.02331171702611752,
            1.5551354101002766
        ]
    }
}