{
    "metadata": {
        "qaoaLayers": 3,
        "backend_name": "ionq_simulator"
    },
    "result": {
        "instance_id": 62,
        "sampled_distribution": [
            [
                "0001",
                2685
            ],
            [
                "0011",
                2275
            ],
            [
                "1001",
                1782
            ],
            [
                "1011",
                1487
            ],
            [
                "0101",
                376
            ],
            [
                "0111",
                299
            ],
            [
                "1000",
                281
            ],
            [
                "1010",
                272
            ],
            [
                "0110",
                174
            ],
            [
                "1110",
                124
            ],
            [
                "1111",
                61
            ],
            [
                "1100",
                54
            ],
            [
                "0010",
                53
            ],
            [
                "0100",
                45
            ],
            [
                "0000",
                32
            ]
        ],
        "num_training_loops": 54,
        "final_training_cost": -0.9267578125,
        "optimal_params": [
            3.81798327458871,
            3.54651428553441,
            2.0793837757628233,
            -0.608182815622629,
            1.2202782714293596,
            1.7860974619901553
        ]
    }
}