{
    "metadata": {
        "qaoaLayers": 2,
        "backend_name": "EMU:15Q:LOGICAL_EARLY"
    },
    "result": {
        "instance_id": 15,
        "sampled_distribution": [
            [
                "0110",
                838
            ],
            [
                "1100",
                813
            ],
            [
                "0100",
                789
            ],
            [
                "1010",
                780
            ],
            [
                "1110",
                773
            ],
            [
                "0000",
                763
            ],
            [
                "1000",
                760
            ],
            [
                "0010",
                740
            ],
            [
                "1111",
                492
            ],
            [
                "0111",
                491
            ],
            [
                "1001",
                484
            ],
            [
                "0101",
                481
            ],
            [
                "1101",
                476
            ],
            [
                "0001",
                449
            ],
            [
                "0011",
                442
            ],
            [
                "1011",
                429
            ]
        ],
        "num_training_loops": 30,
        "final_training_cost": -0.0361328125,
        "optimal_params": [
            3.1411082341866945,
            1.5704920450988626,
            0.0006006179080773441,
            1.5713549041126038
        ]
    }
}