{
    "metadata": {
        "qaoaLayers": 4,
        "backend_name": "EMU:15Q:LOGICAL_EARLY"
    },
    "result": {
        "instance_id": 13,
        "sampled_distribution": [
            [
                "0011",
                655
            ],
            [
                "1111",
                652
            ],
            [
                "1001",
                643
            ],
            [
                "1100",
                639
            ],
            [
                "1011",
                639
            ],
            [
                "0111",
                634
            ],
            [
                "1110",
                629
            ],
            [
                "0000",
                627
            ],
            [
                "1101",
                618
            ],
            [
                "0100",
                617
            ],
            [
                "0101",
                616
            ],
            [
                "0001",
                614
            ],
            [
                "0110",
                612
            ],
            [
                "0010",
                609
            ],
            [
                "1010",
                607
            ],
            [
                "1000",
                589
            ]
        ],
        "num_training_loops": 57,
        "final_training_cost": 0.01416015625,
        "optimal_params": [
            4.1930045022055795,
            2.533064505340394,
            1.8042783246486036,
            0.9654649444031089,
            -0.05986882761582161,
            0.7765971889369608,
            1.5526390499466496,
            2.339755455333505
        ]
    }
}