{
    "metadata": {
        "qaoaLayers": 20,
        "backend_name": "ionq_simulator"
    },
    "result": {
        "instance_id": 70,
        "sampled_distribution": [
            [
                "1001",
                2835
            ],
            [
                "0110",
                1472
            ],
            [
                "1110",
                1262
            ],
            [
                "0011",
                869
            ],
            [
                "0101",
                827
            ],
            [
                "0001",
                594
            ],
            [
                "1000",
                504
            ],
            [
                "1010",
                445
            ],
            [
                "1100",
                407
            ],
            [
                "0111",
                355
            ],
            [
                "1011",
                199
            ],
            [
                "1101",
                186
            ],
            [
                "0100",
                25
            ],
            [
                "0010",
                20
            ]
        ],
        "num_training_loops": 328,
        "final_training_cost": -1.3154296875,
        "optimal_params": [
            4.162261106696072,
            3.0005165604649493,
            2.813654138077357,
            2.6852493426491097,
            2.420310984249738,
            2.3308250069648584,
            2.185655888911371,
            2.0698718601413773,
            1.9133605563843537,
            2.5826123815303563,
            1.5570315701468107,
            2.493107342025153,
            1.3541281953814448,
            1.1458720314311586,
            1.104860946235486,
            0.7974982914681222,
            0.6155456626312164,
            0.4354665824063627,
            0.35410759572801487,
            0.09913721008943886,
            0.9652723275003037,
            0.09270925300680133,
            0.2859389459428637,
            0.484625440977015,
            0.6800594206699397,
            0.8126130385018134,
            0.9079194543826052,
            1.151905783030544,
            1.2092445050263188,
            1.426843942833847,
            1.3782696361439162,
            2.008424346790952,
            1.9690126239189296,
            2.1734229210870315,
            2.277672239436039,
            2.3572959457211686,
            2.466368831268279,
            2.6675256191427468,
            2.7870608841472007,
            4.002436257536952
        ]
    }
}