{
    "metadata": {
        "qaoaLayers": 1,
        "backend_name": "ionq_simulator"
    },
    "result": {
        "instance_id": 14,
        "sampled_distribution": [
            [
                "0001",
                9357
            ],
            [
                "0011",
                155
            ],
            [
                "0000",
                138
            ],
            [
                "1001",
                87
            ],
            [
                "0101",
                69
            ],
            [
                "1000",
                65
            ],
            [
                "0111",
                63
            ],
            [
                "0010",
                62
            ],
            [
                "1010",
                2
            ],
            [
                "0100",
                1
            ],
            [
                "1011",
                1
            ]
        ],
        "num_training_loops": 19,
        "final_training_cost": -0.89697265625,
        "optimal_params": [
            3.1425912352367633,
            5.3241847588830773e-05
        ]
    }
}