{
    "metadata": {
        "qaoaLayers": 2,
        "backend_name": "ionq_simulator"
    },
    "result": {
        "instance_id": 56,
        "sampled_distribution": [
            [
                "1000",
                6328
            ],
            [
                "1100",
                1161
            ],
            [
                "1010",
                1088
            ],
            [
                "0000",
                384
            ],
            [
                "1110",
                310
            ],
            [
                "0100",
                171
            ],
            [
                "0010",
                158
            ],
            [
                "1001",
                142
            ],
            [
                "0001",
                91
            ],
            [
                "0110",
                57
            ],
            [
                "1101",
                33
            ],
            [
                "0011",
                24
            ],
            [
                "0101",
                23
            ],
            [
                "1011",
                18
            ],
            [
                "0111",
                7
            ],
            [
                "1111",
                5
            ]
        ],
        "num_training_loops": 34,
        "final_training_cost": -1.44775390625,
        "optimal_params": [
            4.083683532631184,
            2.56589181905879,
            0.005123902168451985,
            1.5500961732209864
        ]
    }
}