{
    "metadata": {
        "qaoaLayers": 20,
        "backend_name": "ionq_simulator"
    },
    "result": {
        "instance_id": 81,
        "sampled_distribution": [
            [
                "0001",
                2208
            ],
            [
                "1011",
                1984
            ],
            [
                "1010",
                1638
            ],
            [
                "1110",
                1381
            ],
            [
                "0110",
                690
            ],
            [
                "1100",
                687
            ],
            [
                "0101",
                447
            ],
            [
                "0100",
                260
            ],
            [
                "0010",
                139
            ],
            [
                "1000",
                131
            ],
            [
                "1101",
                120
            ],
            [
                "0111",
                114
            ],
            [
                "1111",
                76
            ],
            [
                "1001",
                58
            ],
            [
                "0011",
                55
            ],
            [
                "0000",
                12
            ]
        ],
        "num_training_loops": 81,
        "final_training_cost": -0.6181640625,
        "optimal_params": [
            4.121201192314745,
            3.004885575090405,
            2.8389062527548914,
            3.660679491459928,
            2.4967450378343408,
            2.333288874026127,
            2.1872444994202906,
            3.0273138859508615,
            1.8750465212668979,
            1.708442758478594,
            1.5412335213942154,
            1.4016469775479514,
            1.251507065838492,
            1.0802823665265227,
            0.9321174259668359,
            0.7615785279331303,
            0.6075804680893767,
            1.4580842666028857,
            0.281644736151128,
            0.1272656854914039,
            1.4703589752635362,
            0.19681618407997337,
            0.4028230800418221,
            0.6667451526722702,
            0.48705831669066657,
            0.9874404464509351,
            0.9963963526758851,
            0.9466351202850252,
            1.3073264233302175,
            2.5059001959135654,
            1.567087481830773,
            1.7243832949089002,
            1.8771190527032688,
            2.039967999771395,
            2.192291663680861,
            2.3418184936829554,
            2.5022083887165807,
            2.662328058251909,
            2.8173674884192583,
            2.982945713020182
        ]
    }
}