{
    "metadata": {
        "qaoaLayers": 2,
        "backend_name": "ionq_simulator"
    },
    "result": {
        "instance_id": 69,
        "sampled_distribution": [
            [
                "1110",
                6440
            ],
            [
                "1010",
                1172
            ],
            [
                "0110",
                1085
            ],
            [
                "1111",
                349
            ],
            [
                "0010",
                298
            ],
            [
                "0111",
                176
            ],
            [
                "1011",
                139
            ],
            [
                "1101",
                106
            ],
            [
                "1100",
                102
            ],
            [
                "0011",
                53
            ],
            [
                "0101",
                20
            ],
            [
                "1000",
                18
            ],
            [
                "1001",
                15
            ],
            [
                "0100",
                13
            ],
            [
                "0000",
                9
            ],
            [
                "0001",
                5
            ]
        ],
        "num_training_loops": 31,
        "final_training_cost": -1.53173828125,
        "optimal_params": [
            2.9723904378032073,
            1.387033200208232,
            1.0011368078747998,
            1.5693759237310303
        ]
    }
}