{
    "metadata": {
        "qaoaLayers": 1,
        "backend_name": "ionq_simulator"
    },
    "result": {
        "instance_id": 13,
        "sampled_distribution": [
            [
                "1110",
                913
            ],
            [
                "0110",
                807
            ],
            [
                "1010",
                801
            ],
            [
                "1111",
                756
            ],
            [
                "1100",
                718
            ],
            [
                "0010",
                651
            ],
            [
                "1000",
                638
            ],
            [
                "1011",
                631
            ],
            [
                "0100",
                598
            ],
            [
                "1101",
                593
            ],
            [
                "0111",
                559
            ],
            [
                "0000",
                532
            ],
            [
                "0011",
                494
            ],
            [
                "1001",
                490
            ],
            [
                "0101",
                442
            ],
            [
                "0001",
                377
            ]
        ],
        "num_training_loops": 21,
        "final_training_cost": 0.0048828125,
        "optimal_params": [
            3.9866794690035112,
            0.753702616568798
        ]
    }
}