{
    "metadata": {
        "qaoaLayers": 3,
        "backend_name": "ionq_simulator"
    },
    "result": {
        "instance_id": 61,
        "sampled_distribution": [
            [
                "1110",
                1918
            ],
            [
                "1010",
                935
            ],
            [
                "0110",
                919
            ],
            [
                "1100",
                904
            ],
            [
                "1111",
                902
            ],
            [
                "0111",
                552
            ],
            [
                "1011",
                533
            ],
            [
                "0010",
                527
            ],
            [
                "0100",
                520
            ],
            [
                "1101",
                519
            ],
            [
                "1000",
                510
            ],
            [
                "1001",
                291
            ],
            [
                "0011",
                284
            ],
            [
                "0101",
                275
            ],
            [
                "0000",
                245
            ],
            [
                "0001",
                166
            ]
        ],
        "num_training_loops": 42,
        "final_training_cost": -0.0625,
        "optimal_params": [
            3.1226323361142807,
            3.1021712269378034,
            2.1645832038689004,
            0.07151217018246846,
            1.0462968257138092,
            2.3023641675539936
        ]
    }
}