{
    "metadata": {
        "qaoaLayers": 1,
        "backend_name": "aer_simulator_from(fake_torino)"
    },
    "result": {
        "instance_id": 92,
        "sampled_distribution": [
            [
                "0111",
                680
            ],
            [
                "0011",
                675
            ],
            [
                "1010",
                650
            ],
            [
                "1101",
                643
            ],
            [
                "1000",
                638
            ],
            [
                "0100",
                633
            ],
            [
                "1001",
                625
            ],
            [
                "0001",
                625
            ],
            [
                "0000",
                622
            ],
            [
                "1111",
                619
            ],
            [
                "0010",
                617
            ],
            [
                "0110",
                606
            ],
            [
                "0101",
                606
            ],
            [
                "1110",
                602
            ],
            [
                "1100",
                585
            ],
            [
                "1011",
                574
            ]
        ],
        "num_training_loops": 27,
        "final_training_cost": 0.05859375,
        "optimal_params": [
            3.9223801675837007,
            -0.01748508482154277
        ]
    }
}