{
    "metadata": {
        "qaoaLayers": 20,
        "backend_name": "aer_simulator"
    },
    "result": {
        "instance_id": 24,
        "sampled_distribution": [
            [
                "1110",
                1919
            ],
            [
                "0011",
                1435
            ],
            [
                "0101",
                1414
            ],
            [
                "1001",
                1411
            ],
            [
                "0001",
                1007
            ],
            [
                "1000",
                670
            ],
            [
                "0100",
                652
            ],
            [
                "0010",
                598
            ],
            [
                "1100",
                231
            ],
            [
                "0110",
                230
            ],
            [
                "1010",
                210
            ],
            [
                "0111",
                55
            ],
            [
                "1111",
                51
            ],
            [
                "0000",
                41
            ],
            [
                "1011",
                40
            ],
            [
                "1101",
                36
            ]
        ],
        "num_training_loops": 287,
        "final_training_cost": -0.888671875,
        "optimal_params": [
            2.8872070667410616,
            3.1774897774605466,
            2.803556162872998,
            3.233982802669599,
            2.4239496377926883,
            2.355168645817533,
            2.2144709840360592,
            2.0487262682673486,
            3.1191143577640794,
            1.7209228355648438,
            1.5487970359464789,
            1.3633870903063312,
            1.1912317211847938,
            1.1179650243663368,
            0.9483258409980689,
            0.7598853870383048,
            0.6235418421164832,
            0.6007698888906471,
            1.3394892469764335,
            0.11661466152322063,
            -0.28084174784411214,
            0.13365691923343015,
            0.2701773298751885,
            0.4720077937684416,
            0.6160480487995794,
            0.8166636191815493,
            0.9461505710351281,
            1.1235819587351887,
            1.2346718487679467,
            1.369208834502724,
            1.5693357768567122,
            1.7372571897837537,
            1.8691693070739026,
            2.0426215759038677,
            2.0022934019615533,
            2.3540198518036544,
            2.6791630725967295,
            2.6994711901676616,
            2.811759947487354,
            2.971801578703499
        ]
    }
}