{
    "metadata": {
        "qaoaLayers": 3,
        "backend_name": "ionq_simulator"
    },
    "result": {
        "instance_id": 40,
        "sampled_distribution": [
            [
                "0001",
                4690
            ],
            [
                "1001",
                1708
            ],
            [
                "1000",
                511
            ],
            [
                "0000",
                497
            ],
            [
                "0011",
                357
            ],
            [
                "0101",
                345
            ],
            [
                "1101",
                339
            ],
            [
                "1011",
                310
            ],
            [
                "0100",
                285
            ],
            [
                "0010",
                264
            ],
            [
                "1100",
                170
            ],
            [
                "1010",
                163
            ],
            [
                "1111",
                104
            ],
            [
                "0110",
                103
            ],
            [
                "0111",
                86
            ],
            [
                "1110",
                68
            ]
        ],
        "num_training_loops": 58,
        "final_training_cost": -0.72265625,
        "optimal_params": [
            3.4772642517516124,
            1.8939741222699271,
            0.8641623073181633,
            0.0573937861104971,
            1.0760022252957449,
            3.1210655138942904
        ]
    }
}