{
    "metadata": {
        "qaoaLayers": 1,
        "backend_name": "ionq_simulator"
    },
    "result": {
        "instance_id": 45,
        "sampled_distribution": [
            [
                "0001",
                9357
            ],
            [
                "0000",
                146
            ],
            [
                "0011",
                136
            ],
            [
                "0010",
                79
            ],
            [
                "1001",
                73
            ],
            [
                "0101",
                71
            ],
            [
                "1011",
                66
            ],
            [
                "0100",
                62
            ],
            [
                "1000",
                2
            ],
            [
                "1010",
                2
            ],
            [
                "1100",
                2
            ],
            [
                "1101",
                2
            ],
            [
                "0110",
                1
            ],
            [
                "1111",
                1
            ]
        ],
        "num_training_loops": 22,
        "final_training_cost": -0.9150390625,
        "optimal_params": [
            3.140516170072458,
            0.03105686798319603
        ]
    }
}