{
    "metadata": {
        "qaoaLayers": 3,
        "backend_name": "aer_simulator_from(fake_torino)"
    },
    "result": {
        "instance_id": 24,
        "sampled_distribution": [
            [
                "0001",
                1339
            ],
            [
                "1000",
                1242
            ],
            [
                "0100",
                1224
            ],
            [
                "0010",
                1195
            ],
            [
                "0110",
                714
            ],
            [
                "1100",
                668
            ],
            [
                "1010",
                655
            ],
            [
                "0101",
                486
            ],
            [
                "0000",
                478
            ],
            [
                "1110",
                477
            ],
            [
                "0011",
                450
            ],
            [
                "1001",
                447
            ],
            [
                "1101",
                172
            ],
            [
                "0111",
                166
            ],
            [
                "1111",
                145
            ],
            [
                "1011",
                142
            ]
        ],
        "num_training_loops": 58,
        "final_training_cost": -0.32861328125,
        "optimal_params": [
            3.7163311773954026,
            2.0996728203577026,
            0.9057544788430631,
            -0.0033114936982492882,
            1.1024976598838216,
            2.6786568727084186
        ]
    }
}