{
    "metadata": {
        "qaoaLayers": 20,
        "backend_name": "aer_simulator"
    },
    "result": {
        "instance_id": 32,
        "sampled_distribution": [
            [
                "0001",
                4582
            ],
            [
                "0011",
                1187
            ],
            [
                "1001",
                1134
            ],
            [
                "1100",
                921
            ],
            [
                "0110",
                883
            ],
            [
                "1110",
                674
            ],
            [
                "1010",
                264
            ],
            [
                "0101",
                210
            ],
            [
                "1101",
                39
            ],
            [
                "0111",
                37
            ],
            [
                "0010",
                16
            ],
            [
                "1111",
                13
            ],
            [
                "1000",
                12
            ],
            [
                "0100",
                11
            ],
            [
                "1011",
                9
            ],
            [
                "0000",
                8
            ]
        ],
        "num_training_loops": 418,
        "final_training_cost": -1.849609375,
        "optimal_params": [
            3.044279628954423,
            2.9967925655874463,
            3.7333684538575076,
            3.63768533876071,
            2.5997848912834836,
            2.1957610968039085,
            2.0111019340169145,
            2.624604868881312,
            2.030034807506697,
            1.7603812099903737,
            1.4318135989592096,
            1.2449330866245034,
            1.1191643105262281,
            2.158456762942045,
            0.9696924989074246,
            0.6436206274500066,
            0.5180279109933446,
            0.2779796612561191,
            0.18409199984963628,
            0.43545573869443993,
            0.016651139859491827,
            0.1582294825231179,
            1.3803025952851542,
            0.4590999499164833,
            0.9640740166939865,
            0.9443039751988388,
            0.98051401989395,
            1.1064891608091927,
            1.381874534652168,
            1.8422080208692053,
            1.5527417253265696,
            1.5904865138048703,
            2.0063580576108593,
            1.9343940597930092,
            2.2936716946819624,
            2.461495987656573,
            2.4551708667556182,
            2.792738933749691,
            2.854539832201852,
            3.147354329661001
        ]
    }
}