{
    "metadata": {
        "qaoaLayers": 4,
        "backend_name": "ionq_simulator"
    },
    "result": {
        "instance_id": 44,
        "sampled_distribution": [
            [
                "1001",
                1012
            ],
            [
                "1000",
                899
            ],
            [
                "1011",
                898
            ],
            [
                "0001",
                813
            ],
            [
                "0011",
                792
            ],
            [
                "1010",
                781
            ],
            [
                "0000",
                749
            ],
            [
                "0010",
                710
            ],
            [
                "1101",
                556
            ],
            [
                "1100",
                498
            ],
            [
                "1111",
                457
            ],
            [
                "1110",
                453
            ],
            [
                "0111",
                382
            ],
            [
                "0100",
                358
            ],
            [
                "0110",
                331
            ],
            [
                "0101",
                311
            ]
        ],
        "num_training_loops": 59,
        "final_training_cost": -0.0400390625,
        "optimal_params": [
            3.1623769362374774,
            3.3484378359528058,
            1.568187830719852,
            0.8459674508506637,
            -0.005630353666076452,
            0.7820914407388971,
            1.574658465735067,
            2.388357698253941
        ]
    }
}