{
    "metadata": {
        "qaoaLayers": 20,
        "backend_name": "ionq_simulator"
    },
    "result": {
        "instance_id": 80,
        "sampled_distribution": [
            [
                "1010",
                2644
            ],
            [
                "1011",
                2029
            ],
            [
                "1001",
                1555
            ],
            [
                "1110",
                1186
            ],
            [
                "0111",
                755
            ],
            [
                "0010",
                549
            ],
            [
                "0100",
                479
            ],
            [
                "0101",
                410
            ],
            [
                "0011",
                150
            ],
            [
                "0001",
                110
            ],
            [
                "0110",
                73
            ],
            [
                "1101",
                60
            ]
        ],
        "num_training_loops": 297,
        "final_training_cost": -1.0078125,
        "optimal_params": [
            3.035715417463576,
            2.9536879205267383,
            2.8951137883653195,
            2.610831819207395,
            2.504646523322941,
            3.46844622159342,
            2.239129517340339,
            1.9988559493902298,
            1.9154035091560853,
            1.6760758015895296,
            1.6202341890881815,
            1.3415862210543097,
            1.2920332210797407,
            1.0432198414570142,
            1.0355745528392017,
            0.8178810051686717,
            0.4559202338210842,
            0.5059540991243809,
            0.24876014923366035,
            0.14419235299142658,
            -0.4566813773639142,
            1.1597409951570532,
            1.3668785820513034,
            0.42746951375689657,
            0.5595044819200968,
            0.7435456965674349,
            0.919805935067972,
            1.0128654920612878,
            1.1850372876392332,
            1.351912652735304,
            1.5188279412775079,
            1.6712727253067026,
            1.8340950106752254,
            1.9680430023671418,
            2.092310069359508,
            2.771818810908708,
            2.453714247725766,
            3.6220291444873993,
            2.8033855400089633,
            3.9756730039743395
        ]
    }
}