{
    "metadata": {
        "qaoaLayers": 4,
        "backend_name": "aer_simulator"
    },
    "result": {
        "instance_id": 55,
        "sampled_distribution": [
            [
                "0001",
                4883
            ],
            [
                "1001",
                1269
            ],
            [
                "0011",
                1222
            ],
            [
                "0101",
                1192
            ],
            [
                "1101",
                327
            ],
            [
                "1011",
                322
            ],
            [
                "0111",
                311
            ],
            [
                "1111",
                101
            ],
            [
                "0110",
                81
            ],
            [
                "1100",
                76
            ],
            [
                "1010",
                67
            ],
            [
                "1000",
                42
            ],
            [
                "1110",
                35
            ],
            [
                "0010",
                33
            ],
            [
                "0100",
                33
            ],
            [
                "0000",
                6
            ]
        ],
        "num_training_loops": 70,
        "final_training_cost": -0.6845703125,
        "optimal_params": [
            3.1911573429612043,
            2.875294195224661,
            1.4168182138646137,
            1.794472478668004,
            -0.49535273911495153,
            0.8456473973031141,
            2.6606065288002876,
            2.437137139377284
        ]
    }
}