{
    "metadata": {
        "qaoaLayers": 4,
        "backend_name": "aer_simulator"
    },
    "result": {
        "instance_id": 63,
        "sampled_distribution": [
            [
                "1110",
                8702
            ],
            [
                "1010",
                619
            ],
            [
                "0110",
                581
            ],
            [
                "1100",
                41
            ],
            [
                "0010",
                35
            ],
            [
                "1101",
                5
            ],
            [
                "1000",
                4
            ],
            [
                "0100",
                4
            ],
            [
                "1111",
                4
            ],
            [
                "1011",
                2
            ],
            [
                "0111",
                2
            ],
            [
                "0011",
                1
            ]
        ],
        "num_training_loops": 96,
        "final_training_cost": -1.98193359375,
        "optimal_params": [
            3.1918244123762576,
            2.08976405071669,
            1.4050290071789717,
            0.9113413204765839,
            -0.3536912901819985,
            0.4395014387405362,
            1.6180405007984573,
            1.511621987960649
        ]
    }
}