{
    "metadata": {
        "qaoaLayers": 3,
        "backend_name": "aer_simulator_from(fake_torino)"
    },
    "result": {
        "instance_id": 30,
        "sampled_distribution": [
            [
                "1110",
                8250
            ],
            [
                "1111",
                439
            ],
            [
                "1010",
                391
            ],
            [
                "0110",
                255
            ],
            [
                "1100",
                219
            ],
            [
                "1011",
                118
            ],
            [
                "1101",
                102
            ],
            [
                "0111",
                90
            ],
            [
                "0010",
                82
            ],
            [
                "0011",
                16
            ],
            [
                "1000",
                9
            ],
            [
                "1001",
                9
            ],
            [
                "0101",
                8
            ],
            [
                "0100",
                6
            ],
            [
                "0000",
                4
            ],
            [
                "0001",
                2
            ]
        ],
        "num_training_loops": 54,
        "final_training_cost": -1.5576171875,
        "optimal_params": [
            3.0942660112968357,
            2.9113865206092657,
            1.8487458233064704,
            0.9208680018064613,
            2.305874553115764,
            3.1142454879341415
        ]
    }
}