{
    "metadata": {
        "qaoaLayers": 4,
        "backend_name": "ionq_simulator"
    },
    "result": {
        "instance_id": 3,
        "sampled_distribution": [
            [
                "0111",
                2414
            ],
            [
                "0101",
                1788
            ],
            [
                "1010",
                1686
            ],
            [
                "1000",
                1263
            ],
            [
                "1101",
                293
            ],
            [
                "1111",
                282
            ],
            [
                "1110",
                251
            ],
            [
                "0100",
                241
            ],
            [
                "0011",
                240
            ],
            [
                "1100",
                237
            ],
            [
                "0110",
                234
            ],
            [
                "0001",
                230
            ],
            [
                "0000",
                227
            ],
            [
                "0010",
                219
            ],
            [
                "1011",
                202
            ],
            [
                "1001",
                193
            ]
        ],
        "num_training_loops": 60,
        "final_training_cost": -0.6181640625,
        "optimal_params": [
            3.914758026318351,
            2.321030632317926,
            1.4509333832584392,
            0.7705456977077925,
            0.032430543060056036,
            0.8398364673945649,
            1.5790026230210117,
            2.2810215615586555
        ]
    }
}