{
    "metadata": {
        "qaoaLayers": 20,
        "backend_name": "ionq_simulator"
    },
    "result": {
        "instance_id": 55,
        "sampled_distribution": [
            [
                "0001",
                1821
            ],
            [
                "0101",
                1135
            ],
            [
                "0011",
                1073
            ],
            [
                "1001",
                1065
            ],
            [
                "1110",
                978
            ],
            [
                "1101",
                725
            ],
            [
                "1011",
                685
            ],
            [
                "0111",
                683
            ],
            [
                "1100",
                597
            ],
            [
                "1010",
                591
            ],
            [
                "0110",
                517
            ],
            [
                "1000",
                42
            ],
            [
                "0010",
                40
            ],
            [
                "0100",
                37
            ],
            [
                "1111",
                11
            ]
        ],
        "num_training_loops": 240,
        "final_training_cost": -1.00390625,
        "optimal_params": [
            3.1782125020454077,
            3.0698497656473127,
            2.801429329036923,
            3.7791796081598164,
            2.616056133152029,
            2.272215084368304,
            2.1194620083914284,
            1.9871152035123076,
            2.860954488971407,
            1.595009090709608,
            1.4886311869728561,
            1.3324330272040847,
            1.1830450030495483,
            1.0992748013034215,
            0.9188440430292297,
            0.7175666341083249,
            0.516383371114475,
            0.4652847115759335,
            0.42892638465698957,
            0.15125748496667665,
            -0.4114687276373833,
            1.154884516580003,
            1.321667865103389,
            0.43285481942160137,
            1.6629660276120923,
            0.7603298207992288,
            2.0443268925809015,
            1.109749660570071,
            1.2770577916811974,
            1.4253525275525547,
            1.6442451439927026,
            1.7364468412609309,
            1.881945942897096,
            2.0332937348708846,
            3.1665756462274426,
            2.2836649833154703,
            2.5341644911063916,
            2.6224480853097,
            2.8137030895816344,
            4.001057665461937
        ]
    }
}