{
    "metadata": {
        "qaoaLayers": 2,
        "backend_name": "EMU:15Q:LOGICAL_EARLY"
    },
    "result": {
        "instance_id": 90,
        "sampled_distribution": [
            [
                "0011",
                696
            ],
            [
                "1001",
                659
            ],
            [
                "0111",
                659
            ],
            [
                "1011",
                651
            ],
            [
                "0100",
                642
            ],
            [
                "1111",
                634
            ],
            [
                "1110",
                629
            ],
            [
                "0001",
                628
            ],
            [
                "0101",
                627
            ],
            [
                "1000",
                617
            ],
            [
                "1010",
                615
            ],
            [
                "0110",
                606
            ],
            [
                "0000",
                604
            ],
            [
                "1101",
                602
            ],
            [
                "0010",
                587
            ],
            [
                "1100",
                544
            ]
        ],
        "num_training_loops": 33,
        "final_training_cost": -0.01171875,
        "optimal_params": [
            4.092474112658544,
            2.0513139684650614,
            1.0444805762755123,
            1.4481545445239412
        ]
    }
}