{
    "metadata": {
        "qaoaLayers": 4,
        "backend_name": "aer_simulator"
    },
    "result": {
        "instance_id": 42,
        "sampled_distribution": [
            [
                "1101",
                2741
            ],
            [
                "0110",
                2454
            ],
            [
                "1001",
                2424
            ],
            [
                "0010",
                2173
            ],
            [
                "1010",
                61
            ],
            [
                "1000",
                22
            ],
            [
                "0101",
                21
            ],
            [
                "0111",
                20
            ],
            [
                "0100",
                18
            ],
            [
                "0000",
                15
            ],
            [
                "0011",
                13
            ],
            [
                "1100",
                13
            ],
            [
                "1011",
                12
            ],
            [
                "1111",
                12
            ],
            [
                "1110",
                1
            ]
        ],
        "num_training_loops": 65,
        "final_training_cost": -0.97998046875,
        "optimal_params": [
            3.917773933102906,
            2.2989152454447597,
            1.4789383901163837,
            0.8049625600081004,
            1.0323719729321212,
            0.8516965289818259,
            1.644080899070443,
            2.314128935588202
        ]
    }
}