{
    "metadata": {
        "qaoaLayers": 4,
        "backend_name": "aer_simulator"
    },
    "result": {
        "instance_id": 94,
        "sampled_distribution": [
            [
                "0101",
                2762
            ],
            [
                "0111",
                2413
            ],
            [
                "0001",
                881
            ],
            [
                "1001",
                863
            ],
            [
                "0110",
                811
            ],
            [
                "0100",
                520
            ],
            [
                "1101",
                491
            ],
            [
                "1011",
                311
            ],
            [
                "0010",
                263
            ],
            [
                "1010",
                212
            ],
            [
                "1110",
                169
            ],
            [
                "0011",
                116
            ],
            [
                "1000",
                68
            ],
            [
                "1111",
                62
            ],
            [
                "0000",
                36
            ],
            [
                "1100",
                22
            ]
        ],
        "num_training_loops": 69,
        "final_training_cost": -0.81787109375,
        "optimal_params": [
            3.9892823647651516,
            2.1639203262308064,
            1.4501760340741707,
            0.6179599093722528,
            1.03978618194277,
            1.199064120079346,
            1.6675646190539652,
            2.2865466536111487
        ]
    }
}