{
    "metadata": {
        "qaoaLayers": 1,
        "backend_name": "aer_simulator_from(fake_torino)"
    },
    "result": {
        "instance_id": 63,
        "sampled_distribution": [
            [
                "0001",
                9147
            ],
            [
                "0000",
                236
            ],
            [
                "0101",
                203
            ],
            [
                "1001",
                117
            ],
            [
                "0011",
                114
            ],
            [
                "0100",
                57
            ],
            [
                "0010",
                46
            ],
            [
                "1000",
                39
            ],
            [
                "1101",
                28
            ],
            [
                "0111",
                5
            ],
            [
                "0110",
                3
            ],
            [
                "1011",
                2
            ],
            [
                "1100",
                2
            ],
            [
                "1010",
                1
            ]
        ],
        "num_training_loops": 20,
        "final_training_cost": -1.76220703125,
        "optimal_params": [
            3.1438201360984257,
            1.0001559849083688
        ]
    }
}