{
    "metadata": {
        "qaoaLayers": 1,
        "backend_name": "EMU:15Q:LOGICAL_EARLY"
    },
    "result": {
        "instance_id": 20,
        "sampled_distribution": [
            [
                "1110",
                1020
            ],
            [
                "0110",
                997
            ],
            [
                "0010",
                966
            ],
            [
                "1010",
                961
            ],
            [
                "1100",
                625
            ],
            [
                "1011",
                608
            ],
            [
                "1000",
                607
            ],
            [
                "0100",
                606
            ],
            [
                "0000",
                588
            ],
            [
                "0011",
                584
            ],
            [
                "0111",
                572
            ],
            [
                "1111",
                558
            ],
            [
                "1101",
                355
            ],
            [
                "0101",
                334
            ],
            [
                "0001",
                310
            ],
            [
                "1001",
                309
            ]
        ],
        "num_training_loops": 22,
        "final_training_cost": 0.01611328125,
        "optimal_params": [
            5.124384902109152,
            1.039405841119659
        ]
    }
}