{
    "metadata": {
        "qaoaLayers": 4,
        "backend_name": "EMU:15Q:LOGICAL_EARLY"
    },
    "result": {
        "instance_id": 95,
        "sampled_distribution": [
            [
                "0011",
                667
            ],
            [
                "1100",
                652
            ],
            [
                "0101",
                651
            ],
            [
                "1001",
                642
            ],
            [
                "1111",
                638
            ],
            [
                "1000",
                634
            ],
            [
                "1011",
                630
            ],
            [
                "0110",
                629
            ],
            [
                "0001",
                628
            ],
            [
                "0111",
                622
            ],
            [
                "1110",
                620
            ],
            [
                "0000",
                616
            ],
            [
                "1101",
                606
            ],
            [
                "0100",
                604
            ],
            [
                "0010",
                583
            ],
            [
                "1010",
                578
            ]
        ],
        "num_training_loops": 56,
        "final_training_cost": 0.0185546875,
        "optimal_params": [
            4.1417284358924915,
            2.3558326922599346,
            1.5711784343086987,
            1.7850348076641258,
            0.0003075005076228126,
            0.7848990306786937,
            2.5711355006287886,
            3.3558569950685
        ]
    }
}