{
    "metadata": {
        "qaoaLayers": 1,
        "backend_name": "ionq_simulator"
    },
    "result": {
        "instance_id": 87,
        "sampled_distribution": [
            [
                "0001",
                9110
            ],
            [
                "0000",
                229
            ],
            [
                "1001",
                146
            ],
            [
                "0011",
                139
            ],
            [
                "0100",
                82
            ],
            [
                "0101",
                76
            ],
            [
                "0010",
                71
            ],
            [
                "1000",
                69
            ],
            [
                "1011",
                67
            ],
            [
                "1010",
                5
            ],
            [
                "0110",
                2
            ],
            [
                "0111",
                2
            ],
            [
                "1100",
                1
            ],
            [
                "1101",
                1
            ]
        ],
        "num_training_loops": 20,
        "final_training_cost": -1.77001953125,
        "optimal_params": [
            3.138726593219146,
            -0.03183904608786678
        ]
    }
}