{
    "metadata": {
        "qaoaLayers": 20,
        "backend_name": "ionq_simulator"
    },
    "result": {
        "instance_id": 27,
        "sampled_distribution": [
            [
                "0011",
                4475
            ],
            [
                "1110",
                1596
            ],
            [
                "0110",
                1131
            ],
            [
                "1010",
                1096
            ],
            [
                "1101",
                596
            ],
            [
                "0001",
                455
            ],
            [
                "1001",
                226
            ],
            [
                "0101",
                225
            ],
            [
                "0010",
                179
            ],
            [
                "1100",
                21
            ]
        ],
        "num_training_loops": 346,
        "final_training_cost": -1.86572265625,
        "optimal_params": [
            4.264488290840923,
            2.9647671603487127,
            2.841773327839617,
            2.6813264548553133,
            3.500413010999791,
            2.6871337596409783,
            3.1965835086592347,
            2.0289598762200245,
            1.9534974970336791,
            1.770342000688621,
            1.61849046816923,
            1.4732959926460147,
            1.2826582618407205,
            1.0580294380870305,
            0.9785416173426017,
            0.8862006605625068,
            0.7445911847133961,
            0.46526975166109696,
            0.23319616609629684,
            0.13710018990005174,
            0.26259100864067275,
            0.15968553066524055,
            0.27116849561210354,
            0.44802056986430855,
            0.6072612224559342,
            0.8249681299737501,
            0.980151762599448,
            1.1093461802120055,
            1.4600463263882797,
            1.2836747755643425,
            1.5502211913466226,
            1.7514987746638015,
            1.9179647267708393,
            1.9078924439460827,
            2.1917626824417966,
            2.33390282038539,
            2.497005771239508,
            2.6108191581908042,
            2.871440321314009,
            2.996982981775641
        ]
    }
}