{
    "metadata": {
        "qaoaLayers": 1,
        "backend_name": "ionq_simulator"
    },
    "result": {
        "instance_id": 61,
        "sampled_distribution": [
            [
                "1110",
                3664
            ],
            [
                "1010",
                1087
            ],
            [
                "1100",
                1032
            ],
            [
                "0110",
                1029
            ],
            [
                "1111",
                1017
            ],
            [
                "0100",
                309
            ],
            [
                "1011",
                306
            ],
            [
                "1101",
                291
            ],
            [
                "0010",
                289
            ],
            [
                "1000",
                286
            ],
            [
                "0111",
                268
            ],
            [
                "1001",
                117
            ],
            [
                "0101",
                95
            ],
            [
                "0011",
                93
            ],
            [
                "0000",
                90
            ],
            [
                "0001",
                27
            ]
        ],
        "num_training_loops": 21,
        "final_training_cost": -0.05126953125,
        "optimal_params": [
            4.219491134555668,
            -0.09715344000874739
        ]
    }
}