{
    "metadata": {
        "qaoaLayers": 4,
        "backend_name": "aer_simulator_from(fake_torino)"
    },
    "result": {
        "instance_id": 28,
        "sampled_distribution": [
            [
                "1110",
                1146
            ],
            [
                "0001",
                987
            ],
            [
                "1001",
                734
            ],
            [
                "0101",
                650
            ],
            [
                "1111",
                639
            ],
            [
                "0011",
                635
            ],
            [
                "0110",
                601
            ],
            [
                "0000",
                597
            ],
            [
                "1100",
                577
            ],
            [
                "1010",
                569
            ],
            [
                "0111",
                538
            ],
            [
                "1101",
                507
            ],
            [
                "1011",
                501
            ],
            [
                "1000",
                476
            ],
            [
                "0010",
                429
            ],
            [
                "0100",
                414
            ]
        ],
        "num_training_loops": 57,
        "final_training_cost": 0.1005859375,
        "optimal_params": [
            4.142036936861717,
            2.3824509106418774,
            1.5630293555618766,
            0.7697217278809565,
            1.1220213594982338,
            0.7932344955051113,
            1.5951975978063004,
            2.3649765216656222
        ]
    }
}