{
    "metadata": {
        "qaoaLayers": 20,
        "backend_name": "ionq_simulator"
    },
    "result": {
        "instance_id": 12,
        "sampled_distribution": [
            [
                "1010",
                3407
            ],
            [
                "1100",
                3322
            ],
            [
                "1000",
                1886
            ],
            [
                "0111",
                444
            ],
            [
                "0101",
                280
            ],
            [
                "0011",
                254
            ],
            [
                "0110",
                183
            ],
            [
                "1101",
                63
            ],
            [
                "1011",
                54
            ],
            [
                "1111",
                50
            ],
            [
                "1110",
                29
            ],
            [
                "0001",
                28
            ]
        ],
        "num_training_loops": 367,
        "final_training_cost": -1.8955078125,
        "optimal_params": [
            4.220621713580678,
            4.0162780853618525,
            2.770899005910931,
            2.78972914323726,
            3.4433101178860324,
            3.1887535573862533,
            2.1481123068047157,
            2.032721285168286,
            1.9288330028086778,
            1.7159237499758475,
            1.4511812474739254,
            1.3883583965758541,
            1.2495665122158264,
            1.9576780524289272,
            1.8791036371311296,
            0.7018838406047907,
            0.6030917106595334,
            0.5499286280161608,
            0.443213137153374,
            0.06032961048326897,
            1.0037562323615625,
            -0.03659715591468246,
            0.18364285131679298,
            0.46192153482881315,
            0.6967802056726888,
            0.9735098871219456,
            0.848098895366382,
            1.0106785145604114,
            1.5385532694002724,
            1.6791020468700033,
            1.7426976173230324,
            1.536189634829976,
            1.8323995305996736,
            1.9273858177779921,
            2.111534062772862,
            2.348166122718267,
            2.5370046458456943,
            3.6089225787071175,
            2.845927896141907,
            2.985655468407376
        ]
    }
}