{
    "metadata": {
        "qaoaLayers": 4,
        "backend_name": "aer_simulator_from(fake_torino)"
    },
    "result": {
        "instance_id": 79,
        "sampled_distribution": [
            [
                "1100",
                3541
            ],
            [
                "0100",
                2658
            ],
            [
                "1110",
                1385
            ],
            [
                "0101",
                653
            ],
            [
                "0010",
                436
            ],
            [
                "1000",
                314
            ],
            [
                "1101",
                253
            ],
            [
                "1010",
                207
            ],
            [
                "0110",
                174
            ],
            [
                "0000",
                121
            ],
            [
                "0111",
                60
            ],
            [
                "1011",
                55
            ],
            [
                "1111",
                53
            ],
            [
                "0011",
                44
            ],
            [
                "0001",
                29
            ],
            [
                "1001",
                17
            ]
        ],
        "num_training_loops": 71,
        "final_training_cost": -0.810546875,
        "optimal_params": [
            3.5089023265040744,
            2.587416148567905,
            2.6986141957595793,
            1.4489706325397795,
            -0.3217142560380963,
            0.761978973533632,
            1.6138285057897626,
            2.3358475189088588
        ]
    }
}