{
    "metadata": {
        "qaoaLayers": 2,
        "backend_name": "ionq_simulator"
    },
    "result": {
        "instance_id": 71,
        "sampled_distribution": [
            [
                "0001",
                2017
            ],
            [
                "0101",
                998
            ],
            [
                "0000",
                987
            ],
            [
                "1001",
                978
            ],
            [
                "0011",
                933
            ],
            [
                "1101",
                538
            ],
            [
                "1011",
                534
            ],
            [
                "0111",
                494
            ],
            [
                "0100",
                461
            ],
            [
                "1000",
                455
            ],
            [
                "0010",
                440
            ],
            [
                "1100",
                283
            ],
            [
                "0110",
                280
            ],
            [
                "1010",
                249
            ],
            [
                "1111",
                234
            ],
            [
                "1110",
                119
            ]
        ],
        "num_training_loops": 37,
        "final_training_cost": -0.0234375,
        "optimal_params": [
            4.195169895345221,
            1.494844499791379,
            -0.6367807081311188,
            3.3363037815857592
        ]
    }
}