{
    "metadata": {
        "qaoaLayers": 2,
        "backend_name": "aer_simulator_from(fake_torino)"
    },
    "result": {
        "instance_id": 67,
        "sampled_distribution": [
            [
                "0001",
                2440
            ],
            [
                "0101",
                1056
            ],
            [
                "1001",
                1046
            ],
            [
                "0011",
                1001
            ],
            [
                "0000",
                982
            ],
            [
                "1101",
                480
            ],
            [
                "0111",
                452
            ],
            [
                "1000",
                447
            ],
            [
                "1011",
                436
            ],
            [
                "0010",
                420
            ],
            [
                "0100",
                408
            ],
            [
                "1100",
                202
            ],
            [
                "1010",
                194
            ],
            [
                "0110",
                188
            ],
            [
                "1111",
                176
            ],
            [
                "1110",
                72
            ]
        ],
        "num_training_loops": 32,
        "final_training_cost": 0.01416015625,
        "optimal_params": [
            3.142428400489124,
            2.571135221785047,
            -0.0015520524156207496,
            1.5694080263515062
        ]
    }
}