{
    "metadata": {
        "qaoaLayers": 1,
        "backend_name": "EMU:15Q:LOGICAL_EARLY"
    },
    "result": {
        "instance_id": 9,
        "sampled_distribution": [
            [
                "0001",
                1376
            ],
            [
                "1001",
                1256
            ],
            [
                "1101",
                1014
            ],
            [
                "0101",
                1007
            ],
            [
                "0011",
                965
            ],
            [
                "1011",
                938
            ],
            [
                "1111",
                780
            ],
            [
                "0111",
                743
            ],
            [
                "0000",
                376
            ],
            [
                "1000",
                296
            ],
            [
                "0010",
                241
            ],
            [
                "0100",
                230
            ],
            [
                "1010",
                219
            ],
            [
                "0110",
                198
            ],
            [
                "1100",
                182
            ],
            [
                "1110",
                179
            ]
        ],
        "num_training_loops": 19,
        "final_training_cost": -0.19482421875,
        "optimal_params": [
            3.141288883438496,
            0.0009527453464494264
        ]
    }
}