{
    "metadata": {
        "qaoaLayers": 2,
        "backend_name": "EMU:15Q:LOGICAL_EARLY"
    },
    "result": {
        "instance_id": 35,
        "sampled_distribution": [
            [
                "1111",
                696
            ],
            [
                "1011",
                661
            ],
            [
                "0010",
                654
            ],
            [
                "1001",
                641
            ],
            [
                "1100",
                640
            ],
            [
                "0011",
                638
            ],
            [
                "1101",
                635
            ],
            [
                "1000",
                629
            ],
            [
                "0110",
                628
            ],
            [
                "0101",
                625
            ],
            [
                "0001",
                620
            ],
            [
                "0111",
                614
            ],
            [
                "0100",
                603
            ],
            [
                "0000",
                580
            ],
            [
                "1010",
                572
            ],
            [
                "1110",
                564
            ]
        ],
        "num_training_loops": 33,
        "final_training_cost": -0.0234375,
        "optimal_params": [
            4.281119972747828,
            2.0484085580616442,
            1.0176670876924128,
            1.554094839590018
        ]
    }
}