{
    "metadata": {
        "qaoaLayers": 20,
        "backend_name": "aer_simulator"
    },
    "result": {
        "instance_id": 96,
        "sampled_distribution": [
            [
                "0100",
                2329
            ],
            [
                "0101",
                1334
            ],
            [
                "1110",
                1217
            ],
            [
                "0001",
                1034
            ],
            [
                "1010",
                883
            ],
            [
                "1011",
                647
            ],
            [
                "1001",
                501
            ],
            [
                "0011",
                498
            ],
            [
                "1000",
                431
            ],
            [
                "0010",
                368
            ],
            [
                "1101",
                217
            ],
            [
                "0111",
                199
            ],
            [
                "0110",
                171
            ],
            [
                "1100",
                168
            ],
            [
                "0000",
                2
            ],
            [
                "1111",
                1
            ]
        ],
        "num_training_loops": 358,
        "final_training_cost": -0.89404296875,
        "optimal_params": [
            4.146596112180371,
            3.0225664429184675,
            2.873526759899601,
            3.676769279846934,
            2.4986323024185655,
            2.3403479804688687,
            2.2078191713296396,
            2.7897376886568575,
            1.77881313098369,
            2.3012467121991915,
            2.3718071338803153,
            1.4487721636688504,
            1.1177197210732788,
            1.066641635380802,
            1.013632741537098,
            0.8416327740331737,
            0.5723191840487374,
            1.5180232821742865,
            0.19112197765691064,
            -0.08229153805756305,
            1.1231652319402776,
            0.10188144778811319,
            0.31320880289952835,
            0.4861650014817823,
            0.6441144735749972,
            0.7565023509426675,
            0.8712981476054653,
            1.1896993828699247,
            1.1403260896967833,
            1.3205719943160255,
            1.6045793380579727,
            1.6529703966612272,
            2.781293326550238,
            2.067873238859176,
            2.2378857064616047,
            2.3682510658944427,
            2.4981967637090303,
            2.455836003351569,
            2.943377826982402,
            3.946512055474599
        ]
    }
}