{
    "metadata": {
        "qaoaLayers": 3,
        "backend_name": "ionq_simulator"
    },
    "result": {
        "instance_id": 6,
        "sampled_distribution": [
            [
                "1000",
                6850
            ],
            [
                "1010",
                669
            ],
            [
                "1100",
                642
            ],
            [
                "0000",
                535
            ],
            [
                "0100",
                255
            ],
            [
                "0010",
                244
            ],
            [
                "1001",
                228
            ],
            [
                "1110",
                219
            ],
            [
                "0001",
                157
            ],
            [
                "0110",
                56
            ],
            [
                "1101",
                40
            ],
            [
                "0101",
                39
            ],
            [
                "0011",
                25
            ],
            [
                "1011",
                18
            ],
            [
                "1111",
                12
            ],
            [
                "0111",
                11
            ]
        ],
        "num_training_loops": 55,
        "final_training_cost": -1.3955078125,
        "optimal_params": [
            3.211860607415735,
            2.4822129640397748,
            0.9316561101811006,
            -0.42341680893716965,
            2.310447383831261,
            1.5890231626604034
        ]
    }
}