{
    "metadata": {
        "qaoaLayers": 2,
        "backend_name": "aer_simulator_from(fake_torino)"
    },
    "result": {
        "instance_id": 26,
        "sampled_distribution": [
            [
                "0100",
                8209
            ],
            [
                "0101",
                570
            ],
            [
                "0000",
                343
            ],
            [
                "0110",
                235
            ],
            [
                "1100",
                207
            ],
            [
                "0001",
                191
            ],
            [
                "1101",
                61
            ],
            [
                "0111",
                59
            ],
            [
                "1000",
                57
            ],
            [
                "0010",
                43
            ],
            [
                "1001",
                7
            ],
            [
                "1110",
                7
            ],
            [
                "0011",
                5
            ],
            [
                "1010",
                3
            ],
            [
                "1111",
                3
            ]
        ],
        "num_training_loops": 34,
        "final_training_cost": -0.89306640625,
        "optimal_params": [
            2.3174277607409888,
            0.8073302216129634,
            -0.3247946733707031,
            1.6065426725273586
        ]
    }
}