{
    "metadata": {
        "qaoaLayers": 3,
        "backend_name": "ionq_simulator"
    },
    "result": {
        "instance_id": 28,
        "sampled_distribution": [
            [
                "1110",
                1385
            ],
            [
                "0001",
                990
            ],
            [
                "1100",
                818
            ],
            [
                "0110",
                804
            ],
            [
                "1010",
                803
            ],
            [
                "1101",
                660
            ],
            [
                "0111",
                642
            ],
            [
                "1011",
                618
            ],
            [
                "0100",
                602
            ],
            [
                "0010",
                594
            ],
            [
                "1000",
                554
            ],
            [
                "1001",
                505
            ],
            [
                "0101",
                487
            ],
            [
                "0011",
                475
            ],
            [
                "0000",
                53
            ],
            [
                "1111",
                10
            ]
        ],
        "num_training_loops": 61,
        "final_training_cost": -0.732421875,
        "optimal_params": [
            3.560694766078624,
            1.9965194996068836,
            0.8336691668483636,
            -0.06376675045521628,
            1.0832026788451374,
            3.445772414448178
        ]
    }
}