{
    "metadata": {
        "qaoaLayers": 3,
        "backend_name": "EMU:15Q:LOGICAL_EARLY"
    },
    "result": {
        "instance_id": 80,
        "sampled_distribution": [
            [
                "0100",
                705
            ],
            [
                "0011",
                648
            ],
            [
                "1110",
                645
            ],
            [
                "0001",
                643
            ],
            [
                "0000",
                636
            ],
            [
                "1111",
                633
            ],
            [
                "0110",
                628
            ],
            [
                "1010",
                626
            ],
            [
                "1000",
                617
            ],
            [
                "0010",
                617
            ],
            [
                "1001",
                611
            ],
            [
                "1100",
                607
            ],
            [
                "0101",
                600
            ],
            [
                "1101",
                600
            ],
            [
                "0111",
                597
            ],
            [
                "1011",
                587
            ]
        ],
        "num_training_loops": 45,
        "final_training_cost": 0.04541015625,
        "optimal_params": [
            5.008484405744537,
            2.836033244461334,
            0.5339521001180877,
            -1.3520207265067588,
            1.0474345002238847,
            1.8051872600912813
        ]
    }
}