{
    "metadata": {
        "qaoaLayers": 1,
        "backend_name": "aer_simulator_from(fake_torino)"
    },
    "result": {
        "instance_id": 53,
        "sampled_distribution": [
            [
                "1110",
                774
            ],
            [
                "1100",
                710
            ],
            [
                "1111",
                703
            ],
            [
                "1010",
                685
            ],
            [
                "1011",
                669
            ],
            [
                "0110",
                664
            ],
            [
                "1000",
                636
            ],
            [
                "1101",
                632
            ],
            [
                "0010",
                617
            ],
            [
                "1001",
                609
            ],
            [
                "0100",
                605
            ],
            [
                "0111",
                576
            ],
            [
                "0101",
                539
            ],
            [
                "0011",
                537
            ],
            [
                "0000",
                528
            ],
            [
                "0001",
                516
            ]
        ],
        "num_training_loops": 22,
        "final_training_cost": 0.01025390625,
        "optimal_params": [
            3.9527957973292827,
            -0.00339434197980745
        ]
    }
}