{
    "metadata": {
        "qaoaLayers": 3,
        "backend_name": "aer_simulator_from(fake_torino)"
    },
    "result": {
        "instance_id": 82,
        "sampled_distribution": [
            [
                "0101",
                1902
            ],
            [
                "0001",
                1382
            ],
            [
                "0110",
                847
            ],
            [
                "1100",
                818
            ],
            [
                "1110",
                639
            ],
            [
                "0100",
                626
            ],
            [
                "1010",
                554
            ],
            [
                "0010",
                515
            ],
            [
                "1000",
                504
            ],
            [
                "1001",
                431
            ],
            [
                "0011",
                428
            ],
            [
                "1101",
                327
            ],
            [
                "1111",
                283
            ],
            [
                "0111",
                278
            ],
            [
                "0000",
                242
            ],
            [
                "1011",
                224
            ]
        ],
        "num_training_loops": 55,
        "final_training_cost": -0.60693359375,
        "optimal_params": [
            4.338620018187647,
            2.731486863586526,
            1.0500827655380627,
            0.22710315509056808,
            1.1199795105168708,
            2.041867214876379
        ]
    }
}