{
    "metadata": {
        "qaoaLayers": 3,
        "backend_name": "ionq_simulator"
    },
    "result": {
        "instance_id": 23,
        "sampled_distribution": [
            [
                "0001",
                1469
            ],
            [
                "1001",
                1253
            ],
            [
                "0101",
                1245
            ],
            [
                "1101",
                1043
            ],
            [
                "0011",
                613
            ],
            [
                "0000",
                555
            ],
            [
                "1011",
                542
            ],
            [
                "0100",
                532
            ],
            [
                "1000",
                519
            ],
            [
                "0111",
                496
            ],
            [
                "1111",
                462
            ],
            [
                "1100",
                439
            ],
            [
                "0110",
                229
            ],
            [
                "0010",
                218
            ],
            [
                "1110",
                195
            ],
            [
                "1010",
                190
            ]
        ],
        "num_training_loops": 48,
        "final_training_cost": 0.03076171875,
        "optimal_params": [
            4.821478852607841,
            2.778667898115882,
            1.3062935017166446,
            1.2547051485148524,
            1.484525555264319,
            3.121509093192334
        ]
    }
}