{
    "metadata": {
        "qaoaLayers": 4,
        "backend_name": "EMU:15Q:LOGICAL_EARLY"
    },
    "result": {
        "instance_id": 15,
        "sampled_distribution": [
            [
                "0011",
                663
            ],
            [
                "1101",
                652
            ],
            [
                "1011",
                647
            ],
            [
                "0001",
                642
            ],
            [
                "1100",
                628
            ],
            [
                "1111",
                628
            ],
            [
                "0111",
                626
            ],
            [
                "0000",
                625
            ],
            [
                "0110",
                625
            ],
            [
                "0010",
                623
            ],
            [
                "1000",
                623
            ],
            [
                "0101",
                621
            ],
            [
                "1010",
                611
            ],
            [
                "1110",
                606
            ],
            [
                "0100",
                596
            ],
            [
                "1001",
                584
            ]
        ],
        "num_training_loops": 58,
        "final_training_cost": 0.03466796875,
        "optimal_params": [
            3.1289169118589255,
            3.250297736522757,
            1.411099648471609,
            0.9149512517794856,
            0.19594273192876752,
            0.7695975332748514,
            1.564561873469748,
            2.3237625586446784
        ]
    }
}