{
    "metadata": {
        "qaoaLayers": 3,
        "backend_name": "EMU:15Q:LOGICAL_EARLY"
    },
    "result": {
        "instance_id": 28,
        "sampled_distribution": [
            [
                "0101",
                658
            ],
            [
                "0110",
                649
            ],
            [
                "1011",
                645
            ],
            [
                "1101",
                642
            ],
            [
                "1001",
                636
            ],
            [
                "1111",
                635
            ],
            [
                "0010",
                634
            ],
            [
                "1010",
                626
            ],
            [
                "0111",
                622
            ],
            [
                "1100",
                621
            ],
            [
                "1000",
                616
            ],
            [
                "0100",
                612
            ],
            [
                "0011",
                611
            ],
            [
                "1110",
                603
            ],
            [
                "0000",
                602
            ],
            [
                "0001",
                588
            ]
        ],
        "num_training_loops": 44,
        "final_training_cost": 0.03662109375,
        "optimal_params": [
            4.141112715277954,
            3.0928548454243048,
            1.047503147250571,
            -1.6319632518787337e-05,
            1.0480759234076276,
            2.0932296288528636
        ]
    }
}