{
    "metadata": {
        "qaoaLayers": 4,
        "backend_name": "aer_simulator_from(fake_torino)"
    },
    "result": {
        "instance_id": 7,
        "sampled_distribution": [
            [
                "1101",
                4397
            ],
            [
                "0101",
                1778
            ],
            [
                "1001",
                1662
            ],
            [
                "0011",
                463
            ],
            [
                "0001",
                380
            ],
            [
                "1111",
                321
            ],
            [
                "0111",
                214
            ],
            [
                "1011",
                198
            ],
            [
                "1100",
                136
            ],
            [
                "1110",
                136
            ],
            [
                "0110",
                56
            ],
            [
                "1010",
                56
            ],
            [
                "0100",
                56
            ],
            [
                "0010",
                55
            ],
            [
                "1000",
                47
            ],
            [
                "0000",
                45
            ]
        ],
        "num_training_loops": 86,
        "final_training_cost": -1.3359375,
        "optimal_params": [
            3.141834831485141,
            2.5463384299189338,
            1.6958831748641483,
            1.0604809636115253,
            0.27115482326006873,
            1.2086990584866846,
            2.587194109186476,
            2.0895560826989197
        ]
    }
}