{
    "metadata": {
        "qaoaLayers": 3,
        "backend_name": "ionq_simulator"
    },
    "result": {
        "instance_id": 81,
        "sampled_distribution": [
            [
                "0001",
                800
            ],
            [
                "0101",
                716
            ],
            [
                "1001",
                697
            ],
            [
                "0000",
                681
            ],
            [
                "0011",
                660
            ],
            [
                "1000",
                648
            ],
            [
                "1101",
                629
            ],
            [
                "1011",
                624
            ],
            [
                "0111",
                620
            ],
            [
                "0100",
                616
            ],
            [
                "0010",
                598
            ],
            [
                "1111",
                598
            ],
            [
                "0110",
                580
            ],
            [
                "1100",
                557
            ],
            [
                "1010",
                511
            ],
            [
                "1110",
                465
            ]
        ],
        "num_training_loops": 56,
        "final_training_cost": 0.05810546875,
        "optimal_params": [
            4.800364517672291,
            2.2344467805067763,
            0.15725138152019863,
            1.2115848932756872,
            1.2150678818019427,
            3.133474660406267
        ]
    }
}