{
    "metadata": {
        "qaoaLayers": 2,
        "backend_name": "aer_simulator_from(fake_torino)"
    },
    "result": {
        "instance_id": 28,
        "sampled_distribution": [
            [
                "0001",
                5276
            ],
            [
                "0011",
                1023
            ],
            [
                "1001",
                980
            ],
            [
                "0101",
                967
            ],
            [
                "0000",
                396
            ],
            [
                "1101",
                274
            ],
            [
                "1011",
                265
            ],
            [
                "0111",
                263
            ],
            [
                "1000",
                138
            ],
            [
                "0010",
                125
            ],
            [
                "0100",
                94
            ],
            [
                "1100",
                53
            ],
            [
                "0110",
                47
            ],
            [
                "1010",
                45
            ],
            [
                "1111",
                41
            ],
            [
                "1110",
                13
            ]
        ],
        "num_training_loops": 38,
        "final_training_cost": -0.29150390625,
        "optimal_params": [
            4.9017787727457,
            1.333134475339656,
            -0.6323346450833645,
            1.0929273713831096
        ]
    }
}