{
    "metadata": {
        "qaoaLayers": 2,
        "backend_name": "aer_simulator"
    },
    "result": {
        "instance_id": 19,
        "sampled_distribution": [
            [
                "1000",
                7550
            ],
            [
                "1100",
                1157
            ],
            [
                "1010",
                1104
            ],
            [
                "1110",
                184
            ],
            [
                "1001",
                2
            ],
            [
                "0100",
                1
            ],
            [
                "0001",
                1
            ],
            [
                "0010",
                1
            ]
        ],
        "num_training_loops": 31,
        "final_training_cost": -1.92236328125,
        "optimal_params": [
            4.105778160649816,
            2.5441905148511763,
            0.015891908082009236,
            1.5597759961482915
        ]
    }
}