{
    "metadata": {
        "qaoaLayers": 2,
        "backend_name": "aer_simulator_from(fake_torino)"
    },
    "result": {
        "instance_id": 10,
        "sampled_distribution": [
            [
                "1110",
                673
            ],
            [
                "0110",
                671
            ],
            [
                "1100",
                651
            ],
            [
                "1101",
                648
            ],
            [
                "1000",
                642
            ],
            [
                "1010",
                635
            ],
            [
                "1011",
                631
            ],
            [
                "0100",
                623
            ],
            [
                "0010",
                623
            ],
            [
                "0011",
                610
            ],
            [
                "0000",
                609
            ],
            [
                "1111",
                609
            ],
            [
                "0001",
                604
            ],
            [
                "0111",
                602
            ],
            [
                "1001",
                587
            ],
            [
                "0101",
                582
            ]
        ],
        "num_training_loops": 42,
        "final_training_cost": 0.0244140625,
        "optimal_params": [
            4.81580689128157,
            0.8811343431306364,
            1.0341674802571392,
            1.5043107590969944
        ]
    }
}