{
    "metadata": {
        "qaoaLayers": 1,
        "backend_name": "ionq_simulator"
    },
    "result": {
        "instance_id": 99,
        "sampled_distribution": [
            [
                "0001",
                914
            ],
            [
                "0011",
                746
            ],
            [
                "0000",
                730
            ],
            [
                "1001",
                713
            ],
            [
                "0101",
                705
            ],
            [
                "1101",
                639
            ],
            [
                "0010",
                621
            ],
            [
                "0111",
                619
            ],
            [
                "1011",
                617
            ],
            [
                "1000",
                604
            ],
            [
                "0100",
                595
            ],
            [
                "1010",
                537
            ],
            [
                "1100",
                526
            ],
            [
                "1111",
                516
            ],
            [
                "0110",
                505
            ],
            [
                "1110",
                413
            ]
        ],
        "num_training_loops": 23,
        "final_training_cost": 0.01904296875,
        "optimal_params": [
            3.883176921511042,
            -0.0114928773687812
        ]
    }
}