{
    "metadata": {
        "qaoaLayers": 2,
        "backend_name": "aer_simulator_from(fake_torino)"
    },
    "result": {
        "instance_id": 70,
        "sampled_distribution": [
            [
                "0111",
                2293
            ],
            [
                "0101",
                1576
            ],
            [
                "0011",
                1491
            ],
            [
                "0001",
                1157
            ],
            [
                "1001",
                535
            ],
            [
                "0000",
                427
            ],
            [
                "0100",
                425
            ],
            [
                "0110",
                398
            ],
            [
                "0010",
                384
            ],
            [
                "1101",
                326
            ],
            [
                "1111",
                303
            ],
            [
                "1011",
                298
            ],
            [
                "1000",
                145
            ],
            [
                "1110",
                88
            ],
            [
                "1010",
                78
            ],
            [
                "1100",
                76
            ]
        ],
        "num_training_loops": 39,
        "final_training_cost": -0.0205078125,
        "optimal_params": [
            5.027716800538351,
            0.9999973721212353,
            1.307183082874299,
            1.3179470932404878
        ]
    }
}