{
    "metadata": {
        "qaoaLayers": 4,
        "backend_name": "ionq_simulator"
    },
    "result": {
        "instance_id": 33,
        "sampled_distribution": [
            [
                "0111",
                9142
            ],
            [
                "0101",
                331
            ],
            [
                "0011",
                317
            ],
            [
                "1010",
                116
            ],
            [
                "1100",
                79
            ],
            [
                "0001",
                15
            ]
        ],
        "num_training_loops": 73,
        "final_training_cost": -1.00048828125,
        "optimal_params": [
            4.020925679800943,
            3.0944150412780043,
            1.510412067144048,
            0.7011964298181863,
            0.947145927594148,
            0.8154048537781129,
            1.5251206854124475,
            2.374900481496519
        ]
    }
}