{
    "metadata": {
        "qaoaLayers": 2,
        "backend_name": "aer_simulator_from(fake_torino)"
    },
    "result": {
        "instance_id": 90,
        "sampled_distribution": [
            [
                "1110",
                1927
            ],
            [
                "1100",
                1694
            ],
            [
                "1010",
                1585
            ],
            [
                "1000",
                1320
            ],
            [
                "0110",
                483
            ],
            [
                "1111",
                458
            ],
            [
                "1011",
                402
            ],
            [
                "1101",
                389
            ],
            [
                "0010",
                384
            ],
            [
                "0100",
                377
            ],
            [
                "0000",
                331
            ],
            [
                "1001",
                289
            ],
            [
                "0111",
                113
            ],
            [
                "0101",
                98
            ],
            [
                "0011",
                89
            ],
            [
                "0001",
                61
            ]
        ],
        "num_training_loops": 34,
        "final_training_cost": 0.01025390625,
        "optimal_params": [
            3.730342835249813,
            1.7184921331452112,
            -0.014309351126949607,
            1.5877627933648693
        ]
    }
}