{
    "metadata": {
        "qaoaLayers": 4,
        "backend_name": "ionq_simulator"
    },
    "result": {
        "instance_id": 40,
        "sampled_distribution": [
            [
                "1110",
                1720
            ],
            [
                "0111",
                1675
            ],
            [
                "1000",
                1624
            ],
            [
                "0001",
                1609
            ],
            [
                "0000",
                363
            ],
            [
                "1111",
                360
            ],
            [
                "1001",
                328
            ],
            [
                "0110",
                303
            ],
            [
                "1100",
                276
            ],
            [
                "0101",
                270
            ],
            [
                "1101",
                256
            ],
            [
                "0010",
                253
            ],
            [
                "1010",
                253
            ],
            [
                "1011",
                238
            ],
            [
                "0100",
                237
            ],
            [
                "0011",
                235
            ]
        ],
        "num_training_loops": 49,
        "final_training_cost": -0.505859375,
        "optimal_params": [
            3.141508624159191,
            2.3561524738175885,
            1.5708746786579084,
            0.7850380559355827,
            -0.0008629163077192681,
            0.7854085868737085,
            1.5708053295233855,
            2.3565269703096616
        ]
    }
}