{
    "metadata": {
        "qaoaLayers": 3,
        "backend_name": "ionq_simulator"
    },
    "result": {
        "instance_id": 98,
        "sampled_distribution": [
            [
                "0110",
                2416
            ],
            [
                "1110",
                1992
            ],
            [
                "1010",
                1074
            ],
            [
                "0100",
                981
            ],
            [
                "0111",
                661
            ],
            [
                "1101",
                582
            ],
            [
                "0101",
                408
            ],
            [
                "0010",
                348
            ],
            [
                "1000",
                298
            ],
            [
                "1011",
                272
            ],
            [
                "1100",
                265
            ],
            [
                "1111",
                214
            ],
            [
                "1001",
                202
            ],
            [
                "0000",
                148
            ],
            [
                "0001",
                99
            ],
            [
                "0011",
                40
            ]
        ],
        "num_training_loops": 57,
        "final_training_cost": -0.62744140625,
        "optimal_params": [
            2.721524270802997,
            1.8170101395720237,
            0.42983735641239074,
            1.0346572444457538,
            1.0134934099491115,
            1.3904598496129323
        ]
    }
}