{
    "metadata": {
        "qaoaLayers": 3,
        "backend_name": "aer_simulator_from(fake_torino)"
    },
    "result": {
        "instance_id": 57,
        "sampled_distribution": [
            [
                "1001",
                1902
            ],
            [
                "0011",
                1844
            ],
            [
                "0001",
                1255
            ],
            [
                "1101",
                940
            ],
            [
                "0100",
                903
            ],
            [
                "1000",
                900
            ],
            [
                "0010",
                437
            ],
            [
                "0101",
                381
            ],
            [
                "0110",
                379
            ],
            [
                "0111",
                252
            ],
            [
                "0000",
                222
            ],
            [
                "1110",
                213
            ],
            [
                "1100",
                115
            ],
            [
                "1011",
                107
            ],
            [
                "1111",
                97
            ],
            [
                "1010",
                53
            ]
        ],
        "num_training_loops": 60,
        "final_training_cost": -0.66015625,
        "optimal_params": [
            2.699547237378868,
            2.125498571881384,
            1.0719491892197184,
            1.3278363311706112,
            2.005725490673833,
            2.5493841998359024
        ]
    }
}