{
    "metadata": {
        "qaoaLayers": 3,
        "backend_name": "ionq_simulator"
    },
    "result": {
        "instance_id": 77,
        "sampled_distribution": [
            [
                "0011",
                2225
            ],
            [
                "1100",
                1607
            ],
            [
                "0001",
                1407
            ],
            [
                "1110",
                946
            ],
            [
                "1101",
                709
            ],
            [
                "0010",
                460
            ],
            [
                "1010",
                413
            ],
            [
                "0110",
                405
            ],
            [
                "0100",
                348
            ],
            [
                "1000",
                348
            ],
            [
                "1011",
                315
            ],
            [
                "0111",
                305
            ],
            [
                "1001",
                207
            ],
            [
                "0101",
                190
            ],
            [
                "0000",
                81
            ],
            [
                "1111",
                34
            ]
        ],
        "num_training_loops": 55,
        "final_training_cost": -0.46044921875,
        "optimal_params": [
            4.126684082418693,
            2.4018985469068586,
            1.1315368296496444,
            -0.32924826260171103,
            0.8697044070342702,
            2.3349413268175248
        ]
    }
}