{
    "metadata": {
        "qaoaLayers": 4,
        "backend_name": "aer_simulator"
    },
    "result": {
        "instance_id": 13,
        "sampled_distribution": [
            [
                "1010",
                2617
            ],
            [
                "1110",
                1213
            ],
            [
                "0001",
                848
            ],
            [
                "1001",
                826
            ],
            [
                "0011",
                724
            ],
            [
                "0101",
                719
            ],
            [
                "1100",
                592
            ],
            [
                "0110",
                578
            ],
            [
                "1000",
                555
            ],
            [
                "0010",
                507
            ],
            [
                "0100",
                347
            ],
            [
                "1011",
                306
            ],
            [
                "0000",
                119
            ],
            [
                "1111",
                42
            ],
            [
                "0111",
                4
            ],
            [
                "1101",
                3
            ]
        ],
        "num_training_loops": 76,
        "final_training_cost": -1.06884765625,
        "optimal_params": [
            4.175527398970901,
            2.544584044277639,
            1.6216275537298876,
            0.9469405320015694,
            0.9245208404456383,
            1.004716757928787,
            2.7046979929142645,
            2.5161920802773228
        ]
    }
}