{
    "metadata": {
        "qaoaLayers": 3,
        "backend_name": "aer_simulator_from(fake_torino)"
    },
    "result": {
        "instance_id": 52,
        "sampled_distribution": [
            [
                "1110",
                1674
            ],
            [
                "1101",
                1283
            ],
            [
                "0001",
                971
            ],
            [
                "0110",
                630
            ],
            [
                "0011",
                567
            ],
            [
                "1100",
                565
            ],
            [
                "0000",
                547
            ],
            [
                "1111",
                511
            ],
            [
                "1010",
                489
            ],
            [
                "1011",
                475
            ],
            [
                "0111",
                465
            ],
            [
                "0100",
                456
            ],
            [
                "1000",
                441
            ],
            [
                "0010",
                325
            ],
            [
                "0101",
                316
            ],
            [
                "1001",
                285
            ]
        ],
        "num_training_loops": 43,
        "final_training_cost": -0.00390625,
        "optimal_params": [
            4.1424131579560655,
            3.0954421408818984,
            1.045644852194521,
            0.006046138799336445,
            2.1717967350747127,
            2.0983317644197044
        ]
    }
}