{
    "metadata": {
        "qaoaLayers": 1,
        "backend_name": "aer_simulator_from(fake_torino)"
    },
    "result": {
        "instance_id": 3,
        "sampled_distribution": [
            [
                "0001",
                8907
            ],
            [
                "1001",
                389
            ],
            [
                "0011",
                281
            ],
            [
                "0101",
                166
            ],
            [
                "0000",
                128
            ],
            [
                "0111",
                31
            ],
            [
                "0010",
                31
            ],
            [
                "1011",
                31
            ],
            [
                "1000",
                26
            ],
            [
                "1101",
                3
            ],
            [
                "1111",
                2
            ],
            [
                "0100",
                2
            ],
            [
                "0110",
                2
            ],
            [
                "1010",
                1
            ]
        ],
        "num_training_loops": 25,
        "final_training_cost": -0.0205078125,
        "optimal_params": [
            3.0579939265939404,
            0.06743885227988122
        ]
    }
}