{
    "metadata": {
        "qaoaLayers": 4,
        "backend_name": "EMU:15Q:LOGICAL_EARLY"
    },
    "result": {
        "instance_id": 28,
        "sampled_distribution": [
            [
                "1000",
                671
            ],
            [
                "0011",
                656
            ],
            [
                "1101",
                642
            ],
            [
                "1100",
                637
            ],
            [
                "0110",
                637
            ],
            [
                "1010",
                636
            ],
            [
                "1001",
                631
            ],
            [
                "1110",
                624
            ],
            [
                "0010",
                623
            ],
            [
                "0001",
                619
            ],
            [
                "0000",
                616
            ],
            [
                "0100",
                611
            ],
            [
                "0101",
                610
            ],
            [
                "1011",
                604
            ],
            [
                "0111",
                597
            ],
            [
                "1111",
                586
            ]
        ],
        "num_training_loops": 57,
        "final_training_cost": -0.03076171875,
        "optimal_params": [
            4.223759416853418,
            2.2510277677747963,
            2.5795086919902066,
            0.7162692091175943,
            -0.19859471272920326,
            1.7862837672811545,
            1.5557217623158224,
            2.3390683012903724
        ]
    }
}