{
    "metadata": {
        "qaoaLayers": 1,
        "backend_name": "aer_simulator"
    },
    "result": {
        "instance_id": 95,
        "sampled_distribution": [
            [
                "1110",
                2434
            ],
            [
                "1010",
                1051
            ],
            [
                "1111",
                1051
            ],
            [
                "1100",
                1047
            ],
            [
                "0110",
                999
            ],
            [
                "1101",
                469
            ],
            [
                "0100",
                448
            ],
            [
                "0111",
                437
            ],
            [
                "0010",
                431
            ],
            [
                "1000",
                420
            ],
            [
                "1011",
                412
            ],
            [
                "0011",
                197
            ],
            [
                "1001",
                194
            ],
            [
                "0101",
                169
            ],
            [
                "0000",
                167
            ],
            [
                "0001",
                74
            ]
        ],
        "num_training_loops": 21,
        "final_training_cost": 0.01953125,
        "optimal_params": [
            2.142372258206777,
            -0.0006262720185173982
        ]
    }
}