{
    "metadata": {
        "qaoaLayers": 3,
        "backend_name": "ionq_simulator"
    },
    "result": {
        "instance_id": 34,
        "sampled_distribution": [
            [
                "0001",
                1277
            ],
            [
                "1110",
                1229
            ],
            [
                "1001",
                929
            ],
            [
                "0110",
                778
            ],
            [
                "1010",
                768
            ],
            [
                "1100",
                743
            ],
            [
                "0111",
                740
            ],
            [
                "1000",
                680
            ],
            [
                "0101",
                599
            ],
            [
                "0011",
                578
            ],
            [
                "1011",
                307
            ],
            [
                "1101",
                301
            ],
            [
                "1111",
                286
            ],
            [
                "0100",
                272
            ],
            [
                "0010",
                265
            ],
            [
                "0000",
                248
            ]
        ],
        "num_training_loops": 71,
        "final_training_cost": -0.33984375,
        "optimal_params": [
            3.864651420398808,
            2.223815086228679,
            0.9315720534768321,
            1.5144184638691658,
            1.0695357694306886,
            3.5282730217422653
        ]
    }
}