{
    "metadata": {
        "qaoaLayers": 2,
        "backend_name": "aer_simulator_from(fake_torino)"
    },
    "result": {
        "instance_id": 8,
        "sampled_distribution": [
            [
                "0011",
                894
            ],
            [
                "0001",
                865
            ],
            [
                "1011",
                819
            ],
            [
                "1001",
                805
            ],
            [
                "0000",
                659
            ],
            [
                "0101",
                655
            ],
            [
                "1000",
                613
            ],
            [
                "1101",
                611
            ],
            [
                "1111",
                600
            ],
            [
                "0010",
                596
            ],
            [
                "0111",
                575
            ],
            [
                "1010",
                564
            ],
            [
                "0110",
                455
            ],
            [
                "0100",
                444
            ],
            [
                "1100",
                430
            ],
            [
                "1110",
                415
            ]
        ],
        "num_training_loops": 38,
        "final_training_cost": 0.03125,
        "optimal_params": [
            4.77227321446914,
            0.8501261305313194,
            -0.11450688817905841,
            1.2848050261655724
        ]
    }
}