{
    "metadata": {
        "qaoaLayers": 20,
        "backend_name": "ionq_simulator"
    },
    "result": {
        "instance_id": 7,
        "sampled_distribution": [
            [
                "0110",
                3880
            ],
            [
                "1010",
                3763
            ],
            [
                "0010",
                1745
            ],
            [
                "1101",
                235
            ],
            [
                "0011",
                85
            ],
            [
                "1100",
                69
            ],
            [
                "0100",
                66
            ],
            [
                "1000",
                52
            ],
            [
                "0101",
                28
            ],
            [
                "1001",
                23
            ],
            [
                "1011",
                20
            ],
            [
                "0000",
                19
            ],
            [
                "0111",
                15
            ]
        ],
        "num_training_loops": 434,
        "final_training_cost": -1.93701171875,
        "optimal_params": [
            4.262338953738829,
            4.3056369889348565,
            2.655534167678278,
            2.684672546760518,
            3.43871512465885,
            3.2615351343045256,
            2.1380695642909937,
            2.034466209938959,
            1.8779713432735217,
            1.777533598182691,
            1.561715958316056,
            1.430120872166062,
            1.2435917553003402,
            1.9838337621776259,
            1.900184144987401,
            0.7880186574341378,
            0.6986087091525092,
            0.582669290457926,
            0.2862702491184812,
            0.18484889108949754,
            1.0043943527276562,
            0.10562583588426223,
            0.3817561507815578,
            0.45298303581905236,
            0.8616986682990162,
            1.0029652597121594,
            0.914046962496413,
            1.1290273187420765,
            1.2361268214689505,
            1.4635210779894774,
            1.4852546017856907,
            1.7496675178106051,
            1.8240777976201614,
            1.99708938213496,
            2.163941084555528,
            2.4450829327236003,
            2.444538417731376,
            3.360377647705056,
            2.866254453744124,
            2.7871780142513876
        ]
    }
}