{
    "metadata": {
        "qaoaLayers": 2,
        "backend_name": "ionq_simulator"
    },
    "result": {
        "instance_id": 61,
        "sampled_distribution": [
            [
                "1110",
                5715
            ],
            [
                "0110",
                778
            ],
            [
                "1100",
                765
            ],
            [
                "1010",
                761
            ],
            [
                "1111",
                711
            ],
            [
                "1000",
                194
            ],
            [
                "0010",
                192
            ],
            [
                "1011",
                190
            ],
            [
                "0100",
                174
            ],
            [
                "0111",
                170
            ],
            [
                "1101",
                164
            ],
            [
                "0000",
                50
            ],
            [
                "0101",
                48
            ],
            [
                "1001",
                42
            ],
            [
                "0011",
                38
            ],
            [
                "0001",
                8
            ]
        ],
        "num_training_loops": 33,
        "final_training_cost": 0.0048828125,
        "optimal_params": [
            3.3976941115530237,
            1.5560534096924952,
            0.02259147721780861,
            1.6234144427678368
        ]
    }
}