{
    "metadata": {
        "qaoaLayers": 4,
        "backend_name": "EMU:15Q:LOGICAL_EARLY"
    },
    "result": {
        "instance_id": 31,
        "sampled_distribution": [
            [
                "1011",
                648
            ],
            [
                "0001",
                645
            ],
            [
                "1001",
                641
            ],
            [
                "1100",
                636
            ],
            [
                "0000",
                636
            ],
            [
                "0010",
                631
            ],
            [
                "1110",
                631
            ],
            [
                "1000",
                630
            ],
            [
                "0100",
                629
            ],
            [
                "1111",
                624
            ],
            [
                "0101",
                623
            ],
            [
                "1101",
                616
            ],
            [
                "1010",
                614
            ],
            [
                "0110",
                603
            ],
            [
                "0111",
                597
            ],
            [
                "0011",
                596
            ]
        ],
        "num_training_loops": 59,
        "final_training_cost": 0.03076171875,
        "optimal_params": [
            2.8161389130843415,
            2.28379298092318,
            2.431344747488793,
            1.0991824840623734,
            0.30288898987206236,
            0.7087661470784424,
            2.5901841238383607,
            2.3500372773011873
        ]
    }
}