{
    "metadata": {
        "qaoaLayers": 2,
        "backend_name": "aer_simulator_from(fake_torino)"
    },
    "result": {
        "instance_id": 30,
        "sampled_distribution": [
            [
                "1110",
                8761
            ],
            [
                "1111",
                309
            ],
            [
                "0110",
                296
            ],
            [
                "1010",
                202
            ],
            [
                "1100",
                145
            ],
            [
                "1011",
                82
            ],
            [
                "1101",
                77
            ],
            [
                "0111",
                55
            ],
            [
                "0010",
                48
            ],
            [
                "0101",
                9
            ],
            [
                "0011",
                6
            ],
            [
                "0100",
                3
            ],
            [
                "0000",
                2
            ],
            [
                "1001",
                2
            ],
            [
                "1000",
                2
            ],
            [
                "0001",
                1
            ]
        ],
        "num_training_loops": 34,
        "final_training_cost": -1.6875,
        "optimal_params": [
            3.131063804361159,
            1.5817361528001161,
            0.9956031850682704,
            2.5556954136798264
        ]
    }
}