{
    "metadata": {
        "qaoaLayers": 3,
        "backend_name": "ionq_simulator"
    },
    "result": {
        "instance_id": 35,
        "sampled_distribution": [
            [
                "1110",
                3296
            ],
            [
                "1010",
                1202
            ],
            [
                "1100",
                1136
            ],
            [
                "0110",
                1126
            ],
            [
                "1000",
                428
            ],
            [
                "0010",
                418
            ],
            [
                "0100",
                401
            ],
            [
                "1111",
                380
            ],
            [
                "0000",
                318
            ],
            [
                "1101",
                248
            ],
            [
                "0111",
                240
            ],
            [
                "1011",
                238
            ],
            [
                "0101",
                168
            ],
            [
                "1001",
                162
            ],
            [
                "0011",
                134
            ],
            [
                "0001",
                105
            ]
        ],
        "num_training_loops": 49,
        "final_training_cost": -0.3720703125,
        "optimal_params": [
            2.8000804769086978,
            1.8057194026696994,
            0.21001837198587336,
            -0.0967866867714745,
            2.1527451550510386,
            2.0779171492600628
        ]
    }
}