{
    "metadata": {
        "qaoaLayers": 3,
        "backend_name": "aer_simulator"
    },
    "result": {
        "instance_id": 55,
        "sampled_distribution": [
            [
                "0001",
                1706
            ],
            [
                "1001",
                877
            ],
            [
                "0101",
                843
            ],
            [
                "0011",
                838
            ],
            [
                "1101",
                619
            ],
            [
                "1011",
                616
            ],
            [
                "0111",
                611
            ],
            [
                "1110",
                609
            ],
            [
                "0100",
                585
            ],
            [
                "0010",
                552
            ],
            [
                "1000",
                548
            ],
            [
                "1100",
                531
            ],
            [
                "0110",
                494
            ],
            [
                "1010",
                475
            ],
            [
                "0000",
                51
            ],
            [
                "1111",
                45
            ]
        ],
        "num_training_loops": 63,
        "final_training_cost": -0.73388671875,
        "optimal_params": [
            3.524938787192013,
            1.9478857951793096,
            0.9669105459971647,
            0.07398727180245375,
            1.0091674406129842,
            3.4355928096269035
        ]
    }
}