{
    "metadata": {
        "qaoaLayers": 4,
        "backend_name": "ionq_simulator"
    },
    "result": {
        "instance_id": 90,
        "sampled_distribution": [
            [
                "0001",
                2395
            ],
            [
                "0101",
                2043
            ],
            [
                "1101",
                755
            ],
            [
                "0000",
                744
            ],
            [
                "1001",
                736
            ],
            [
                "0111",
                674
            ],
            [
                "0100",
                657
            ],
            [
                "0011",
                387
            ],
            [
                "1111",
                262
            ],
            [
                "1000",
                252
            ],
            [
                "0010",
                250
            ],
            [
                "0110",
                248
            ],
            [
                "1100",
                218
            ],
            [
                "1011",
                162
            ],
            [
                "1110",
                121
            ],
            [
                "1010",
                96
            ]
        ],
        "num_training_loops": 75,
        "final_training_cost": -0.279296875,
        "optimal_params": [
            3.2576663362793297,
            3.4151338400063507,
            1.6281755861640765,
            1.0413406219280268,
            1.0595959665691523,
            1.800661579090701,
            1.6218824167406556,
            2.2690216445398783
        ]
    }
}