{
    "metadata": {
        "qaoaLayers": 3,
        "backend_name": "EMU:15Q:LOGICAL_EARLY"
    },
    "result": {
        "instance_id": 11,
        "sampled_distribution": [
            [
                "1001",
                676
            ],
            [
                "1011",
                676
            ],
            [
                "0111",
                650
            ],
            [
                "0101",
                644
            ],
            [
                "0001",
                643
            ],
            [
                "1110",
                640
            ],
            [
                "1000",
                632
            ],
            [
                "0110",
                627
            ],
            [
                "0000",
                622
            ],
            [
                "1111",
                617
            ],
            [
                "1010",
                615
            ],
            [
                "0011",
                608
            ],
            [
                "0010",
                598
            ],
            [
                "1100",
                595
            ],
            [
                "0100",
                580
            ],
            [
                "1101",
                577
            ]
        ],
        "num_training_loops": 52,
        "final_training_cost": -0.00830078125,
        "optimal_params": [
            3.497828669003697,
            2.9308429256263895,
            0.5008978480659539,
            0.06494017587137085,
            0.7986321388149223,
            1.7035769309917104
        ]
    }
}