{
    "metadata": {
        "qaoaLayers": 2,
        "backend_name": "ionq_simulator"
    },
    "result": {
        "instance_id": 71,
        "sampled_distribution": [
            [
                "0001",
                4715
            ],
            [
                "0101",
                979
            ],
            [
                "0011",
                956
            ],
            [
                "1001",
                903
            ],
            [
                "0111",
                507
            ],
            [
                "1101",
                490
            ],
            [
                "1011",
                483
            ],
            [
                "1111",
                215
            ],
            [
                "1100",
                151
            ],
            [
                "0110",
                118
            ],
            [
                "0100",
                106
            ],
            [
                "0010",
                96
            ],
            [
                "1010",
                93
            ],
            [
                "1000",
                87
            ],
            [
                "1110",
                72
            ],
            [
                "0000",
                29
            ]
        ],
        "num_training_loops": 42,
        "final_training_cost": -0.4912109375,
        "optimal_params": [
            2.8954495493662735,
            2.7296320417084994,
            -0.32620106818056077,
            2.559758147071752
        ]
    }
}