{
    "metadata": {
        "qaoaLayers": 2,
        "backend_name": "ionq_simulator"
    },
    "result": {
        "instance_id": 94,
        "sampled_distribution": [
            [
                "0001",
                2076
            ],
            [
                "0101",
                1503
            ],
            [
                "1001",
                1046
            ],
            [
                "0100",
                931
            ],
            [
                "0010",
                686
            ],
            [
                "0111",
                633
            ],
            [
                "1101",
                612
            ],
            [
                "1000",
                533
            ],
            [
                "0000",
                519
            ],
            [
                "0011",
                295
            ],
            [
                "1110",
                250
            ],
            [
                "1011",
                248
            ],
            [
                "1111",
                217
            ],
            [
                "1010",
                175
            ],
            [
                "1100",
                148
            ],
            [
                "0110",
                128
            ]
        ],
        "num_training_loops": 42,
        "final_training_cost": -0.2900390625,
        "optimal_params": [
            5.197285583638247,
            1.104018493947476,
            -0.7139442394570759,
            2.3692528848235663
        ]
    }
}