{
    "metadata": {
        "qaoaLayers": 2,
        "backend_name": "EMU:15Q:LOGICAL_EARLY"
    },
    "result": {
        "instance_id": 30,
        "sampled_distribution": [
            [
                "1110",
                1034
            ],
            [
                "0110",
                966
            ],
            [
                "1010",
                919
            ],
            [
                "0010",
                883
            ],
            [
                "1100",
                735
            ],
            [
                "0100",
                697
            ],
            [
                "1000",
                684
            ],
            [
                "0000",
                608
            ],
            [
                "1111",
                569
            ],
            [
                "0111",
                521
            ],
            [
                "1011",
                472
            ],
            [
                "0011",
                436
            ],
            [
                "1101",
                399
            ],
            [
                "0101",
                383
            ],
            [
                "1001",
                379
            ],
            [
                "0001",
                315
            ]
        ],
        "num_training_loops": 30,
        "final_training_cost": -0.11767578125,
        "optimal_params": [
            3.142389274834992,
            1.5708306963623002,
            0.0006004612917151849,
            1.5707358324837115
        ]
    }
}