{
    "metadata": {
        "qaoaLayers": 3,
        "backend_name": "ionq_simulator"
    },
    "result": {
        "instance_id": 58,
        "sampled_distribution": [
            [
                "0100",
                1770
            ],
            [
                "1100",
                1477
            ],
            [
                "0110",
                1437
            ],
            [
                "1110",
                1269
            ],
            [
                "1010",
                477
            ],
            [
                "0101",
                463
            ],
            [
                "1000",
                442
            ],
            [
                "1101",
                442
            ],
            [
                "0111",
                436
            ],
            [
                "0010",
                425
            ],
            [
                "0000",
                421
            ],
            [
                "1111",
                398
            ],
            [
                "0001",
                151
            ],
            [
                "0011",
                147
            ],
            [
                "1001",
                126
            ],
            [
                "1011",
                119
            ]
        ],
        "num_training_loops": 66,
        "final_training_cost": -0.005859375,
        "optimal_params": [
            2.8912826368489934,
            3.1572833459224245,
            2.158369222078598,
            0.09174749240221959,
            2.015811110993537,
            2.878802440887947
        ]
    }
}