{
    "metadata": {
        "qaoaLayers": 20,
        "backend_name": "aer_simulator"
    },
    "result": {
        "instance_id": 88,
        "sampled_distribution": [
            [
                "0011",
                1858
            ],
            [
                "1101",
                1373
            ],
            [
                "1100",
                1288
            ],
            [
                "1000",
                809
            ],
            [
                "0100",
                782
            ],
            [
                "1010",
                704
            ],
            [
                "0110",
                684
            ],
            [
                "1001",
                530
            ],
            [
                "0101",
                505
            ],
            [
                "1110",
                485
            ],
            [
                "0010",
                454
            ],
            [
                "0001",
                453
            ],
            [
                "0111",
                33
            ],
            [
                "1011",
                31
            ],
            [
                "0000",
                11
            ]
        ],
        "num_training_loops": 304,
        "final_training_cost": -1.04736328125,
        "optimal_params": [
            4.008708585164775,
            3.363209895836892,
            2.6897643273908685,
            2.5804841012881186,
            2.3920017726027467,
            2.2306920328280615,
            2.0409421427690426,
            1.9373605158778568,
            1.8167034666604243,
            2.642200511102598,
            1.5409273618483967,
            2.420796816131141,
            1.3013705882121365,
            1.1185270338706912,
            1.016457827094823,
            0.7901127523362034,
            0.6171113905703124,
            0.4812823324730584,
            0.26654617646315415,
            0.14282465274713513,
            -0.005733019388910116,
            0.16912241485476717,
            0.29307462537418594,
            0.42984261800125784,
            0.6771328234372554,
            0.8360758220829391,
            1.0518456500582725,
            1.0599518131880779,
            1.2470375917722156,
            1.39544967836719,
            1.313892468753,
            1.723646912116664,
            1.88860653943698,
            2.0111075429731353,
            2.273342914899163,
            2.29861440333061,
            2.6652900678998783,
            2.611342272316486,
            2.834873361049749,
            3.9761899417541384
        ]
    }
}