{
    "metadata": {
        "qaoaLayers": 3,
        "backend_name": "ionq_simulator"
    },
    "result": {
        "instance_id": 48,
        "sampled_distribution": [
            [
                "0001",
                3968
            ],
            [
                "0101",
                1922
            ],
            [
                "0100",
                702
            ],
            [
                "0000",
                608
            ],
            [
                "1001",
                422
            ],
            [
                "0011",
                370
            ],
            [
                "1101",
                321
            ],
            [
                "0111",
                319
            ],
            [
                "1000",
                263
            ],
            [
                "0010",
                237
            ],
            [
                "0110",
                201
            ],
            [
                "1100",
                189
            ],
            [
                "1110",
                138
            ],
            [
                "1011",
                134
            ],
            [
                "1010",
                103
            ],
            [
                "1111",
                103
            ]
        ],
        "num_training_loops": 56,
        "final_training_cost": -0.689453125,
        "optimal_params": [
            3.4905491226836816,
            1.8337266517094954,
            0.8768779338604723,
            1.3154608707456845,
            1.1792931872239336,
            3.032810390686349
        ]
    }
}