{
    "metadata": {
        "qaoaLayers": 3,
        "backend_name": "aer_simulator"
    },
    "result": {
        "instance_id": 88,
        "sampled_distribution": [
            [
                "0001",
                924
            ],
            [
                "1001",
                763
            ],
            [
                "0011",
                759
            ],
            [
                "0000",
                719
            ],
            [
                "0101",
                685
            ],
            [
                "1011",
                636
            ],
            [
                "0111",
                631
            ],
            [
                "0010",
                628
            ],
            [
                "1101",
                601
            ],
            [
                "1000",
                583
            ],
            [
                "0100",
                561
            ],
            [
                "1111",
                543
            ],
            [
                "0110",
                527
            ],
            [
                "1010",
                496
            ],
            [
                "1100",
                488
            ],
            [
                "1110",
                456
            ]
        ],
        "num_training_loops": 43,
        "final_training_cost": 0.02685546875,
        "optimal_params": [
            3.127298369417661,
            3.0779757438418294,
            0.7964249281483727,
            0.05131865051091643,
            1.0153782436001546,
            3.0944980558483715
        ]
    }
}