{
    "metadata": {
        "qaoaLayers": 3,
        "backend_name": "EMU:15Q:LOGICAL_EARLY"
    },
    "result": {
        "instance_id": 62,
        "sampled_distribution": [
            [
                "1001",
                680
            ],
            [
                "0101",
                676
            ],
            [
                "0100",
                653
            ],
            [
                "1111",
                644
            ],
            [
                "0011",
                637
            ],
            [
                "1110",
                633
            ],
            [
                "0010",
                629
            ],
            [
                "1000",
                621
            ],
            [
                "1011",
                618
            ],
            [
                "1100",
                616
            ],
            [
                "0001",
                614
            ],
            [
                "0111",
                609
            ],
            [
                "1101",
                607
            ],
            [
                "0110",
                601
            ],
            [
                "1010",
                584
            ],
            [
                "0000",
                578
            ]
        ],
        "num_training_loops": 44,
        "final_training_cost": -0.04248046875,
        "optimal_params": [
            3.1301584002136984,
            2.0908247898142474,
            1.0421823293992627,
            0.00663551006531971,
            1.0521161503456538,
            2.0921000729894517
        ]
    }
}