{
    "metadata": {
        "qaoaLayers": 1,
        "backend_name": "ionq_simulator"
    },
    "result": {
        "instance_id": 57,
        "sampled_distribution": [
            [
                "0001",
                866
            ],
            [
                "0101",
                760
            ],
            [
                "0011",
                727
            ],
            [
                "1001",
                701
            ],
            [
                "0000",
                653
            ],
            [
                "0100",
                649
            ],
            [
                "1011",
                630
            ],
            [
                "0010",
                611
            ],
            [
                "0111",
                609
            ],
            [
                "1101",
                594
            ],
            [
                "1000",
                590
            ],
            [
                "1100",
                561
            ],
            [
                "0110",
                540
            ],
            [
                "1010",
                534
            ],
            [
                "1111",
                490
            ],
            [
                "1110",
                485
            ]
        ],
        "num_training_loops": 21,
        "final_training_cost": -0.02392578125,
        "optimal_params": [
            3.8912949931218757,
            -0.12833314273466914
        ]
    }
}