{
    "metadata": {
        "qaoaLayers": 20,
        "backend_name": "aer_simulator"
    },
    "result": {
        "instance_id": 56,
        "sampled_distribution": [
            [
                "0111",
                6255
            ],
            [
                "1000",
                1251
            ],
            [
                "1010",
                811
            ],
            [
                "1100",
                763
            ],
            [
                "0110",
                177
            ],
            [
                "1001",
                132
            ],
            [
                "0100",
                127
            ],
            [
                "0010",
                117
            ],
            [
                "0000",
                105
            ],
            [
                "0011",
                73
            ],
            [
                "0101",
                66
            ],
            [
                "1011",
                41
            ],
            [
                "1101",
                31
            ],
            [
                "0001",
                23
            ],
            [
                "1111",
                16
            ],
            [
                "1110",
                12
            ]
        ],
        "num_training_loops": 308,
        "final_training_cost": -1.81689453125,
        "optimal_params": [
            4.56908606786003,
            3.7388723119837612,
            2.944518919698311,
            2.726372998712372,
            3.5212628357990723,
            3.3739420202912647,
            2.1996770014272773,
            2.012225967141577,
            1.9045331198626514,
            2.9623464481950674,
            1.6064550623822331,
            1.4103010871732253,
            1.2851487832576323,
            0.9221296304531749,
            1.015600769776622,
            0.8708402856532511,
            1.658815346767116,
            0.5692527076560233,
            0.5807689805828928,
            -0.029247139398190302,
            1.060374840280496,
            0.15349668407757522,
            0.2788373899761245,
            0.14515201491478863,
            0.4774920571713627,
            0.7463148595135749,
            1.1352870906454868,
            1.10790691036198,
            1.179408537557611,
            1.4203756202437112,
            1.6047261831325583,
            1.7651358097489351,
            1.8913539812155409,
            1.996265098654412,
            2.2007130482013406,
            2.299014887972406,
            2.5009812278147754,
            2.7055925758927777,
            2.868018794080843,
            2.91016061283103
        ]
    }
}