{
    "metadata": {
        "qaoaLayers": 20,
        "backend_name": "ionq_simulator"
    },
    "result": {
        "instance_id": 60,
        "sampled_distribution": [
            [
                "1000",
                1983
            ],
            [
                "1001",
                1572
            ],
            [
                "1110",
                1442
            ],
            [
                "0001",
                1163
            ],
            [
                "0111",
                995
            ],
            [
                "0110",
                680
            ],
            [
                "0011",
                519
            ],
            [
                "0101",
                498
            ],
            [
                "1011",
                302
            ],
            [
                "1101",
                280
            ],
            [
                "0100",
                199
            ],
            [
                "0010",
                187
            ],
            [
                "1010",
                80
            ],
            [
                "1100",
                77
            ],
            [
                "1111",
                23
            ]
        ],
        "num_training_loops": 352,
        "final_training_cost": -0.880859375,
        "optimal_params": [
            4.141903086042835,
            3.018258369381722,
            2.8547541591795027,
            3.985730312141116,
            2.4982324936707037,
            2.3850534005027253,
            2.2325767249172888,
            3.146060716883369,
            1.906894174250969,
            1.733977064561077,
            1.5453551000063313,
            1.4209850757947369,
            1.2339257443551177,
            1.0995191058510596,
            0.915726904895986,
            0.9251906418018436,
            0.5895249541355932,
            1.311163646063321,
            0.4640662967133683,
            0.052836704084442555,
            -0.003228417036617341,
            0.11517907944237687,
            0.2890420005711816,
            0.43571282405608897,
            0.6365688315272684,
            0.7604730820332989,
            0.8230843901797138,
            1.0451136330971338,
            1.2818110118620223,
            2.401058306259976,
            1.3823568962977808,
            1.678824481235741,
            1.9249779319572906,
            1.7540152148738155,
            2.2879489139343403,
            2.345192741104641,
            2.4956679037228606,
            2.714299280846317,
            2.783492121766073,
            2.7508646610485763
        ]
    }
}