{
    "metadata": {
        "qaoaLayers": 4,
        "backend_name": "EMU:15Q:LOGICAL_EARLY"
    },
    "result": {
        "instance_id": 41,
        "sampled_distribution": [
            [
                "1101",
                666
            ],
            [
                "0000",
                665
            ],
            [
                "1111",
                662
            ],
            [
                "1011",
                660
            ],
            [
                "0001",
                635
            ],
            [
                "1010",
                634
            ],
            [
                "0011",
                625
            ],
            [
                "0101",
                622
            ],
            [
                "1110",
                613
            ],
            [
                "1000",
                612
            ],
            [
                "1100",
                611
            ],
            [
                "0111",
                608
            ],
            [
                "1001",
                606
            ],
            [
                "0110",
                599
            ],
            [
                "0010",
                599
            ],
            [
                "0100",
                583
            ]
        ],
        "num_training_loops": 54,
        "final_training_cost": -0.0048828125,
        "optimal_params": [
            4.141507311495656,
            2.355894882315661,
            1.5703643770547082,
            0.7851612534182675,
            -0.0004347062276009633,
            0.7847122583879835,
            2.570813650396142,
            3.3561719150416485
        ]
    }
}