{
    "metadata": {
        "qaoaLayers": 20,
        "backend_name": "ionq_simulator"
    },
    "result": {
        "instance_id": 26,
        "sampled_distribution": [
            [
                "1110",
                4884
            ],
            [
                "0101",
                3672
            ],
            [
                "1011",
                977
            ],
            [
                "1100",
                136
            ],
            [
                "0110",
                125
            ],
            [
                "0100",
                53
            ],
            [
                "1010",
                51
            ],
            [
                "0001",
                44
            ],
            [
                "0000",
                27
            ],
            [
                "0011",
                19
            ],
            [
                "1001",
                12
            ]
        ],
        "num_training_loops": 296,
        "final_training_cost": -1.74462890625,
        "optimal_params": [
            4.383511085000749,
            2.970729749161615,
            2.8349962228627343,
            2.654708225730893,
            3.4495456874516366,
            2.4112918258764586,
            3.140202769576902,
            2.056207498573775,
            1.8895600887630386,
            1.7704098816180125,
            1.5404923101282342,
            1.4034199554827662,
            1.2847156423168515,
            1.0548945770612541,
            0.9758769505448122,
            0.8361195793634799,
            0.6102094148032364,
            0.4433025145154461,
            0.41503744680475085,
            0.1267431869775293,
            -0.05409332909887873,
            0.1261369390852283,
            0.2352053784122144,
            0.4880061761765865,
            0.6873541113938051,
            0.7744534488837609,
            0.9449129459401325,
            1.1172256431963294,
            1.273782733320093,
            1.432273140439535,
            1.690213083217728,
            1.6291904259975203,
            1.8603418578578241,
            2.0062656123448455,
            2.246843717777262,
            2.414430739866557,
            2.397604070095747,
            2.6496079325029505,
            2.825318735529352,
            2.982149396829367
        ]
    }
}