{
    "metadata": {
        "qaoaLayers": 2,
        "backend_name": "aer_simulator_from(fake_torino)"
    },
    "result": {
        "instance_id": 44,
        "sampled_distribution": [
            [
                "1001",
                2296
            ],
            [
                "1101",
                2295
            ],
            [
                "0101",
                2282
            ],
            [
                "0001",
                2156
            ],
            [
                "1011",
                137
            ],
            [
                "0111",
                129
            ],
            [
                "0011",
                121
            ],
            [
                "1000",
                118
            ],
            [
                "0100",
                116
            ],
            [
                "1111",
                115
            ],
            [
                "1100",
                111
            ],
            [
                "0000",
                107
            ],
            [
                "0110",
                6
            ],
            [
                "0010",
                5
            ],
            [
                "1010",
                5
            ],
            [
                "1110",
                1
            ]
        ],
        "num_training_loops": 43,
        "final_training_cost": -0.03076171875,
        "optimal_params": [
            4.222031747664614,
            1.2684980090149702,
            1.2314170673581224,
            1.6095153629375596
        ]
    }
}