{
    "metadata": {
        "qaoaLayers": 1,
        "backend_name": "ionq_simulator"
    },
    "result": {
        "instance_id": 88,
        "sampled_distribution": [
            [
                "0001",
                891
            ],
            [
                "0011",
                758
            ],
            [
                "0000",
                752
            ],
            [
                "1001",
                716
            ],
            [
                "0101",
                703
            ],
            [
                "0111",
                650
            ],
            [
                "1000",
                634
            ],
            [
                "0010",
                621
            ],
            [
                "1011",
                619
            ],
            [
                "1101",
                607
            ],
            [
                "0100",
                594
            ],
            [
                "0110",
                541
            ],
            [
                "1111",
                528
            ],
            [
                "1010",
                496
            ],
            [
                "1100",
                492
            ],
            [
                "1110",
                398
            ]
        ],
        "num_training_loops": 25,
        "final_training_cost": -0.0087890625,
        "optimal_params": [
            3.8771741807946616,
            1.1549667169260829
        ]
    }
}