{
    "metadata": {
        "qaoaLayers": 20,
        "backend_name": "ionq_simulator"
    },
    "result": {
        "instance_id": 69,
        "sampled_distribution": [
            [
                "0110",
                1916
            ],
            [
                "1010",
                1916
            ],
            [
                "1001",
                1595
            ],
            [
                "0101",
                1522
            ],
            [
                "0001",
                1356
            ],
            [
                "1110",
                766
            ],
            [
                "0100",
                276
            ],
            [
                "1000",
                253
            ],
            [
                "1011",
                129
            ],
            [
                "0111",
                125
            ],
            [
                "0010",
                65
            ],
            [
                "1100",
                56
            ],
            [
                "0011",
                25
            ]
        ],
        "num_training_loops": 344,
        "final_training_cost": -1.814453125,
        "optimal_params": [
            3.1658838779888265,
            3.0016496838251303,
            3.980215304548082,
            3.640124399792022,
            2.4064141712703786,
            2.307402687612252,
            2.3674608544759925,
            2.1721819766150157,
            2.4574569842028886,
            1.5267678447074962,
            1.3945328268664112,
            1.157995525208179,
            1.1486307199753927,
            1.8522413378544094,
            1.024602021968866,
            0.7232278494301987,
            0.660329109307791,
            0.6223417503802544,
            0.2928130642400025,
            0.17466057104036686,
            0.8432057268053511,
            0.05099540392393925,
            1.290915552026146,
            0.4436064078920533,
            0.5964609437826436,
            0.9727341284389962,
            1.1500408579954409,
            1.0744420054699164,
            1.2327232626587088,
            1.5561556749113576,
            1.3886808114989782,
            1.7069220680923598,
            1.5479900494594734,
            2.0396573568324756,
            2.2888617559803213,
            2.3754992534776482,
            2.511868326963049,
            2.6488375917857585,
            2.9886874898935485,
            2.9767634871872244
        ]
    }
}