{
    "metadata": {
        "qaoaLayers": 1,
        "backend_name": "ionq_simulator"
    },
    "result": {
        "instance_id": 12,
        "sampled_distribution": [
            [
                "0001",
                1169
            ],
            [
                "0101",
                850
            ],
            [
                "0011",
                845
            ],
            [
                "0000",
                835
            ],
            [
                "1001",
                801
            ],
            [
                "1011",
                618
            ],
            [
                "1101",
                610
            ],
            [
                "0010",
                594
            ],
            [
                "0111",
                566
            ],
            [
                "1000",
                552
            ],
            [
                "0100",
                551
            ],
            [
                "0110",
                450
            ],
            [
                "1010",
                449
            ],
            [
                "1100",
                408
            ],
            [
                "1111",
                403
            ],
            [
                "1110",
                299
            ]
        ],
        "num_training_loops": 23,
        "final_training_cost": 0.08447265625,
        "optimal_params": [
            3.842077928991946,
            -0.16824247960690664
        ]
    }
}