{
    "metadata": {
        "qaoaLayers": 1,
        "backend_name": "aer_simulator_from(fake_torino)"
    },
    "result": {
        "instance_id": 58,
        "sampled_distribution": [
            [
                "1010",
                672
            ],
            [
                "0011",
                663
            ],
            [
                "1101",
                659
            ],
            [
                "1001",
                656
            ],
            [
                "0001",
                650
            ],
            [
                "0101",
                649
            ],
            [
                "1100",
                641
            ],
            [
                "0000",
                622
            ],
            [
                "0111",
                618
            ],
            [
                "0100",
                609
            ],
            [
                "1111",
                608
            ],
            [
                "0110",
                603
            ],
            [
                "1000",
                595
            ],
            [
                "1011",
                590
            ],
            [
                "1110",
                588
            ],
            [
                "0010",
                577
            ]
        ],
        "num_training_loops": 23,
        "final_training_cost": 0.03173828125,
        "optimal_params": [
            3.924628566225983,
            0.9470547626541157
        ]
    }
}