{
    "metadata": {
        "qaoaLayers": 1,
        "backend_name": "aer_simulator"
    },
    "result": {
        "instance_id": 25,
        "sampled_distribution": [
            [
                "0001",
                1004
            ],
            [
                "0000",
                810
            ],
            [
                "0011",
                735
            ],
            [
                "0101",
                723
            ],
            [
                "1001",
                714
            ],
            [
                "0111",
                637
            ],
            [
                "0100",
                632
            ],
            [
                "1101",
                627
            ],
            [
                "1011",
                619
            ],
            [
                "0010",
                615
            ],
            [
                "1000",
                589
            ],
            [
                "1010",
                505
            ],
            [
                "0110",
                474
            ],
            [
                "1111",
                470
            ],
            [
                "1110",
                423
            ],
            [
                "1100",
                423
            ]
        ],
        "num_training_loops": 26,
        "final_training_cost": -0.0087890625,
        "optimal_params": [
            3.8676436661158182,
            1.0533418756804867
        ]
    }
}