{
    "metadata": {
        "qaoaLayers": 4,
        "backend_name": "ionq_simulator"
    },
    "result": {
        "instance_id": 68,
        "sampled_distribution": [
            [
                "1101",
                2881
            ],
            [
                "1001",
                2465
            ],
            [
                "0110",
                2303
            ],
            [
                "0010",
                1798
            ],
            [
                "0101",
                158
            ],
            [
                "1011",
                89
            ],
            [
                "1100",
                51
            ],
            [
                "0111",
                39
            ],
            [
                "1000",
                37
            ],
            [
                "0011",
                33
            ],
            [
                "0100",
                33
            ],
            [
                "0000",
                32
            ],
            [
                "1111",
                32
            ],
            [
                "1110",
                26
            ],
            [
                "1010",
                15
            ],
            [
                "0001",
                8
            ]
        ],
        "num_training_loops": 61,
        "final_training_cost": -0.97314453125,
        "optimal_params": [
            4.039775310081129,
            2.3717917160476953,
            1.5354236831530796,
            0.7491799796096882,
            1.0235239049878055,
            0.8164255752180363,
            1.6086028518227407,
            2.383019167872944
        ]
    }
}