{
    "metadata": {
        "qaoaLayers": 2,
        "backend_name": "EMU:15Q:LOGICAL_EARLY"
    },
    "result": {
        "instance_id": 2,
        "sampled_distribution": [
            [
                "0001",
                688
            ],
            [
                "1001",
                676
            ],
            [
                "0111",
                655
            ],
            [
                "1011",
                653
            ],
            [
                "1101",
                646
            ],
            [
                "0011",
                643
            ],
            [
                "1111",
                640
            ],
            [
                "0101",
                627
            ],
            [
                "1010",
                620
            ],
            [
                "0010",
                611
            ],
            [
                "0100",
                604
            ],
            [
                "1110",
                601
            ],
            [
                "1100",
                594
            ],
            [
                "1000",
                584
            ],
            [
                "0000",
                582
            ],
            [
                "0110",
                576
            ]
        ],
        "num_training_loops": 31,
        "final_training_cost": -0.0078125,
        "optimal_params": [
            4.425158173387398,
            1.4654191388463491,
            -0.9468108272172749,
            2.683105425567921
        ]
    }
}