{
    "metadata": {
        "qaoaLayers": 2,
        "backend_name": "EMU:15Q:LOGICAL_EARLY"
    },
    "result": {
        "instance_id": 93,
        "sampled_distribution": [
            [
                "0111",
                717
            ],
            [
                "1101",
                709
            ],
            [
                "1001",
                705
            ],
            [
                "0101",
                704
            ],
            [
                "1011",
                699
            ],
            [
                "0011",
                689
            ],
            [
                "0001",
                674
            ],
            [
                "1111",
                673
            ],
            [
                "0000",
                590
            ],
            [
                "0110",
                578
            ],
            [
                "1000",
                556
            ],
            [
                "0100",
                551
            ],
            [
                "1010",
                551
            ],
            [
                "1110",
                543
            ],
            [
                "1100",
                537
            ],
            [
                "0010",
                524
            ]
        ],
        "num_training_loops": 32,
        "final_training_cost": 0.02392578125,
        "optimal_params": [
            5.096140425099529,
            1.5761673587397405,
            -0.07308826530218523,
            2.820442280880543
        ]
    }
}