{
    "metadata": {
        "qaoaLayers": 20,
        "backend_name": "aer_simulator"
    },
    "result": {
        "instance_id": 52,
        "sampled_distribution": [
            [
                "0001",
                2529
            ],
            [
                "0000",
                1438
            ],
            [
                "0011",
                1431
            ],
            [
                "0010",
                1083
            ],
            [
                "1001",
                639
            ],
            [
                "0101",
                637
            ],
            [
                "1000",
                341
            ],
            [
                "0111",
                311
            ],
            [
                "1110",
                310
            ],
            [
                "0100",
                308
            ],
            [
                "1011",
                285
            ],
            [
                "1111",
                187
            ],
            [
                "1100",
                172
            ],
            [
                "1010",
                171
            ],
            [
                "0110",
                157
            ],
            [
                "1101",
                1
            ]
        ],
        "num_training_loops": 216,
        "final_training_cost": -0.0400390625,
        "optimal_params": [
            3.1416617684146817,
            2.9845621446173567,
            2.827424850491952,
            2.6703402325618213,
            2.5133132889945946,
            3.356353184944628,
            2.1991782997853773,
            2.0420804864868463,
            2.884850159802822,
            1.7279232258137176,
            1.570617497378164,
            1.4138025731039419,
            1.256719807640003,
            1.0994401167505548,
            0.9424230274178037,
            0.7853988090904547,
            0.6281405394774076,
            0.4712789258621498,
            0.3141291595482872,
            0.1569692966003871,
            0.00011238194042219568,
            1.1571388355436962,
            0.3148647409594022,
            0.4714043649676532,
            0.6283807025291547,
            0.78519543860118,
            0.9424699640408034,
            1.0995176916411191,
            1.2566888426165885,
            1.4138583544452221,
            1.5709359792830735,
            1.7278156574737338,
            1.8849718435101752,
            2.041806130420475,
            2.198736113798848,
            2.35622110899977,
            2.5132695327722634,
            2.6703737813093613,
            2.8273668770998004,
            2.9844725937211245
        ]
    }
}