{
    "metadata": {
        "qaoaLayers": 1,
        "backend_name": "EMU:15Q:LOGICAL_EARLY"
    },
    "result": {
        "instance_id": 68,
        "sampled_distribution": [
            [
                "1000",
                719
            ],
            [
                "1010",
                675
            ],
            [
                "1111",
                655
            ],
            [
                "0000",
                647
            ],
            [
                "0010",
                640
            ],
            [
                "1100",
                639
            ],
            [
                "1110",
                636
            ],
            [
                "0100",
                633
            ],
            [
                "1011",
                627
            ],
            [
                "1001",
                623
            ],
            [
                "0110",
                622
            ],
            [
                "1101",
                586
            ],
            [
                "0111",
                579
            ],
            [
                "0001",
                578
            ],
            [
                "0101",
                575
            ],
            [
                "0011",
                566
            ]
        ],
        "num_training_loops": 22,
        "final_training_cost": 0.0576171875,
        "optimal_params": [
            2.260818639066531,
            1.2747956784821786
        ]
    }
}