{
    "metadata": {
        "qaoaLayers": 20,
        "backend_name": "ionq_simulator"
    },
    "result": {
        "instance_id": 39,
        "sampled_distribution": [
            [
                "0110",
                2229
            ],
            [
                "1001",
                1804
            ],
            [
                "0010",
                1585
            ],
            [
                "0101",
                873
            ],
            [
                "0111",
                590
            ],
            [
                "1000",
                585
            ],
            [
                "0001",
                529
            ],
            [
                "1101",
                527
            ],
            [
                "1110",
                423
            ],
            [
                "1100",
                293
            ],
            [
                "0011",
                190
            ],
            [
                "1010",
                172
            ],
            [
                "0100",
                117
            ],
            [
                "1011",
                37
            ],
            [
                "1111",
                25
            ],
            [
                "0000",
                21
            ]
        ],
        "num_training_loops": 301,
        "final_training_cost": -1.16259765625,
        "optimal_params": [
            3.995544049959433,
            3.9911312652695345,
            2.834443087739205,
            3.687380360517259,
            2.5160767714186343,
            3.3404724870821165,
            2.1952027856038177,
            2.038882134425873,
            2.880710307692494,
            1.7306645790901762,
            2.571482363393289,
            1.4149709817604335,
            2.2564248745790434,
            1.1922433787533375,
            0.9441522781274339,
            0.6346222968378894,
            0.6068510832150112,
            0.5938835614623321,
            0.23044299174869967,
            0.16471312669617733,
            -0.12969258745195753,
            0.16861893118491283,
            0.3052169559479001,
            0.4750535657910712,
            0.6275875529734253,
            0.8448635905355448,
            0.8482042266094418,
            1.1090175329643177,
            1.2535863500475672,
            1.4899387227275303,
            1.4996822254945896,
            1.8071253106632739,
            1.7604151131670305,
            2.0899281620625443,
            2.2372879171338425,
            2.329696466718177,
            2.49755847455633,
            2.6735892923237894,
            2.8269139519960507,
            2.856191002418608
        ]
    }
}