{
    "metadata": {
        "qaoaLayers": 4,
        "backend_name": "aer_simulator_from(fake_torino)"
    },
    "result": {
        "instance_id": 30,
        "sampled_distribution": [
            [
                "0001",
                1879
            ],
            [
                "0110",
                1453
            ],
            [
                "1010",
                1451
            ],
            [
                "0100",
                981
            ],
            [
                "1000",
                954
            ],
            [
                "1001",
                494
            ],
            [
                "0101",
                457
            ],
            [
                "1101",
                392
            ],
            [
                "0011",
                338
            ],
            [
                "1100",
                257
            ],
            [
                "0111",
                247
            ],
            [
                "1011",
                245
            ],
            [
                "0010",
                245
            ],
            [
                "1111",
                239
            ],
            [
                "0000",
                203
            ],
            [
                "1110",
                165
            ]
        ],
        "num_training_loops": 84,
        "final_training_cost": -0.888671875,
        "optimal_params": [
            3.5629158926212243,
            2.178191365309434,
            1.4750784635294367,
            1.9091520372562003,
            0.13421839326695365,
            0.467671136487907,
            1.7744267799672426,
            2.191682310707715
        ]
    }
}