{
    "metadata": {
        "qaoaLayers": 3,
        "backend_name": "aer_simulator_from(fake_torino)"
    },
    "result": {
        "instance_id": 40,
        "sampled_distribution": [
            [
                "0001",
                5052
            ],
            [
                "1001",
                1886
            ],
            [
                "0000",
                624
            ],
            [
                "1000",
                538
            ],
            [
                "0101",
                367
            ],
            [
                "1101",
                356
            ],
            [
                "1011",
                300
            ],
            [
                "0011",
                296
            ],
            [
                "0100",
                116
            ],
            [
                "1111",
                104
            ],
            [
                "0010",
                98
            ],
            [
                "1010",
                96
            ],
            [
                "1100",
                80
            ],
            [
                "0110",
                41
            ],
            [
                "0111",
                29
            ],
            [
                "1110",
                17
            ]
        ],
        "num_training_loops": 55,
        "final_training_cost": -0.84814453125,
        "optimal_params": [
            2.934794170606864,
            2.014264831759071,
            1.4719939586739041,
            1.261205409076856,
            1.0458659595528772,
            2.091022808584971
        ]
    }
}