{
    "metadata": {
        "qaoaLayers": 3,
        "backend_name": "aer_simulator_from(fake_torino)"
    },
    "result": {
        "instance_id": 78,
        "sampled_distribution": [
            [
                "0001",
                5994
            ],
            [
                "0011",
                1915
            ],
            [
                "0000",
                500
            ],
            [
                "0010",
                477
            ],
            [
                "1001",
                249
            ],
            [
                "0101",
                184
            ],
            [
                "0111",
                182
            ],
            [
                "1011",
                181
            ],
            [
                "1000",
                87
            ],
            [
                "0100",
                82
            ],
            [
                "0110",
                54
            ],
            [
                "1010",
                48
            ],
            [
                "1111",
                19
            ],
            [
                "1100",
                14
            ],
            [
                "1101",
                11
            ],
            [
                "1110",
                3
            ]
        ],
        "num_training_loops": 56,
        "final_training_cost": -0.93310546875,
        "optimal_params": [
            2.9795348422426824,
            1.8818553694535611,
            1.3790670387512987,
            -0.23940433638624048,
            1.9843688088575628,
            2.0415346664259824
        ]
    }
}