{
    "metadata": {
        "qaoaLayers": 3,
        "backend_name": "aer_simulator_from(fake_torino)"
    },
    "result": {
        "instance_id": 10,
        "sampled_distribution": [
            [
                "0001",
                796
            ],
            [
                "0000",
                750
            ],
            [
                "1001",
                693
            ],
            [
                "0101",
                685
            ],
            [
                "0011",
                684
            ],
            [
                "1000",
                653
            ],
            [
                "0100",
                643
            ],
            [
                "1011",
                640
            ],
            [
                "1101",
                629
            ],
            [
                "0111",
                613
            ],
            [
                "0010",
                568
            ],
            [
                "1111",
                562
            ],
            [
                "1010",
                548
            ],
            [
                "0110",
                542
            ],
            [
                "1100",
                520
            ],
            [
                "1110",
                474
            ]
        ],
        "num_training_loops": 53,
        "final_training_cost": 0.01904296875,
        "optimal_params": [
            4.6826827211206,
            1.991962889128598,
            0.3410156611284885,
            -0.011675040032198469,
            0.6324356611917054,
            3.2117175351269207
        ]
    }
}