{
    "metadata": {
        "qaoaLayers": 20,
        "backend_name": "ionq_simulator"
    },
    "result": {
        "instance_id": 58,
        "sampled_distribution": [
            [
                "0101",
                1653
            ],
            [
                "1010",
                1353
            ],
            [
                "1110",
                1284
            ],
            [
                "0110",
                1277
            ],
            [
                "1100",
                1228
            ],
            [
                "0001",
                754
            ],
            [
                "0010",
                396
            ],
            [
                "1000",
                391
            ],
            [
                "0011",
                357
            ],
            [
                "1001",
                351
            ],
            [
                "1011",
                351
            ],
            [
                "0100",
                308
            ],
            [
                "1101",
                125
            ],
            [
                "0111",
                112
            ],
            [
                "1111",
                60
            ]
        ],
        "num_training_loops": 301,
        "final_training_cost": -1.02685546875,
        "optimal_params": [
            3.9507842203314376,
            3.3780905095079645,
            2.7151671586242356,
            2.439793482773217,
            2.4806092898461936,
            2.2723942588253996,
            2.115186753503344,
            1.9413640714671432,
            1.711714421581626,
            2.7055677661176913,
            1.4247968957904098,
            2.551534477921577,
            1.433848527047388,
            1.0973183414608092,
            1.0013085224443212,
            0.7352048291556926,
            0.6806927180984269,
            0.4823292084279149,
            0.31689120168751184,
            0.11900487290492237,
            0.07128512527062057,
            0.048125420907756004,
            0.32533069012126004,
            0.44927255658164394,
            0.6950348545174951,
            0.8042461157837685,
            0.9672427868188531,
            1.045716372921197,
            1.1914381175128235,
            1.560611917400772,
            1.3842023259964904,
            1.8003535546618004,
            1.879859189888893,
            1.9256034396728092,
            2.2198304315501742,
            2.4233051767470886,
            2.6667252038579274,
            2.6534909461848684,
            2.7888390765505875,
            4.054611790610145
        ]
    }
}