{
    "metadata": {
        "qaoaLayers": 4,
        "backend_name": "EMU:15Q:LOGICAL_EARLY"
    },
    "result": {
        "instance_id": 89,
        "sampled_distribution": [
            [
                "1001",
                675
            ],
            [
                "0110",
                652
            ],
            [
                "1101",
                649
            ],
            [
                "1000",
                645
            ],
            [
                "0000",
                639
            ],
            [
                "1110",
                635
            ],
            [
                "0101",
                633
            ],
            [
                "1100",
                631
            ],
            [
                "0111",
                623
            ],
            [
                "0100",
                623
            ],
            [
                "1010",
                619
            ],
            [
                "0001",
                617
            ],
            [
                "1111",
                602
            ],
            [
                "1011",
                597
            ],
            [
                "0010",
                580
            ],
            [
                "0011",
                580
            ]
        ],
        "num_training_loops": 65,
        "final_training_cost": -0.00244140625,
        "optimal_params": [
            3.9130384781143155,
            2.3097899890472458,
            1.6526293218634387,
            0.7726151888759758,
            -0.0028980724297000835,
            0.7760229340159999,
            1.5468735555120618,
            2.341681274943665
        ]
    }
}