{
    "metadata": {
        "qaoaLayers": 1,
        "backend_name": "EMU:15Q:LOGICAL_EARLY"
    },
    "result": {
        "instance_id": 30,
        "sampled_distribution": [
            [
                "0001",
                1327
            ],
            [
                "1001",
                1304
            ],
            [
                "1101",
                1080
            ],
            [
                "0101",
                1060
            ],
            [
                "0011",
                978
            ],
            [
                "1011",
                889
            ],
            [
                "1111",
                724
            ],
            [
                "0111",
                717
            ],
            [
                "1000",
                289
            ],
            [
                "0000",
                275
            ],
            [
                "1100",
                271
            ],
            [
                "0100",
                270
            ],
            [
                "0010",
                233
            ],
            [
                "1010",
                216
            ],
            [
                "1110",
                184
            ],
            [
                "0110",
                183
            ]
        ],
        "num_training_loops": 19,
        "final_training_cost": -0.1669921875,
        "optimal_params": [
            3.141308178630698,
            0.0009586834710412955
        ]
    }
}