{
    "metadata": {
        "qaoaLayers": 1,
        "backend_name": "EMU:15Q:LOGICAL_EARLY"
    },
    "result": {
        "instance_id": 95,
        "sampled_distribution": [
            [
                "0110",
                953
            ],
            [
                "1110",
                929
            ],
            [
                "0010",
                801
            ],
            [
                "1010",
                800
            ],
            [
                "0100",
                784
            ],
            [
                "1100",
                757
            ],
            [
                "0000",
                691
            ],
            [
                "1000",
                680
            ],
            [
                "1111",
                531
            ],
            [
                "0101",
                482
            ],
            [
                "0111",
                475
            ],
            [
                "1011",
                455
            ],
            [
                "0011",
                449
            ],
            [
                "1101",
                415
            ],
            [
                "1001",
                415
            ],
            [
                "0001",
                383
            ]
        ],
        "num_training_loops": 21,
        "final_training_cost": 0.01953125,
        "optimal_params": [
            4.361620456626836,
            0.8796344514335922
        ]
    }
}