{
    "metadata": {
        "qaoaLayers": 2,
        "backend_name": "ionq_simulator"
    },
    "result": {
        "instance_id": 88,
        "sampled_distribution": [
            [
                "1110",
                1318
            ],
            [
                "0110",
                1055
            ],
            [
                "1010",
                996
            ],
            [
                "1100",
                859
            ],
            [
                "0010",
                790
            ],
            [
                "1111",
                782
            ],
            [
                "1011",
                559
            ],
            [
                "0100",
                557
            ],
            [
                "0111",
                554
            ],
            [
                "1000",
                529
            ],
            [
                "1101",
                455
            ],
            [
                "0011",
                417
            ],
            [
                "0000",
                385
            ],
            [
                "1001",
                280
            ],
            [
                "0101",
                250
            ],
            [
                "0001",
                214
            ]
        ],
        "num_training_loops": 36,
        "final_training_cost": -0.03369140625,
        "optimal_params": [
            4.577332626378348,
            0.6073396036691647,
            1.1054769332515562,
            1.141717817986578
        ]
    }
}