{
    "metadata": {
        "qaoaLayers": 2,
        "backend_name": "EMU:15Q:LOGICAL_EARLY"
    },
    "result": {
        "instance_id": 41,
        "sampled_distribution": [
            [
                "1000",
                673
            ],
            [
                "0101",
                651
            ],
            [
                "1101",
                648
            ],
            [
                "0000",
                643
            ],
            [
                "1001",
                642
            ],
            [
                "1111",
                640
            ],
            [
                "0011",
                638
            ],
            [
                "0111",
                623
            ],
            [
                "0110",
                621
            ],
            [
                "0001",
                618
            ],
            [
                "0100",
                610
            ],
            [
                "1100",
                607
            ],
            [
                "1010",
                605
            ],
            [
                "1011",
                600
            ],
            [
                "1110",
                595
            ],
            [
                "0010",
                586
            ]
        ],
        "num_training_loops": 33,
        "final_training_cost": -0.00390625,
        "optimal_params": [
            4.112911780479867,
            1.5580152703288297,
            0.996831356160119,
            1.6244528364029476
        ]
    }
}