{
    "metadata": {
        "qaoaLayers": 4,
        "backend_name": "ionq_simulator"
    },
    "result": {
        "instance_id": 15,
        "sampled_distribution": [
            [
                "0001",
                9495
            ],
            [
                "0101",
                294
            ],
            [
                "0011",
                68
            ],
            [
                "1001",
                67
            ],
            [
                "1011",
                50
            ],
            [
                "0000",
                26
            ]
        ],
        "num_training_loops": 128,
        "final_training_cost": -1.9072265625,
        "optimal_params": [
            3.8844377441435203,
            2.2722003270637128,
            1.471858533198511,
            1.705455654512428,
            -0.3992909294498058,
            0.040088420270165195,
            1.7140755225491873,
            2.3724695955264092
        ]
    }
}