{
    "metadata": {
        "qaoaLayers": 2,
        "backend_name": "aer_simulator"
    },
    "result": {
        "instance_id": 3,
        "sampled_distribution": [
            [
                "1110",
                2995
            ],
            [
                "1010",
                2512
            ],
            [
                "1100",
                2389
            ],
            [
                "1000",
                2019
            ],
            [
                "1111",
                16
            ],
            [
                "0110",
                13
            ],
            [
                "0000",
                10
            ],
            [
                "0010",
                9
            ],
            [
                "1011",
                9
            ],
            [
                "0100",
                9
            ],
            [
                "1001",
                9
            ],
            [
                "1101",
                9
            ],
            [
                "0101",
                1
            ]
        ],
        "num_training_loops": 40,
        "final_training_cost": -0.962890625,
        "optimal_params": [
            4.314939837439999,
            0.33070865099917734,
            -0.008118471430385256,
            1.6038941565697893
        ]
    }
}