{
    "metadata": {
        "qaoaLayers": 4,
        "backend_name": "aer_simulator_from(fake_torino)"
    },
    "result": {
        "instance_id": 76,
        "sampled_distribution": [
            [
                "0110",
                2040
            ],
            [
                "1110",
                1157
            ],
            [
                "1001",
                810
            ],
            [
                "0101",
                702
            ],
            [
                "0001",
                698
            ],
            [
                "0011",
                662
            ],
            [
                "1100",
                575
            ],
            [
                "0111",
                565
            ],
            [
                "1010",
                548
            ],
            [
                "0100",
                450
            ],
            [
                "0010",
                443
            ],
            [
                "1000",
                397
            ],
            [
                "0000",
                298
            ],
            [
                "1011",
                242
            ],
            [
                "1101",
                238
            ],
            [
                "1111",
                175
            ]
        ],
        "num_training_loops": 87,
        "final_training_cost": -0.7431640625,
        "optimal_params": [
            4.259301078505434,
            2.627197450196266,
            1.5293528754735604,
            0.9593453549796469,
            0.20004128825134657,
            1.0657547376637415,
            2.8209787078394664,
            2.410521215926667
        ]
    }
}