{
    "metadata": {
        "qaoaLayers": 2,
        "backend_name": "EMU:15Q:LOGICAL_EARLY"
    },
    "result": {
        "instance_id": 22,
        "sampled_distribution": [
            [
                "1101",
                677
            ],
            [
                "0111",
                675
            ],
            [
                "1001",
                673
            ],
            [
                "0100",
                661
            ],
            [
                "1100",
                638
            ],
            [
                "0011",
                636
            ],
            [
                "1011",
                636
            ],
            [
                "0001",
                630
            ],
            [
                "0101",
                627
            ],
            [
                "1000",
                615
            ],
            [
                "1111",
                612
            ],
            [
                "0010",
                608
            ],
            [
                "0000",
                596
            ],
            [
                "1110",
                582
            ],
            [
                "1010",
                574
            ],
            [
                "0110",
                560
            ]
        ],
        "num_training_loops": 39,
        "final_training_cost": 0.029296875,
        "optimal_params": [
            2.963685269811536,
            2.4690088691161596,
            1.3319324487177895,
            2.579557069337641
        ]
    }
}