{
    "metadata": {
        "qaoaLayers": 20,
        "backend_name": "ionq_simulator"
    },
    "result": {
        "instance_id": 51,
        "sampled_distribution": [
            [
                "0011",
                2249
            ],
            [
                "1100",
                1826
            ],
            [
                "0101",
                1087
            ],
            [
                "1110",
                909
            ],
            [
                "0001",
                907
            ],
            [
                "0111",
                639
            ],
            [
                "1101",
                573
            ],
            [
                "0110",
                555
            ],
            [
                "1000",
                484
            ],
            [
                "1001",
                389
            ],
            [
                "1010",
                262
            ],
            [
                "1011",
                53
            ],
            [
                "0000",
                35
            ],
            [
                "0010",
                24
            ],
            [
                "1111",
                8
            ]
        ],
        "num_training_loops": 295,
        "final_training_cost": -1.1806640625,
        "optimal_params": [
            4.173780691176173,
            3.9469442490286033,
            2.799477848474492,
            3.7013679328961233,
            2.5326375654281237,
            3.3596097634206523,
            2.2209116035246796,
            2.064543787499616,
            2.7893909979702647,
            1.7095819335240638,
            2.8074786637029283,
            1.3841535809456706,
            2.2781986099543885,
            1.0816236567958564,
            0.9633891452818686,
            0.7550124629741323,
            0.6168200663394057,
            0.5154379677846698,
            0.28742859416423405,
            0.1240186475750588,
            -0.007993154542011504,
            0.10191903999917205,
            0.2996380281132731,
            0.47518908882856575,
            0.603767747168124,
            0.7854641474949233,
            0.8670421385633279,
            1.0055214908665402,
            1.245479881664966,
            1.3936546805177354,
            1.5509167655319203,
            1.7176497638689465,
            1.9671713032166658,
            1.9425212944638153,
            2.1995704822772093,
            2.3358421812148586,
            2.506816689757,
            2.667976210186033,
            2.78718741030163,
            2.990618853735227
        ]
    }
}