{
    "metadata": {
        "qaoaLayers": 3,
        "backend_name": "aer_simulator"
    },
    "result": {
        "instance_id": 33,
        "sampled_distribution": [
            [
                "0001",
                9956
            ],
            [
                "0101",
                14
            ],
            [
                "0011",
                11
            ],
            [
                "1001",
                7
            ],
            [
                "0000",
                7
            ],
            [
                "0010",
                3
            ],
            [
                "1101",
                2
            ]
        ],
        "num_training_loops": 48,
        "final_training_cost": -0.9912109375,
        "optimal_params": [
            4.197332190251625,
            3.1349792272836496,
            2.1151783663586894,
            -0.020589234913448613,
            1.0549427377223313,
            2.069132551065766
        ]
    }
}