{
    "metadata": {
        "qaoaLayers": 4,
        "backend_name": "aer_simulator"
    },
    "result": {
        "instance_id": 14,
        "sampled_distribution": [
            [
                "0001",
                7425
            ],
            [
                "0101",
                864
            ],
            [
                "1001",
                747
            ],
            [
                "0011",
                672
            ],
            [
                "1101",
                99
            ],
            [
                "1011",
                81
            ],
            [
                "1000",
                45
            ],
            [
                "0111",
                32
            ],
            [
                "0010",
                18
            ],
            [
                "0000",
                5
            ],
            [
                "1010",
                4
            ],
            [
                "1100",
                4
            ],
            [
                "0110",
                2
            ],
            [
                "1111",
                2
            ]
        ],
        "num_training_loops": 55,
        "final_training_cost": -0.98095703125,
        "optimal_params": [
            3.088622694933697,
            3.3220695707713443,
            1.5448252294607656,
            1.7672128668104672,
            0.9894976169723849,
            0.7854054281712634,
            1.5789296743887666,
            2.3489633716260414
        ]
    }
}