{
    "metadata": {
        "qaoaLayers": 4,
        "backend_name": "ionq_simulator"
    },
    "result": {
        "instance_id": 19,
        "sampled_distribution": [
            [
                "0111",
                9729
            ],
            [
                "0101",
                141
            ],
            [
                "0011",
                130
            ]
        ],
        "num_training_loops": 85,
        "final_training_cost": -2.0,
        "optimal_params": [
            2.261061571221173,
            1.7034370196371442,
            2.2819712754499686,
            1.7455857712893867,
            1.5285534769754994,
            1.8061244374930414,
            2.9148154928919343,
            1.4049927603035752
        ]
    }
}