{
    "metadata": {
        "qaoaLayers": 4,
        "backend_name": "EMU:15Q:LOGICAL_EARLY"
    },
    "result": {
        "instance_id": 70,
        "sampled_distribution": [
            [
                "0000",
                663
            ],
            [
                "1101",
                656
            ],
            [
                "1010",
                652
            ],
            [
                "1100",
                646
            ],
            [
                "0100",
                639
            ],
            [
                "1001",
                635
            ],
            [
                "1000",
                635
            ],
            [
                "1111",
                629
            ],
            [
                "1011",
                621
            ],
            [
                "1110",
                617
            ],
            [
                "0011",
                613
            ],
            [
                "0101",
                605
            ],
            [
                "0010",
                604
            ],
            [
                "0110",
                602
            ],
            [
                "0001",
                592
            ],
            [
                "0111",
                591
            ]
        ],
        "num_training_loops": 57,
        "final_training_cost": -0.01220703125,
        "optimal_params": [
            3.1314621157051503,
            2.368579662251967,
            1.576126783478609,
            0.7752172203404593,
            -0.0012072465345587245,
            0.8054140463155909,
            1.5812842970130554,
            2.350512148814644
        ]
    }
}