{
    "metadata": {
        "qaoaLayers": 20,
        "backend_name": "ionq_simulator"
    },
    "result": {
        "instance_id": 72,
        "sampled_distribution": [
            [
                "0110",
                2236
            ],
            [
                "1001",
                1469
            ],
            [
                "0001",
                1139
            ],
            [
                "0011",
                820
            ],
            [
                "0101",
                756
            ],
            [
                "1110",
                613
            ],
            [
                "1000",
                599
            ],
            [
                "0111",
                500
            ],
            [
                "1010",
                471
            ],
            [
                "1100",
                461
            ],
            [
                "0010",
                295
            ],
            [
                "0100",
                289
            ],
            [
                "1011",
                177
            ],
            [
                "1101",
                164
            ],
            [
                "1111",
                11
            ]
        ],
        "num_training_loops": 248,
        "final_training_cost": -1.150390625,
        "optimal_params": [
            4.005101172862379,
            3.3757176092701724,
            2.6722837831544584,
            2.5934360083134727,
            2.4012653040905803,
            2.2752566373504783,
            2.0653880837935255,
            1.9553787032424081,
            1.797612194419775,
            2.6829005336774214,
            1.5575474391004795,
            2.384791890700052,
            1.2864718468812388,
            1.1023226668679325,
            0.9968134912584674,
            0.7897170009241029,
            0.6260711538286118,
            0.46080312925126776,
            0.2893730553002581,
            0.13421498248932914,
            -0.04837215356916295,
            0.20427102867416794,
            0.2949311806179268,
            0.4283764023336157,
            0.6173892714351177,
            0.7739716681792247,
            1.0216171200483068,
            1.0870266628335599,
            1.3184905525871369,
            1.4355741194974454,
            1.5624522628182398,
            1.7163544268843567,
            1.8651340942071875,
            2.011839199072199,
            2.2697729588205267,
            2.40531011946244,
            2.506127360763685,
            2.6555551553225594,
            2.8088918943206074,
            3.9328304553434523
        ]
    }
}