{
    "metadata": {
        "qaoaLayers": 4,
        "backend_name": "EMU:15Q:LOGICAL_EARLY"
    },
    "result": {
        "instance_id": 82,
        "sampled_distribution": [
            [
                "0111",
                698
            ],
            [
                "0011",
                685
            ],
            [
                "1100",
                678
            ],
            [
                "1011",
                640
            ],
            [
                "1101",
                631
            ],
            [
                "1111",
                626
            ],
            [
                "0100",
                617
            ],
            [
                "0010",
                617
            ],
            [
                "0101",
                613
            ],
            [
                "0110",
                612
            ],
            [
                "1001",
                612
            ],
            [
                "1110",
                610
            ],
            [
                "1010",
                598
            ],
            [
                "0001",
                594
            ],
            [
                "0000",
                586
            ],
            [
                "1000",
                583
            ]
        ],
        "num_training_loops": 55,
        "final_training_cost": 0.01220703125,
        "optimal_params": [
            4.134860734331157,
            2.4649275673725857,
            1.5463146664578546,
            0.8299063304845767,
            0.007055978129840933,
            0.7762481170049285,
            1.5895920744572274,
            2.3847626746109247
        ]
    }
}