{
    "metadata": {
        "qaoaLayers": 2,
        "backend_name": "ionq_simulator"
    },
    "result": {
        "instance_id": 12,
        "sampled_distribution": [
            [
                "1000",
                5691
            ],
            [
                "1100",
                1445
            ],
            [
                "1010",
                1418
            ],
            [
                "1110",
                434
            ],
            [
                "0000",
                308
            ],
            [
                "0010",
                165
            ],
            [
                "0100",
                157
            ],
            [
                "1001",
                121
            ],
            [
                "0001",
                76
            ],
            [
                "0110",
                63
            ],
            [
                "1101",
                41
            ],
            [
                "1011",
                31
            ],
            [
                "0101",
                16
            ],
            [
                "0011",
                15
            ],
            [
                "0111",
                12
            ],
            [
                "1111",
                7
            ]
        ],
        "num_training_loops": 29,
        "final_training_cost": -1.48876953125,
        "optimal_params": [
            4.141685917976981,
            2.5711508928261946,
            0.000552485373047324,
            1.5700477651099964
        ]
    }
}