{
    "metadata": {
        "qaoaLayers": 3,
        "backend_name": "aer_simulator"
    },
    "result": {
        "instance_id": 35,
        "sampled_distribution": [
            [
                "1110",
                1560
            ],
            [
                "0001",
                886
            ],
            [
                "1010",
                880
            ],
            [
                "0110",
                851
            ],
            [
                "1100",
                822
            ],
            [
                "1000",
                738
            ],
            [
                "0100",
                718
            ],
            [
                "0010",
                717
            ],
            [
                "1101",
                501
            ],
            [
                "1001",
                470
            ],
            [
                "0011",
                454
            ],
            [
                "0111",
                450
            ],
            [
                "1011",
                449
            ],
            [
                "0101",
                441
            ],
            [
                "1111",
                61
            ],
            [
                "0000",
                2
            ]
        ],
        "num_training_loops": 58,
        "final_training_cost": -0.7490234375,
        "optimal_params": [
            3.5529957765031392,
            2.0135716384866496,
            0.8626819762663767,
            -0.3841517348855154,
            1.0634251414694982,
            3.510139642748152
        ]
    }
}