{
    "metadata": {
        "qaoaLayers": 1,
        "backend_name": "aer_simulator_from(fake_torino)"
    },
    "result": {
        "instance_id": 54,
        "sampled_distribution": [
            [
                "0001",
                893
            ],
            [
                "0011",
                805
            ],
            [
                "0000",
                729
            ],
            [
                "0101",
                727
            ],
            [
                "1001",
                708
            ],
            [
                "0100",
                637
            ],
            [
                "0111",
                633
            ],
            [
                "0010",
                629
            ],
            [
                "1000",
                610
            ],
            [
                "1101",
                603
            ],
            [
                "1011",
                595
            ],
            [
                "1100",
                527
            ],
            [
                "1111",
                514
            ],
            [
                "1010",
                495
            ],
            [
                "0110",
                484
            ],
            [
                "1110",
                411
            ]
        ],
        "num_training_loops": 24,
        "final_training_cost": -0.00732421875,
        "optimal_params": [
            3.8784059432354208,
            0.8271003719921879
        ]
    }
}