{
    "metadata": {
        "qaoaLayers": 4,
        "backend_name": "ionq_simulator"
    },
    "result": {
        "instance_id": 93,
        "sampled_distribution": [
            [
                "1110",
                1387
            ],
            [
                "0010",
                1303
            ],
            [
                "1000",
                1295
            ],
            [
                "1101",
                1223
            ],
            [
                "1011",
                1172
            ],
            [
                "0001",
                1123
            ],
            [
                "0100",
                1023
            ],
            [
                "0111",
                974
            ],
            [
                "1010",
                166
            ],
            [
                "0011",
                83
            ],
            [
                "1001",
                72
            ],
            [
                "0110",
                68
            ],
            [
                "1111",
                58
            ],
            [
                "0000",
                53
            ]
        ],
        "num_training_loops": 63,
        "final_training_cost": -0.02734375,
        "optimal_params": [
            3.135623478442481,
            2.2423933263554052,
            1.5794248310944359,
            0.806624253469926,
            0.003167431488104896,
            0.7940218986814351,
            1.5542985550469373,
            2.3445093231262395
        ]
    }
}