{
    "metadata": {
        "qaoaLayers": 4,
        "backend_name": "ionq_simulator"
    },
    "result": {
        "instance_id": 72,
        "sampled_distribution": [
            [
                "0110",
                1504
            ],
            [
                "0001",
                1165
            ],
            [
                "1001",
                862
            ],
            [
                "0100",
                681
            ],
            [
                "0111",
                658
            ],
            [
                "1010",
                645
            ],
            [
                "1100",
                635
            ],
            [
                "0010",
                633
            ],
            [
                "0101",
                622
            ],
            [
                "0011",
                589
            ],
            [
                "1011",
                581
            ],
            [
                "1101",
                537
            ],
            [
                "1000",
                535
            ],
            [
                "1110",
                316
            ],
            [
                "1111",
                28
            ],
            [
                "0000",
                9
            ]
        ],
        "num_training_loops": 76,
        "final_training_cost": -0.916015625,
        "optimal_params": [
            3.897674599774914,
            2.452450158078374,
            1.5358159437330616,
            0.8239097879090614,
            0.07639802022514952,
            0.9927963419092815,
            2.784377805017624,
            2.598247599099616
        ]
    }
}