{
    "metadata": {
        "qaoaLayers": 20,
        "backend_name": "aer_simulator"
    },
    "result": {
        "instance_id": 62,
        "sampled_distribution": [
            [
                "1100",
                2973
            ],
            [
                "0110",
                1662
            ],
            [
                "1001",
                1595
            ],
            [
                "0100",
                1092
            ],
            [
                "1000",
                663
            ],
            [
                "1011",
                654
            ],
            [
                "1110",
                614
            ],
            [
                "0001",
                422
            ],
            [
                "0111",
                100
            ],
            [
                "0011",
                77
            ],
            [
                "0101",
                63
            ],
            [
                "1010",
                33
            ],
            [
                "1111",
                27
            ],
            [
                "0010",
                15
            ],
            [
                "0000",
                10
            ]
        ],
        "num_training_loops": 359,
        "final_training_cost": -1.40087890625,
        "optimal_params": [
            4.370259897213915,
            3.9692918500104772,
            2.661261904480854,
            3.528463598908197,
            2.6282648512466507,
            3.346048454730342,
            2.1723804343294253,
            1.8936344692760834,
            2.895237659573471,
            1.6555641268715873,
            2.6230692483774694,
            1.4112431717940614,
            2.5980385641355808,
            1.1662953349845708,
            0.9047758438978946,
            0.7498946528722374,
            0.7249049304802925,
            0.28897685975624,
            0.3736034659474748,
            0.08347116981612956,
            1.4536359382399109,
            0.2202665452376984,
            0.3057552173639668,
            0.5454956865048204,
            0.6120300610307904,
            0.7693667430537797,
            0.9738620555958095,
            1.1317584488297114,
            1.2000494080385458,
            1.3596247663798853,
            1.6505919861278,
            1.7282407366202235,
            1.9352986931296918,
            2.1019312832263815,
            2.1341293100255085,
            2.3688689887865286,
            2.523330477689916,
            2.596273422608142,
            2.732803097095693,
            2.6243513820341944
        ]
    }
}