{
    "metadata": {
        "qaoaLayers": 2,
        "backend_name": "ionq_simulator"
    },
    "result": {
        "instance_id": 13,
        "sampled_distribution": [
            [
                "0001",
                1042
            ],
            [
                "0011",
                942
            ],
            [
                "1001",
                906
            ],
            [
                "0101",
                896
            ],
            [
                "0100",
                745
            ],
            [
                "0000",
                727
            ],
            [
                "0010",
                639
            ],
            [
                "1000",
                637
            ],
            [
                "1111",
                552
            ],
            [
                "1011",
                523
            ],
            [
                "0111",
                505
            ],
            [
                "1101",
                489
            ],
            [
                "1010",
                370
            ],
            [
                "1110",
                349
            ],
            [
                "1100",
                345
            ],
            [
                "0110",
                333
            ]
        ],
        "num_training_loops": 40,
        "final_training_cost": -0.04638671875,
        "optimal_params": [
            4.021458664732811,
            1.6346110294655822,
            0.07697153647062056,
            2.5129491410717084
        ]
    }
}