{
    "metadata": {
        "qaoaLayers": 2,
        "backend_name": "ionq_simulator"
    },
    "result": {
        "instance_id": 31,
        "sampled_distribution": [
            [
                "0001",
                2357
            ],
            [
                "1001",
                1753
            ],
            [
                "0101",
                1382
            ],
            [
                "1000",
                954
            ],
            [
                "0000",
                594
            ],
            [
                "0100",
                544
            ],
            [
                "1011",
                532
            ],
            [
                "0010",
                510
            ],
            [
                "1101",
                455
            ],
            [
                "1110",
                172
            ],
            [
                "0111",
                166
            ],
            [
                "0011",
                127
            ],
            [
                "1111",
                116
            ],
            [
                "0110",
                115
            ],
            [
                "1010",
                114
            ],
            [
                "1100",
                109
            ]
        ],
        "num_training_loops": 45,
        "final_training_cost": -0.322265625,
        "optimal_params": [
            4.2576849085002015,
            2.001825522600021,
            1.2384449061964335,
            2.3403056270794953
        ]
    }
}