{
    "metadata": {
        "qaoaLayers": 1,
        "backend_name": "EMU:15Q:LOGICAL_EARLY"
    },
    "result": {
        "instance_id": 78,
        "sampled_distribution": [
            [
                "0101",
                962
            ],
            [
                "0001",
                934
            ],
            [
                "1101",
                931
            ],
            [
                "1001",
                877
            ],
            [
                "0011",
                805
            ],
            [
                "0111",
                752
            ],
            [
                "1111",
                736
            ],
            [
                "1011",
                718
            ],
            [
                "0000",
                485
            ],
            [
                "1100",
                476
            ],
            [
                "0100",
                464
            ],
            [
                "1000",
                436
            ],
            [
                "0010",
                378
            ],
            [
                "1110",
                375
            ],
            [
                "1010",
                351
            ],
            [
                "0110",
                320
            ]
        ],
        "num_training_loops": 19,
        "final_training_cost": -0.04345703125,
        "optimal_params": [
            3.1423689649480093,
            -0.0006303496451212999
        ]
    }
}