{
    "metadata": {
        "qaoaLayers": 3,
        "backend_name": "aer_simulator"
    },
    "result": {
        "instance_id": 49,
        "sampled_distribution": [
            [
                "0001",
                9865
            ],
            [
                "0011",
                57
            ],
            [
                "0101",
                28
            ],
            [
                "1001",
                22
            ],
            [
                "1011",
                7
            ],
            [
                "1010",
                7
            ],
            [
                "0000",
                4
            ],
            [
                "0100",
                4
            ],
            [
                "0010",
                3
            ],
            [
                "0110",
                3
            ]
        ],
        "num_training_loops": 41,
        "final_training_cost": -0.99267578125,
        "optimal_params": [
            4.348566835972377,
            3.082782431951306,
            1.9083271584029264,
            1.0591786831551977,
            1.0252794259890283,
            2.093550700519554
        ]
    }
}