{
    "metadata": {
        "qaoaLayers": 3,
        "backend_name": "ionq_simulator"
    },
    "result": {
        "instance_id": 31,
        "sampled_distribution": [
            [
                "1001",
                1578
            ],
            [
                "0101",
                1490
            ],
            [
                "1011",
                1421
            ],
            [
                "1000",
                936
            ],
            [
                "1010",
                771
            ],
            [
                "0110",
                731
            ],
            [
                "0010",
                604
            ],
            [
                "0111",
                535
            ],
            [
                "1110",
                480
            ],
            [
                "0001",
                423
            ],
            [
                "0100",
                387
            ],
            [
                "1101",
                359
            ],
            [
                "0000",
                106
            ],
            [
                "1100",
                91
            ],
            [
                "1111",
                76
            ],
            [
                "0011",
                12
            ]
        ],
        "num_training_loops": 63,
        "final_training_cost": -0.826171875,
        "optimal_params": [
            2.4997199201777023,
            2.133039478839144,
            0.5820972244106716,
            -0.21217334791888937,
            1.960318937735174,
            2.099391331799676
        ]
    }
}