{
    "metadata": {
        "qaoaLayers": 3,
        "backend_name": "aer_simulator_from(fake_torino)"
    },
    "result": {
        "instance_id": 66,
        "sampled_distribution": [
            [
                "0101",
                1831
            ],
            [
                "1101",
                1569
            ],
            [
                "1010",
                1478
            ],
            [
                "1001",
                1216
            ],
            [
                "0001",
                723
            ],
            [
                "0010",
                695
            ],
            [
                "1000",
                469
            ],
            [
                "0100",
                336
            ],
            [
                "0011",
                314
            ],
            [
                "0111",
                313
            ],
            [
                "1100",
                231
            ],
            [
                "0110",
                205
            ],
            [
                "1011",
                198
            ],
            [
                "1110",
                183
            ],
            [
                "1111",
                129
            ],
            [
                "0000",
                110
            ]
        ],
        "num_training_loops": 58,
        "final_training_cost": -0.8583984375,
        "optimal_params": [
            2.643480987314069,
            3.741047422246165,
            0.5537543849336637,
            1.0436266545440918,
            2.484861312429206,
            2.203002060483296
        ]
    }
}