{
    "metadata": {
        "qaoaLayers": 3,
        "backend_name": "aer_simulator_from(fake_torino)"
    },
    "result": {
        "instance_id": 59,
        "sampled_distribution": [
            [
                "0001",
                4810
            ],
            [
                "0100",
                1008
            ],
            [
                "1011",
                970
            ],
            [
                "1001",
                607
            ],
            [
                "0011",
                597
            ],
            [
                "0000",
                574
            ],
            [
                "0101",
                559
            ],
            [
                "1110",
                184
            ],
            [
                "1111",
                110
            ],
            [
                "1100",
                102
            ],
            [
                "0110",
                91
            ],
            [
                "1010",
                91
            ],
            [
                "1101",
                83
            ],
            [
                "0111",
                75
            ],
            [
                "1000",
                71
            ],
            [
                "0010",
                68
            ]
        ],
        "num_training_loops": 46,
        "final_training_cost": 0.00830078125,
        "optimal_params": [
            4.0988697202399,
            3.059329315701077,
            1.0513925535657074,
            -0.02874514315525979,
            2.0472167584126835,
            2.0973072846398453
        ]
    }
}