{
    "metadata": {
        "qaoaLayers": 1,
        "backend_name": "aer_simulator_from(fake_torino)"
    },
    "result": {
        "instance_id": 85,
        "sampled_distribution": [
            [
                "0001",
                2501
            ],
            [
                "1001",
                1132
            ],
            [
                "0000",
                1082
            ],
            [
                "0011",
                997
            ],
            [
                "0101",
                975
            ],
            [
                "0100",
                458
            ],
            [
                "1101",
                448
            ],
            [
                "1000",
                431
            ],
            [
                "1011",
                428
            ],
            [
                "0111",
                402
            ],
            [
                "0010",
                381
            ],
            [
                "0110",
                192
            ],
            [
                "1010",
                181
            ],
            [
                "1111",
                162
            ],
            [
                "1100",
                161
            ],
            [
                "1110",
                69
            ]
        ],
        "num_training_loops": 21,
        "final_training_cost": -0.00390625,
        "optimal_params": [
            3.699759597183579,
            0.1022294093455715
        ]
    }
}