{
    "metadata": {
        "qaoaLayers": 3,
        "backend_name": "aer_simulator"
    },
    "result": {
        "instance_id": 79,
        "sampled_distribution": [
            [
                "1100",
                1293
            ],
            [
                "0101",
                1251
            ],
            [
                "1010",
                1047
            ],
            [
                "1011",
                1006
            ],
            [
                "0010",
                941
            ],
            [
                "0011",
                816
            ],
            [
                "1101",
                757
            ],
            [
                "0100",
                701
            ],
            [
                "1110",
                676
            ],
            [
                "0111",
                553
            ],
            [
                "1000",
                364
            ],
            [
                "0001",
                357
            ],
            [
                "0000",
                173
            ],
            [
                "1001",
                31
            ],
            [
                "0110",
                27
            ],
            [
                "1111",
                7
            ]
        ],
        "num_training_loops": 54,
        "final_training_cost": -0.8359375,
        "optimal_params": [
            2.5835418450703047,
            1.944803041219636,
            0.5465283710236869,
            1.0749003648175455,
            1.0676693875013268,
            1.1782728484602187
        ]
    }
}