{
    "metadata": {
        "qaoaLayers": 20,
        "backend_name": "ionq_simulator"
    },
    "result": {
        "instance_id": 97,
        "sampled_distribution": [
            [
                "1110",
                1747
            ],
            [
                "0010",
                1222
            ],
            [
                "1101",
                1205
            ],
            [
                "0001",
                875
            ],
            [
                "1100",
                600
            ],
            [
                "1010",
                584
            ],
            [
                "1111",
                584
            ],
            [
                "0110",
                578
            ],
            [
                "0011",
                465
            ],
            [
                "1001",
                438
            ],
            [
                "0000",
                436
            ],
            [
                "0101",
                433
            ],
            [
                "0100",
                222
            ],
            [
                "1000",
                210
            ],
            [
                "0111",
                202
            ],
            [
                "1011",
                199
            ]
        ],
        "num_training_loops": 211,
        "final_training_cost": -0.04443359375,
        "optimal_params": [
            4.141680177448457,
            2.9845667737184844,
            2.8271473694935936,
            2.6701063052906218,
            2.5133513745242313,
            2.3565390889016666,
            2.1995046018904185,
            2.0423968416693206,
            1.8848656301231128,
            1.727849839937307,
            1.5708065338722799,
            1.413747268454001,
            1.2567500385013028,
            1.0995165498164743,
            0.9424960032670949,
            0.7855113324382913,
            0.6281160009974707,
            0.4711832340744318,
            0.3143911814121486,
            0.15704032415367097,
            -0.00021732879632663628,
            0.157185465079698,
            0.31390753825829953,
            0.47110848482344525,
            0.6282307255111428,
            0.7853015022936936,
            0.942594426760192,
            1.0996707880846273,
            1.2564427621143228,
            1.4137649529237954,
            1.5707939332357563,
            1.7278230184025962,
            1.8849595289070078,
            2.042095834368655,
            2.1991235258423636,
            2.356111178738059,
            2.513385796593536,
            2.6702453642821773,
            2.8272427725672737,
            2.984437309947425
        ]
    }
}