{
    "metadata": {
        "qaoaLayers": 1,
        "backend_name": "aer_simulator"
    },
    "result": {
        "instance_id": 8,
        "sampled_distribution": [
            [
                "0001",
                944
            ],
            [
                "0011",
                809
            ],
            [
                "0000",
                771
            ],
            [
                "1001",
                736
            ],
            [
                "0101",
                732
            ],
            [
                "1101",
                627
            ],
            [
                "0010",
                625
            ],
            [
                "1000",
                612
            ],
            [
                "0100",
                607
            ],
            [
                "1011",
                597
            ],
            [
                "0111",
                564
            ],
            [
                "0110",
                544
            ],
            [
                "1100",
                499
            ],
            [
                "1010",
                481
            ],
            [
                "1111",
                471
            ],
            [
                "1110",
                381
            ]
        ],
        "num_training_loops": 25,
        "final_training_cost": 0.0146484375,
        "optimal_params": [
            3.873311464643914,
            0.7134679526722344
        ]
    }
}