{
    "metadata": {
        "qaoaLayers": 4,
        "backend_name": "aer_simulator_from(fake_torino)"
    },
    "result": {
        "instance_id": 45,
        "sampled_distribution": [
            [
                "0001",
                6341
            ],
            [
                "0011",
                1437
            ],
            [
                "1001",
                684
            ],
            [
                "0101",
                597
            ],
            [
                "0000",
                210
            ],
            [
                "0111",
                170
            ],
            [
                "0010",
                165
            ],
            [
                "1011",
                127
            ],
            [
                "0100",
                111
            ],
            [
                "1101",
                66
            ],
            [
                "1010",
                27
            ],
            [
                "1000",
                25
            ],
            [
                "0110",
                15
            ],
            [
                "1111",
                13
            ],
            [
                "1100",
                9
            ],
            [
                "1110",
                3
            ]
        ],
        "num_training_loops": 53,
        "final_training_cost": -0.85205078125,
        "optimal_params": [
            3.14124786332355,
            3.3558992539307186,
            1.5813468825844,
            1.7753362417917176,
            1.2489760755748,
            1.7854945144685033,
            1.570407370811798,
            2.356018722841447
        ]
    }
}