{
    "metadata": {
        "qaoaLayers": 1,
        "backend_name": "ionq_simulator"
    },
    "result": {
        "instance_id": 75,
        "sampled_distribution": [
            [
                "1110",
                719
            ],
            [
                "1000",
                668
            ],
            [
                "0100",
                665
            ],
            [
                "1100",
                665
            ],
            [
                "0110",
                663
            ],
            [
                "1101",
                655
            ],
            [
                "1111",
                651
            ],
            [
                "1010",
                635
            ],
            [
                "0111",
                633
            ],
            [
                "1011",
                615
            ],
            [
                "0101",
                604
            ],
            [
                "0010",
                599
            ],
            [
                "1001",
                585
            ],
            [
                "0000",
                583
            ],
            [
                "0011",
                552
            ],
            [
                "0001",
                508
            ]
        ],
        "num_training_loops": 22,
        "final_training_cost": 0.0068359375,
        "optimal_params": [
            3.9454562104477744,
            1.096975093983116
        ]
    }
}