{
    "metadata": {
        "qaoaLayers": 1,
        "backend_name": "aer_simulator"
    },
    "result": {
        "instance_id": 4,
        "sampled_distribution": [
            [
                "0001",
                814
            ],
            [
                "1001",
                730
            ],
            [
                "0101",
                708
            ],
            [
                "0011",
                706
            ],
            [
                "0000",
                672
            ],
            [
                "0010",
                641
            ],
            [
                "1011",
                639
            ],
            [
                "1101",
                635
            ],
            [
                "1000",
                620
            ],
            [
                "0100",
                606
            ],
            [
                "0111",
                585
            ],
            [
                "0110",
                580
            ],
            [
                "1111",
                571
            ],
            [
                "1010",
                567
            ],
            [
                "1100",
                508
            ],
            [
                "1110",
                418
            ]
        ],
        "num_training_loops": 21,
        "final_training_cost": 0.01806640625,
        "optimal_params": [
            3.8906700564196144,
            -0.005071347145594366
        ]
    }
}