{
    "metadata": {
        "qaoaLayers": 1,
        "backend_name": "aer_simulator"
    },
    "result": {
        "instance_id": 41,
        "sampled_distribution": [
            [
                "1110",
                999
            ],
            [
                "1010",
                840
            ],
            [
                "0110",
                789
            ],
            [
                "1100",
                784
            ],
            [
                "1111",
                746
            ],
            [
                "0010",
                637
            ],
            [
                "1000",
                617
            ],
            [
                "1011",
                610
            ],
            [
                "0100",
                604
            ],
            [
                "0111",
                573
            ],
            [
                "1101",
                552
            ],
            [
                "0101",
                503
            ],
            [
                "0011",
                477
            ],
            [
                "1001",
                455
            ],
            [
                "0000",
                445
            ],
            [
                "0001",
                369
            ]
        ],
        "num_training_loops": 25,
        "final_training_cost": 0.01416015625,
        "optimal_params": [
            3.987615905199242,
            0.562475978166083
        ]
    }
}