{
    "metadata": {
        "qaoaLayers": 3,
        "backend_name": "EMU:15Q:LOGICAL_EARLY"
    },
    "result": {
        "instance_id": 58,
        "sampled_distribution": [
            [
                "1101",
                649
            ],
            [
                "1001",
                649
            ],
            [
                "0000",
                646
            ],
            [
                "0011",
                645
            ],
            [
                "0110",
                641
            ],
            [
                "0001",
                635
            ],
            [
                "0101",
                634
            ],
            [
                "0100",
                628
            ],
            [
                "1000",
                623
            ],
            [
                "1011",
                620
            ],
            [
                "1010",
                616
            ],
            [
                "1100",
                614
            ],
            [
                "1111",
                610
            ],
            [
                "1110",
                605
            ],
            [
                "0010",
                601
            ],
            [
                "0111",
                584
            ]
        ],
        "num_training_loops": 48,
        "final_training_cost": 0.05126953125,
        "optimal_params": [
            4.140736826451254,
            2.0945626514982094,
            1.0458327643496534,
            1.000523415982635,
            1.0472311300456583,
            2.0930036625778206
        ]
    }
}