{
    "metadata": {
        "qaoaLayers": 20,
        "backend_name": "ionq_simulator"
    },
    "result": {
        "instance_id": 68,
        "sampled_distribution": [
            [
                "0110",
                1483
            ],
            [
                "1110",
                1182
            ],
            [
                "0100",
                1145
            ],
            [
                "1011",
                1105
            ],
            [
                "0101",
                1095
            ],
            [
                "1001",
                1076
            ],
            [
                "1010",
                1027
            ],
            [
                "0010",
                921
            ],
            [
                "1101",
                430
            ],
            [
                "0001",
                198
            ],
            [
                "0011",
                178
            ],
            [
                "1000",
                132
            ],
            [
                "1111",
                28
            ]
        ],
        "num_training_loops": 319,
        "final_training_cost": -1.3291015625,
        "optimal_params": [
            4.140810098451883,
            4.029060671188227,
            2.7936202878312333,
            3.6723551926892064,
            2.6072221760394454,
            2.416397387790925,
            2.2878982370978482,
            2.1005155658281844,
            2.8647241257743867,
            1.5026080060785487,
            1.611667687397003,
            1.4393620918570837,
            1.3367016210744707,
            1.3597812809512828,
            0.9508935870432614,
            0.7016839579609155,
            0.5760380512919843,
            0.45970402282685296,
            0.5192140643897297,
            0.08920053974034159,
            0.9401553020242073,
            0.12389417174448088,
            0.3142063801098859,
            0.5056616707458294,
            1.4961543196926304,
            0.7452329991767586,
            0.9985794028806438,
            1.046583848435191,
            1.191355371497644,
            1.416502711950555,
            1.5760036369833568,
            1.8376386600905115,
            1.7227219127718114,
            2.089799501176978,
            1.8842487666973466,
            2.383835957914471,
            2.2584918924139137,
            2.6869236006724626,
            2.7571021357037915,
            2.9671822441203184
        ]
    }
}