{
    "metadata": {
        "qaoaLayers": 4,
        "backend_name": "ionq_simulator"
    },
    "result": {
        "instance_id": 92,
        "sampled_distribution": [
            [
                "0111",
                1170
            ],
            [
                "1100",
                765
            ],
            [
                "0001",
                764
            ],
            [
                "1010",
                738
            ],
            [
                "1011",
                732
            ],
            [
                "1001",
                725
            ],
            [
                "0110",
                701
            ],
            [
                "1101",
                672
            ],
            [
                "0101",
                605
            ],
            [
                "0011",
                584
            ],
            [
                "0100",
                477
            ],
            [
                "1111",
                431
            ],
            [
                "1000",
                430
            ],
            [
                "0000",
                426
            ],
            [
                "0010",
                426
            ],
            [
                "1110",
                354
            ]
        ],
        "num_training_loops": 61,
        "final_training_cost": -0.201171875,
        "optimal_params": [
            4.642854094088191,
            2.0584363648134465,
            1.2923264439668143,
            0.49756270011075826,
            1.0147647673702487,
            0.15385497274303736,
            2.7207797062580648,
            3.7307386177809505
        ]
    }
}