{
    "metadata": {
        "qaoaLayers": 1,
        "backend_name": "ionq_simulator"
    },
    "result": {
        "instance_id": 70,
        "sampled_distribution": [
            [
                "1110",
                1218
            ],
            [
                "1100",
                881
            ],
            [
                "0110",
                873
            ],
            [
                "1111",
                854
            ],
            [
                "1010",
                849
            ],
            [
                "0100",
                627
            ],
            [
                "0010",
                608
            ],
            [
                "1000",
                589
            ],
            [
                "1011",
                572
            ],
            [
                "0111",
                554
            ],
            [
                "1101",
                533
            ],
            [
                "0011",
                415
            ],
            [
                "0000",
                381
            ],
            [
                "0101",
                381
            ],
            [
                "1001",
                376
            ],
            [
                "0001",
                289
            ]
        ],
        "num_training_loops": 24,
        "final_training_cost": 0.0673828125,
        "optimal_params": [
            4.018341674725424,
            1.0215539948771881
        ]
    }
}