{
    "metadata": {
        "qaoaLayers": 2,
        "backend_name": "aer_simulator_from(fake_torino)"
    },
    "result": {
        "instance_id": 21,
        "sampled_distribution": [
            [
                "0001",
                2642
            ],
            [
                "0101",
                2059
            ],
            [
                "1001",
                1882
            ],
            [
                "1101",
                1457
            ],
            [
                "0000",
                307
            ],
            [
                "0011",
                293
            ],
            [
                "0100",
                237
            ],
            [
                "1000",
                228
            ],
            [
                "0111",
                219
            ],
            [
                "1011",
                214
            ],
            [
                "1100",
                180
            ],
            [
                "1111",
                169
            ],
            [
                "1010",
                35
            ],
            [
                "0010",
                33
            ],
            [
                "0110",
                27
            ],
            [
                "1110",
                18
            ]
        ],
        "num_training_loops": 38,
        "final_training_cost": 0.01416015625,
        "optimal_params": [
            4.201871610373138,
            1.3702621355336153,
            0.9542552799383056,
            1.5346208858473525
        ]
    }
}