{
    "metadata": {
        "qaoaLayers": 20,
        "backend_name": "ionq_simulator"
    },
    "result": {
        "instance_id": 32,
        "sampled_distribution": [
            [
                "1110",
                2626
            ],
            [
                "0011",
                2302
            ],
            [
                "1001",
                2274
            ],
            [
                "0001",
                1344
            ],
            [
                "1100",
                564
            ],
            [
                "0110",
                519
            ],
            [
                "1101",
                116
            ],
            [
                "0111",
                115
            ],
            [
                "0100",
                51
            ],
            [
                "0010",
                46
            ],
            [
                "1000",
                43
            ]
        ],
        "num_training_loops": 409,
        "final_training_cost": -1.9189453125,
        "optimal_params": [
            3.2612897943459758,
            3.0043221182126074,
            3.727805201083418,
            3.698232783773949,
            2.5584012995489553,
            2.2758726077567877,
            2.3150304634641405,
            2.08670115844762,
            1.944066824955608,
            1.2753687430755758,
            1.564061166228232,
            1.6925582895635582,
            1.149950241538572,
            1.919542539638876,
            0.8972257690050145,
            0.7417682767335931,
            0.5842989495445959,
            0.5044089706329365,
            0.4891458757431212,
            0.6103548403040422,
            -0.2627912099725955,
            1.4986501946766646,
            1.3410668795877843,
            0.40544280334711996,
            0.6603990485556834,
            0.8101023292521264,
            0.8314203816668017,
            1.136430312551959,
            1.1208963063169455,
            1.630248510277559,
            1.4886895665999018,
            1.5702275494034064,
            1.8682206067016192,
            2.021027481162716,
            2.2045330012960456,
            2.2767923900323823,
            2.465559235728486,
            2.7558422750948917,
            2.8667865015878538,
            2.9028263899974
        ]
    }
}