{
    "metadata": {
        "qaoaLayers": 4,
        "backend_name": "aer_simulator_from(fake_torino)"
    },
    "result": {
        "instance_id": 87,
        "sampled_distribution": [
            [
                "1110",
                4112
            ],
            [
                "0110",
                1893
            ],
            [
                "1100",
                1794
            ],
            [
                "0100",
                366
            ],
            [
                "1111",
                353
            ],
            [
                "0101",
                308
            ],
            [
                "1101",
                285
            ],
            [
                "0111",
                282
            ],
            [
                "1010",
                230
            ],
            [
                "0010",
                104
            ],
            [
                "1000",
                87
            ],
            [
                "1011",
                51
            ],
            [
                "1001",
                40
            ],
            [
                "0011",
                39
            ],
            [
                "0001",
                32
            ],
            [
                "0000",
                24
            ]
        ],
        "num_training_loops": 74,
        "final_training_cost": -1.30712890625,
        "optimal_params": [
            3.34936514645413,
            1.7242081747367701,
            1.2431660615897324,
            1.0907706589931667,
            0.40426994285471063,
            0.768959975215905,
            0.7392223676607699,
            1.5813075985645768
        ]
    }
}