{
    "metadata": {
        "qaoaLayers": 4,
        "backend_name": "ionq_simulator"
    },
    "result": {
        "instance_id": 65,
        "sampled_distribution": [
            [
                "1010",
                1787
            ],
            [
                "0110",
                1628
            ],
            [
                "1110",
                1128
            ],
            [
                "1011",
                877
            ],
            [
                "1000",
                852
            ],
            [
                "1101",
                753
            ],
            [
                "0101",
                662
            ],
            [
                "1001",
                631
            ],
            [
                "0010",
                479
            ],
            [
                "0001",
                366
            ],
            [
                "0111",
                363
            ],
            [
                "0100",
                262
            ],
            [
                "1111",
                81
            ],
            [
                "1100",
                76
            ],
            [
                "0011",
                35
            ],
            [
                "0000",
                20
            ]
        ],
        "num_training_loops": 78,
        "final_training_cost": -0.86572265625,
        "optimal_params": [
            3.2330444091697346,
            2.2901254817019048,
            2.514329207730988,
            0.8805892297916905,
            -0.012361085350563315,
            0.861827504595751,
            1.9434450402343526,
            2.1196843040186586
        ]
    }
}