{
    "metadata": {
        "qaoaLayers": 2,
        "backend_name": "EMU:15Q:LOGICAL_EARLY"
    },
    "result": {
        "instance_id": 83,
        "sampled_distribution": [
            [
                "0110",
                875
            ],
            [
                "1010",
                842
            ],
            [
                "1110",
                841
            ],
            [
                "0010",
                795
            ],
            [
                "1100",
                785
            ],
            [
                "0100",
                781
            ],
            [
                "0000",
                723
            ],
            [
                "1000",
                679
            ],
            [
                "1111",
                547
            ],
            [
                "0111",
                519
            ],
            [
                "1101",
                467
            ],
            [
                "0011",
                459
            ],
            [
                "1011",
                447
            ],
            [
                "0101",
                435
            ],
            [
                "0001",
                421
            ],
            [
                "1001",
                384
            ]
        ],
        "num_training_loops": 30,
        "final_training_cost": -0.03857421875,
        "optimal_params": [
            3.1422940553159084,
            1.5713433250558535,
            -0.00061076565406421,
            1.571097894234066
        ]
    }
}