{
    "metadata": {
        "qaoaLayers": 4,
        "backend_name": "ionq_simulator"
    },
    "result": {
        "instance_id": 13,
        "sampled_distribution": [
            [
                "1010",
                2535
            ],
            [
                "1110",
                1406
            ],
            [
                "0101",
                848
            ],
            [
                "0011",
                636
            ],
            [
                "1001",
                623
            ],
            [
                "0110",
                622
            ],
            [
                "1100",
                607
            ],
            [
                "0100",
                591
            ],
            [
                "0010",
                574
            ],
            [
                "1000",
                558
            ],
            [
                "0001",
                453
            ],
            [
                "1011",
                435
            ],
            [
                "0000",
                77
            ],
            [
                "1111",
                35
            ]
        ],
        "num_training_loops": 76,
        "final_training_cost": -0.9970703125,
        "optimal_params": [
            4.198900669927944,
            2.503976523851435,
            1.5524625026491603,
            0.9265420449038748,
            0.961591945577457,
            1.0072826535195052,
            2.618420505533491,
            2.630408269802453
        ]
    }
}