{
    "metadata": {
        "qaoaLayers": 4,
        "backend_name": "aer_simulator_from(fake_torino)"
    },
    "result": {
        "instance_id": 18,
        "sampled_distribution": [
            [
                "1101",
                2128
            ],
            [
                "1001",
                2068
            ],
            [
                "0110",
                2037
            ],
            [
                "0010",
                1833
            ],
            [
                "1010",
                200
            ],
            [
                "1110",
                196
            ],
            [
                "0001",
                181
            ],
            [
                "0101",
                179
            ],
            [
                "0111",
                175
            ],
            [
                "1100",
                172
            ],
            [
                "1000",
                152
            ],
            [
                "0011",
                151
            ],
            [
                "1111",
                136
            ],
            [
                "1011",
                135
            ],
            [
                "0100",
                134
            ],
            [
                "0000",
                123
            ]
        ],
        "num_training_loops": 65,
        "final_training_cost": -0.7705078125,
        "optimal_params": [
            3.9143484940217164,
            2.343953249199334,
            1.5338732606227963,
            0.7667924771796851,
            -0.13111396002089962,
            0.7616036666356798,
            1.5115948501713175,
            2.4619259156801556
        ]
    }
}