{
    "metadata": {
        "qaoaLayers": 1,
        "backend_name": "EMU:15Q:LOGICAL_EARLY"
    },
    "result": {
        "instance_id": 26,
        "sampled_distribution": [
            [
                "1001",
                1094
            ],
            [
                "0101",
                1092
            ],
            [
                "0001",
                1086
            ],
            [
                "1101",
                1075
            ],
            [
                "0111",
                870
            ],
            [
                "0011",
                865
            ],
            [
                "1011",
                861
            ],
            [
                "1111",
                827
            ],
            [
                "0000",
                341
            ],
            [
                "1100",
                319
            ],
            [
                "0100",
                303
            ],
            [
                "1000",
                296
            ],
            [
                "0010",
                272
            ],
            [
                "1010",
                249
            ],
            [
                "0110",
                233
            ],
            [
                "1110",
                217
            ]
        ],
        "num_training_loops": 19,
        "final_training_cost": -0.02978515625,
        "optimal_params": [
            3.1413092183587583,
            0.0009589913815089041
        ]
    }
}