{
    "metadata": {
        "qaoaLayers": 3,
        "backend_name": "aer_simulator"
    },
    "result": {
        "instance_id": 64,
        "sampled_distribution": [
            [
                "0001",
                1936
            ],
            [
                "0011",
                1455
            ],
            [
                "1001",
                1380
            ],
            [
                "1011",
                916
            ],
            [
                "0010",
                680
            ],
            [
                "0101",
                659
            ],
            [
                "1100",
                645
            ],
            [
                "1010",
                507
            ],
            [
                "1110",
                496
            ],
            [
                "1101",
                431
            ],
            [
                "1111",
                254
            ],
            [
                "1000",
                249
            ],
            [
                "0110",
                148
            ],
            [
                "0100",
                100
            ],
            [
                "0000",
                94
            ],
            [
                "0111",
                50
            ]
        ],
        "num_training_loops": 58,
        "final_training_cost": -0.751953125,
        "optimal_params": [
            2.4468122156113323,
            2.7006089425090076,
            1.148688002131256,
            1.027798278471922,
            1.0171652019254938,
            1.8819895913596452
        ]
    }
}