{
    "metadata": {
        "qaoaLayers": 3,
        "backend_name": "ionq_simulator"
    },
    "result": {
        "instance_id": 58,
        "sampled_distribution": [
            [
                "1010",
                1405
            ],
            [
                "0101",
                1251
            ],
            [
                "0011",
                897
            ],
            [
                "1001",
                887
            ],
            [
                "0001",
                769
            ],
            [
                "1101",
                643
            ],
            [
                "0100",
                621
            ],
            [
                "1011",
                611
            ],
            [
                "0111",
                566
            ],
            [
                "1110",
                555
            ],
            [
                "0010",
                537
            ],
            [
                "1000",
                528
            ],
            [
                "1100",
                367
            ],
            [
                "0110",
                347
            ],
            [
                "0000",
                16
            ]
        ],
        "num_training_loops": 73,
        "final_training_cost": -0.96044921875,
        "optimal_params": [
            3.985764606202576,
            3.9145062585812194,
            2.2861832923083276,
            -0.0168380605747255,
            0.5738558534645704,
            0.819067178573791
        ]
    }
}