{
    "metadata": {
        "qaoaLayers": 4,
        "backend_name": "ionq_simulator"
    },
    "result": {
        "instance_id": 87,
        "sampled_distribution": [
            [
                "0110",
                3404
            ],
            [
                "1100",
                3278
            ],
            [
                "1110",
                488
            ],
            [
                "1111",
                486
            ],
            [
                "1101",
                475
            ],
            [
                "0111",
                458
            ],
            [
                "0101",
                291
            ],
            [
                "0100",
                278
            ],
            [
                "1011",
                258
            ],
            [
                "0010",
                134
            ],
            [
                "1000",
                120
            ],
            [
                "0001",
                96
            ],
            [
                "0011",
                78
            ],
            [
                "1001",
                75
            ],
            [
                "1010",
                50
            ],
            [
                "0000",
                31
            ]
        ],
        "num_training_loops": 90,
        "final_training_cost": -1.212890625,
        "optimal_params": [
            3.3691473329036574,
            1.8431283726588616,
            1.8630916865069158,
            1.8740140192842696,
            -0.2154288472454896,
            0.6887243957213761,
            1.7939121085682002,
            2.2808113345730443
        ]
    }
}