{
    "metadata": {
        "qaoaLayers": 20,
        "backend_name": "ionq_simulator"
    },
    "result": {
        "instance_id": 65,
        "sampled_distribution": [
            [
                "0101",
                3992
            ],
            [
                "0111",
                2513
            ],
            [
                "0001",
                1700
            ],
            [
                "0110",
                546
            ],
            [
                "1011",
                375
            ],
            [
                "1101",
                251
            ],
            [
                "1001",
                151
            ],
            [
                "0010",
                132
            ],
            [
                "0100",
                102
            ],
            [
                "1010",
                90
            ],
            [
                "1110",
                70
            ],
            [
                "1000",
                40
            ],
            [
                "1111",
                20
            ],
            [
                "0000",
                18
            ]
        ],
        "num_training_loops": 251,
        "final_training_cost": -0.90869140625,
        "optimal_params": [
            4.137938317472332,
            2.9941361899262944,
            2.8218332455174506,
            2.788940133273135,
            2.5183921427864693,
            3.394142995363572,
            2.198380330835369,
            2.046232781834556,
            1.7625220541313322,
            2.7366598681798484,
            1.5593563375663897,
            1.412096934756235,
            1.018742968724803,
            1.162867659343165,
            0.9418259825479188,
            0.7841199761446906,
            0.6501743497492607,
            0.4698422364948864,
            0.31210101647201094,
            0.15553181802224428,
            0.8831350032797932,
            0.15549559567117888,
            0.3084518106848869,
            0.4661552662387392,
            0.6258269563281701,
            0.7876673463281526,
            0.937574562641398,
            1.1263545992194286,
            1.2522939546807657,
            1.41340981164491,
            1.5634548412973992,
            1.7278643091220585,
            1.8777183667570105,
            2.0816145957647048,
            2.199119244435051,
            2.3494605332743594,
            2.6004440529257904,
            2.575910129447782,
            2.823790075885931,
            2.98049196801013
        ]
    }
}