{
    "metadata": {
        "qaoaLayers": 4,
        "backend_name": "aer_simulator_from(fake_torino)"
    },
    "result": {
        "instance_id": 49,
        "sampled_distribution": [
            [
                "1101",
                2030
            ],
            [
                "1100",
                1913
            ],
            [
                "1001",
                1276
            ],
            [
                "1110",
                1023
            ],
            [
                "0100",
                608
            ],
            [
                "0110",
                504
            ],
            [
                "0101",
                470
            ],
            [
                "0001",
                429
            ],
            [
                "0111",
                333
            ],
            [
                "1111",
                289
            ],
            [
                "1011",
                284
            ],
            [
                "1000",
                271
            ],
            [
                "1010",
                239
            ],
            [
                "0011",
                170
            ],
            [
                "0010",
                113
            ],
            [
                "0000",
                48
            ]
        ],
        "num_training_loops": 69,
        "final_training_cost": -0.7470703125,
        "optimal_params": [
            4.157491557820983,
            3.922266234326786,
            1.149639467075825,
            0.3294648618640237,
            1.2592818688382108,
            0.5075107304066012,
            1.3930365320149207,
            1.72088332986603
        ]
    }
}