{
    "metadata": {
        "qaoaLayers": 2,
        "backend_name": "EMU:15Q:LOGICAL_EARLY"
    },
    "result": {
        "instance_id": 56,
        "sampled_distribution": [
            [
                "0000",
                1055
            ],
            [
                "1000",
                1041
            ],
            [
                "1100",
                963
            ],
            [
                "0100",
                937
            ],
            [
                "1010",
                683
            ],
            [
                "0110",
                634
            ],
            [
                "0010",
                616
            ],
            [
                "1110",
                596
            ],
            [
                "1001",
                565
            ],
            [
                "0001",
                547
            ],
            [
                "0101",
                541
            ],
            [
                "1101",
                520
            ],
            [
                "1011",
                367
            ],
            [
                "0011",
                323
            ],
            [
                "1111",
                323
            ],
            [
                "0111",
                289
            ]
        ],
        "num_training_loops": 32,
        "final_training_cost": -0.044921875,
        "optimal_params": [
            4.141833068156971,
            2.569943424888221,
            0.00044533379523160877,
            1.570924533597767
        ]
    }
}