{
    "metadata": {
        "qaoaLayers": 4,
        "backend_name": "aer_simulator"
    },
    "result": {
        "instance_id": 33,
        "sampled_distribution": [
            [
                "0111",
                8011
            ],
            [
                "0101",
                711
            ],
            [
                "0011",
                662
            ],
            [
                "0110",
                436
            ],
            [
                "0001",
                61
            ],
            [
                "1011",
                36
            ],
            [
                "0010",
                27
            ],
            [
                "1110",
                22
            ],
            [
                "1111",
                18
            ],
            [
                "0100",
                5
            ],
            [
                "1101",
                3
            ],
            [
                "1100",
                3
            ],
            [
                "1001",
                3
            ],
            [
                "0000",
                1
            ],
            [
                "1010",
                1
            ]
        ],
        "num_training_loops": 66,
        "final_training_cost": -0.99072265625,
        "optimal_params": [
            3.219943820670132,
            2.374615938054038,
            2.4541676486210164,
            1.766517384847015,
            1.0287271006124123,
            0.8231326728886036,
            1.5340225456494987,
            2.306737418061847
        ]
    }
}