{
    "metadata": {
        "qaoaLayers": 2,
        "backend_name": "EMU:15Q:LOGICAL_EARLY"
    },
    "result": {
        "instance_id": 85,
        "sampled_distribution": [
            [
                "0110",
                731
            ],
            [
                "0010",
                710
            ],
            [
                "1010",
                702
            ],
            [
                "1110",
                700
            ],
            [
                "1011",
                666
            ],
            [
                "0011",
                654
            ],
            [
                "0000",
                647
            ],
            [
                "0111",
                641
            ],
            [
                "0100",
                624
            ],
            [
                "1111",
                613
            ],
            [
                "1100",
                609
            ],
            [
                "1000",
                586
            ],
            [
                "1001",
                556
            ],
            [
                "1101",
                528
            ],
            [
                "0101",
                527
            ],
            [
                "0001",
                506
            ]
        ],
        "num_training_loops": 34,
        "final_training_cost": -0.02099609375,
        "optimal_params": [
            3.144197808931561,
            1.5738784759328304,
            1.0117697982127822,
            1.5518293350777597
        ]
    }
}