{
    "metadata": {
        "qaoaLayers": 3,
        "backend_name": "ionq_simulator"
    },
    "result": {
        "instance_id": 60,
        "sampled_distribution": [
            [
                "0001",
                782
            ],
            [
                "1001",
                702
            ],
            [
                "0101",
                669
            ],
            [
                "0011",
                667
            ],
            [
                "1011",
                667
            ],
            [
                "1101",
                667
            ],
            [
                "0000",
                664
            ],
            [
                "1000",
                630
            ],
            [
                "0010",
                625
            ],
            [
                "0111",
                606
            ],
            [
                "0100",
                590
            ],
            [
                "1010",
                576
            ],
            [
                "1100",
                560
            ],
            [
                "1111",
                553
            ],
            [
                "0110",
                543
            ],
            [
                "1110",
                499
            ]
        ],
        "num_training_loops": 50,
        "final_training_cost": -0.01318359375,
        "optimal_params": [
            4.726424664307068,
            2.011373844228659,
            0.3187655899597936,
            1.040993926497278,
            0.8495229073984045,
            3.1217467296332067
        ]
    }
}