{
    "metadata": {
        "qaoaLayers": 1,
        "backend_name": "aer_simulator_from(fake_torino)"
    },
    "result": {
        "instance_id": 70,
        "sampled_distribution": [
            [
                "0001",
                689
            ],
            [
                "1001",
                671
            ],
            [
                "1101",
                659
            ],
            [
                "0000",
                659
            ],
            [
                "0100",
                650
            ],
            [
                "0110",
                638
            ],
            [
                "1011",
                635
            ],
            [
                "0011",
                632
            ],
            [
                "0101",
                624
            ],
            [
                "0111",
                624
            ],
            [
                "1000",
                612
            ],
            [
                "0010",
                609
            ],
            [
                "1010",
                600
            ],
            [
                "1111",
                596
            ],
            [
                "1100",
                555
            ],
            [
                "1110",
                547
            ]
        ],
        "num_training_loops": 24,
        "final_training_cost": -0.0009765625,
        "optimal_params": [
            3.918751972772922,
            1.147989033699208
        ]
    }
}