{
    "metadata": {
        "qaoaLayers": 20,
        "backend_name": "ionq_simulator"
    },
    "result": {
        "instance_id": 5,
        "sampled_distribution": [
            [
                "0001",
                2375
            ],
            [
                "1110",
                1163
            ],
            [
                "1010",
                804
            ],
            [
                "1001",
                794
            ],
            [
                "0011",
                786
            ],
            [
                "1100",
                764
            ],
            [
                "0110",
                754
            ],
            [
                "0101",
                749
            ],
            [
                "0111",
                426
            ],
            [
                "1011",
                426
            ],
            [
                "1101",
                387
            ],
            [
                "0010",
                186
            ],
            [
                "0100",
                180
            ],
            [
                "1000",
                180
            ],
            [
                "0000",
                15
            ],
            [
                "1111",
                11
            ]
        ],
        "num_training_loops": 322,
        "final_training_cost": -0.90478515625,
        "optimal_params": [
            3.189508584259227,
            3.030919656783303,
            2.8561463899472654,
            3.540299640520107,
            2.5450813898188924,
            2.370442443084164,
            2.2500993772542404,
            2.0599241000802704,
            2.9262134873565766,
            1.7031740641211106,
            1.5409662659857595,
            1.4182180219093194,
            1.2751445198687634,
            1.1163801519729628,
            0.9251054015603669,
            0.8344513983535536,
            0.6778385611658176,
            0.46132078698499374,
            0.3642374470914119,
            0.08163024769694648,
            1.0728099850588801,
            0.660528307956065,
            0.3395328015978152,
            0.459772837905118,
            1.8072475960877297,
            0.9767068760227989,
            1.9314717455731398,
            1.0231649569322496,
            1.1491603414528617,
            1.3563956718030379,
            1.5810640873158093,
            1.791549820889125,
            1.9145617937500792,
            2.120170161172322,
            3.160434214338899,
            2.3647754501831746,
            2.5509594743678488,
            2.6735450354726686,
            2.848270649535521,
            3.0461539793813204
        ]
    }
}