{
    "metadata": {
        "qaoaLayers": 4,
        "backend_name": "EMU:15Q:LOGICAL_EARLY"
    },
    "result": {
        "instance_id": 86,
        "sampled_distribution": [
            [
                "1110",
                655
            ],
            [
                "0101",
                651
            ],
            [
                "1111",
                641
            ],
            [
                "1010",
                640
            ],
            [
                "0001",
                637
            ],
            [
                "0100",
                636
            ],
            [
                "0010",
                631
            ],
            [
                "1001",
                631
            ],
            [
                "0011",
                629
            ],
            [
                "0110",
                626
            ],
            [
                "1000",
                621
            ],
            [
                "1011",
                610
            ],
            [
                "0111",
                605
            ],
            [
                "1101",
                603
            ],
            [
                "0000",
                597
            ],
            [
                "1100",
                587
            ]
        ],
        "num_training_loops": 66,
        "final_training_cost": 0.0068359375,
        "optimal_params": [
            3.459005841145388,
            2.856169609953645,
            2.849514482620495,
            1.8652728639370524,
            1.0041821310197363,
            -0.02090056472233661,
            1.2724535562099055,
            2.0748496883243965
        ]
    }
}