{
    "metadata": {
        "qaoaLayers": 3,
        "backend_name": "aer_simulator"
    },
    "result": {
        "instance_id": 85,
        "sampled_distribution": [
            [
                "1001",
                2379
            ],
            [
                "0110",
                2179
            ],
            [
                "0001",
                1626
            ],
            [
                "1110",
                1308
            ],
            [
                "1000",
                586
            ],
            [
                "0010",
                440
            ],
            [
                "0011",
                270
            ],
            [
                "1100",
                259
            ],
            [
                "0100",
                176
            ],
            [
                "0101",
                153
            ],
            [
                "0111",
                140
            ],
            [
                "1111",
                124
            ],
            [
                "1011",
                118
            ],
            [
                "1101",
                108
            ],
            [
                "1010",
                88
            ],
            [
                "0000",
                46
            ]
        ],
        "num_training_loops": 51,
        "final_training_cost": -0.95458984375,
        "optimal_params": [
            4.103095598616833,
            3.9408831777694133,
            1.033999410019865,
            -0.5079759925522341,
            0.7609292195538877,
            2.426372522518532
        ]
    }
}