{
    "metadata": {
        "qaoaLayers": 2,
        "backend_name": "ionq_simulator"
    },
    "result": {
        "instance_id": 70,
        "sampled_distribution": [
            [
                "0111",
                1347
            ],
            [
                "0011",
                1109
            ],
            [
                "0101",
                1106
            ],
            [
                "0001",
                933
            ],
            [
                "0110",
                659
            ],
            [
                "1111",
                657
            ],
            [
                "1011",
                552
            ],
            [
                "1101",
                552
            ],
            [
                "0100",
                547
            ],
            [
                "0010",
                509
            ],
            [
                "1001",
                477
            ],
            [
                "0000",
                474
            ],
            [
                "1110",
                307
            ],
            [
                "1100",
                279
            ],
            [
                "1010",
                271
            ],
            [
                "1000",
                221
            ]
        ],
        "num_training_loops": 34,
        "final_training_cost": 0.04638671875,
        "optimal_params": [
            4.839566570513908,
            0.8626006443182851,
            -0.27068072080127475,
            1.548612437900915
        ]
    }
}