{
    "metadata": {
        "qaoaLayers": 4,
        "backend_name": "aer_simulator_from(fake_torino)"
    },
    "result": {
        "instance_id": 57,
        "sampled_distribution": [
            [
                "1011",
                1157
            ],
            [
                "1110",
                1123
            ],
            [
                "0111",
                1070
            ],
            [
                "0100",
                1067
            ],
            [
                "0010",
                1027
            ],
            [
                "0001",
                1022
            ],
            [
                "1000",
                967
            ],
            [
                "1101",
                962
            ],
            [
                "1100",
                267
            ],
            [
                "0000",
                251
            ],
            [
                "0101",
                212
            ],
            [
                "0110",
                210
            ],
            [
                "1010",
                202
            ],
            [
                "1001",
                195
            ],
            [
                "0011",
                139
            ],
            [
                "1111",
                129
            ]
        ],
        "num_training_loops": 58,
        "final_training_cost": 0.01123046875,
        "optimal_params": [
            3.1410081538230266,
            2.356440913447446,
            1.5710124622904853,
            0.6599671288975208,
            0.0006619883093752952,
            0.7857615850793723,
            1.5667119410638135,
            2.352011551492876
        ]
    }
}