{
    "metadata": {
        "qaoaLayers": 3,
        "backend_name": "aer_simulator"
    },
    "result": {
        "instance_id": 56,
        "sampled_distribution": [
            [
                "1000",
                8514
            ],
            [
                "1010",
                700
            ],
            [
                "1100",
                686
            ],
            [
                "1110",
                64
            ],
            [
                "1001",
                13
            ],
            [
                "0000",
                12
            ],
            [
                "0010",
                5
            ],
            [
                "1101",
                3
            ],
            [
                "0001",
                2
            ],
            [
                "0100",
                1
            ]
        ],
        "num_training_loops": 49,
        "final_training_cost": -1.96337890625,
        "optimal_params": [
            3.121017071036907,
            2.2243223590098693,
            0.6218023015520597,
            -0.016734123948380603,
            0.9438004024484756,
            1.5633963138629465
        ]
    }
}