{
    "metadata": {
        "qaoaLayers": 1,
        "backend_name": "ionq_simulator"
    },
    "result": {
        "instance_id": 61,
        "sampled_distribution": [
            [
                "0001",
                8673
            ],
            [
                "1001",
                230
            ],
            [
                "0000",
                215
            ],
            [
                "0101",
                215
            ],
            [
                "0011",
                206
            ],
            [
                "0010",
                78
            ],
            [
                "0100",
                77
            ],
            [
                "0111",
                73
            ],
            [
                "1011",
                67
            ],
            [
                "1101",
                67
            ],
            [
                "1000",
                66
            ],
            [
                "1010",
                12
            ],
            [
                "1111",
                8
            ],
            [
                "0110",
                5
            ],
            [
                "1100",
                4
            ],
            [
                "1110",
                4
            ]
        ],
        "num_training_loops": 22,
        "final_training_cost": 0.01220703125,
        "optimal_params": [
            3.141900165449387,
            0.7519546730331711
        ]
    }
}