{
    "metadata": {
        "qaoaLayers": 1,
        "backend_name": "ionq_simulator"
    },
    "result": {
        "instance_id": 47,
        "sampled_distribution": [
            [
                "1110",
                2671
            ],
            [
                "0110",
                1052
            ],
            [
                "1010",
                1052
            ],
            [
                "1100",
                1049
            ],
            [
                "1111",
                1012
            ],
            [
                "1000",
                417
            ],
            [
                "0010",
                411
            ],
            [
                "0111",
                411
            ],
            [
                "0100",
                404
            ],
            [
                "1011",
                401
            ],
            [
                "1101",
                392
            ],
            [
                "0011",
                198
            ],
            [
                "0000",
                180
            ],
            [
                "0101",
                153
            ],
            [
                "1001",
                143
            ],
            [
                "0001",
                54
            ]
        ],
        "num_training_loops": 22,
        "final_training_cost": 0.0478515625,
        "optimal_params": [
            4.150839769480811,
            -0.001103874737308327
        ]
    }
}