{
    "metadata": {
        "qaoaLayers": 1,
        "backend_name": "EMU:15Q:LOGICAL_EARLY"
    },
    "result": {
        "instance_id": 88,
        "sampled_distribution": [
            [
                "1010",
                663
            ],
            [
                "0110",
                662
            ],
            [
                "0011",
                646
            ],
            [
                "1111",
                643
            ],
            [
                "0001",
                638
            ],
            [
                "0010",
                635
            ],
            [
                "0100",
                627
            ],
            [
                "0111",
                625
            ],
            [
                "1000",
                621
            ],
            [
                "1110",
                617
            ],
            [
                "1100",
                616
            ],
            [
                "0000",
                609
            ],
            [
                "1101",
                607
            ],
            [
                "1001",
                600
            ],
            [
                "0101",
                599
            ],
            [
                "1011",
                592
            ]
        ],
        "num_training_loops": 23,
        "final_training_cost": 0.03857421875,
        "optimal_params": [
            5.3664459449327735,
            1.5132231704702421
        ]
    }
}