{
    "metadata": {
        "qaoaLayers": 4,
        "backend_name": "EMU:15Q:LOGICAL_EARLY"
    },
    "result": {
        "instance_id": 79,
        "sampled_distribution": [
            [
                "0101",
                670
            ],
            [
                "0110",
                663
            ],
            [
                "1110",
                659
            ],
            [
                "1001",
                653
            ],
            [
                "0001",
                634
            ],
            [
                "0100",
                631
            ],
            [
                "1101",
                629
            ],
            [
                "0010",
                629
            ],
            [
                "1011",
                627
            ],
            [
                "0000",
                622
            ],
            [
                "0011",
                619
            ],
            [
                "1000",
                611
            ],
            [
                "1111",
                599
            ],
            [
                "1010",
                599
            ],
            [
                "1100",
                592
            ],
            [
                "0111",
                563
            ]
        ],
        "num_training_loops": 59,
        "final_training_cost": -0.00927734375,
        "optimal_params": [
            3.1299245731689243,
            2.3586798003676726,
            2.6303431083580673,
            0.7897152230682194,
            0.0033964424854422168,
            0.7977889828768893,
            1.5718568850239933,
            3.3532555564116837
        ]
    }
}