{
    "metadata": {
        "qaoaLayers": 3,
        "backend_name": "aer_simulator"
    },
    "result": {
        "instance_id": 78,
        "sampled_distribution": [
            [
                "0001",
                7114
            ],
            [
                "0011",
                1931
            ],
            [
                "0010",
                271
            ],
            [
                "0000",
                172
            ],
            [
                "1000",
                95
            ],
            [
                "0100",
                88
            ],
            [
                "1001",
                69
            ],
            [
                "0101",
                61
            ],
            [
                "0110",
                38
            ],
            [
                "0111",
                37
            ],
            [
                "1010",
                29
            ],
            [
                "1100",
                21
            ],
            [
                "1011",
                20
            ],
            [
                "1111",
                20
            ],
            [
                "1101",
                20
            ],
            [
                "1110",
                14
            ]
        ],
        "num_training_loops": 62,
        "final_training_cost": -1.2041015625,
        "optimal_params": [
            3.4278115078699596,
            1.8995262217354307,
            0.9279830788410525,
            1.0166335670997444,
            1.161634750149853,
            3.0733932335370295
        ]
    }
}