{
    "metadata": {
        "qaoaLayers": 2,
        "backend_name": "EMU:15Q:LOGICAL_EARLY"
    },
    "result": {
        "instance_id": 48,
        "sampled_distribution": [
            [
                "1110",
                783
            ],
            [
                "0010",
                760
            ],
            [
                "1010",
                751
            ],
            [
                "0000",
                750
            ],
            [
                "0110",
                737
            ],
            [
                "0100",
                727
            ],
            [
                "1100",
                708
            ],
            [
                "1000",
                703
            ],
            [
                "1111",
                548
            ],
            [
                "0101",
                532
            ],
            [
                "1011",
                531
            ],
            [
                "0011",
                507
            ],
            [
                "0001",
                506
            ],
            [
                "1101",
                504
            ],
            [
                "0111",
                485
            ],
            [
                "1001",
                468
            ]
        ],
        "num_training_loops": 30,
        "final_training_cost": -0.0029296875,
        "optimal_params": [
            3.142210290619577,
            1.5704776100235744,
            0.0006496544108810293,
            1.570202367906802
        ]
    }
}