{
    "metadata": {
        "qaoaLayers": 4,
        "backend_name": "aer_simulator_from(fake_torino)"
    },
    "result": {
        "instance_id": 100,
        "sampled_distribution": [
            [
                "1110",
                1160
            ],
            [
                "0100",
                1146
            ],
            [
                "0111",
                1129
            ],
            [
                "0010",
                1112
            ],
            [
                "1000",
                1112
            ],
            [
                "0001",
                1105
            ],
            [
                "1101",
                1079
            ],
            [
                "1011",
                1074
            ],
            [
                "1010",
                151
            ],
            [
                "1001",
                143
            ],
            [
                "1100",
                139
            ],
            [
                "0011",
                132
            ],
            [
                "0000",
                132
            ],
            [
                "0101",
                131
            ],
            [
                "0110",
                128
            ],
            [
                "1111",
                127
            ]
        ],
        "num_training_loops": 53,
        "final_training_cost": 0.05712890625,
        "optimal_params": [
            3.1413667028953163,
            2.357689552559862,
            1.5706003149711936,
            0.7846318844447155,
            1.000277220205438,
            0.7851076746779303,
            1.5720653122153192,
            2.3557642312916807
        ]
    }
}