{
    "metadata": {
        "qaoaLayers": 1,
        "backend_name": "aer_simulator"
    },
    "result": {
        "instance_id": 46,
        "sampled_distribution": [
            [
                "0001",
                732
            ],
            [
                "0000",
                705
            ],
            [
                "0101",
                702
            ],
            [
                "0011",
                692
            ],
            [
                "0010",
                668
            ],
            [
                "1001",
                666
            ],
            [
                "0100",
                655
            ],
            [
                "1011",
                613
            ],
            [
                "1000",
                608
            ],
            [
                "1101",
                605
            ],
            [
                "0111",
                596
            ],
            [
                "1100",
                594
            ],
            [
                "0110",
                569
            ],
            [
                "1010",
                549
            ],
            [
                "1111",
                547
            ],
            [
                "1110",
                499
            ]
        ],
        "num_training_loops": 22,
        "final_training_cost": 0.029296875,
        "optimal_params": [
            3.8962163359624276,
            -0.11989372452434063
        ]
    }
}