{
    "metadata": {
        "qaoaLayers": 1,
        "backend_name": "EMU:15Q:LOGICAL_EARLY"
    },
    "result": {
        "instance_id": 41,
        "sampled_distribution": [
            [
                "0110",
                776
            ],
            [
                "1000",
                741
            ],
            [
                "1010",
                741
            ],
            [
                "1110",
                727
            ],
            [
                "0010",
                715
            ],
            [
                "1100",
                701
            ],
            [
                "0000",
                696
            ],
            [
                "0100",
                673
            ],
            [
                "0111",
                596
            ],
            [
                "1011",
                541
            ],
            [
                "0011",
                534
            ],
            [
                "0101",
                533
            ],
            [
                "1111",
                533
            ],
            [
                "1001",
                508
            ],
            [
                "1101",
                503
            ],
            [
                "0001",
                482
            ]
        ],
        "num_training_loops": 22,
        "final_training_cost": 0.0185546875,
        "optimal_params": [
            5.230068871726259,
            0.5677035805154838
        ]
    }
}