{
    "metadata": {
        "qaoaLayers": 3,
        "backend_name": "ionq_simulator"
    },
    "result": {
        "instance_id": 87,
        "sampled_distribution": [
            [
                "0001",
                7461
            ],
            [
                "0000",
                593
            ],
            [
                "1001",
                398
            ],
            [
                "0011",
                391
            ],
            [
                "1000",
                227
            ],
            [
                "0101",
                216
            ],
            [
                "0100",
                213
            ],
            [
                "0010",
                202
            ],
            [
                "1011",
                192
            ],
            [
                "1010",
                36
            ],
            [
                "1101",
                19
            ],
            [
                "1100",
                17
            ],
            [
                "0110",
                16
            ],
            [
                "0111",
                13
            ],
            [
                "1110",
                6
            ]
        ],
        "num_training_loops": 55,
        "final_training_cost": -1.36669921875,
        "optimal_params": [
            3.1516809824688425,
            2.095643059523033,
            1.0325239846232779,
            -0.27442756993070266,
            1.1303698856172437,
            3.115029880647749
        ]
    }
}