{
    "metadata": {
        "qaoaLayers": 3,
        "backend_name": "ionq_simulator"
    },
    "result": {
        "instance_id": 67,
        "sampled_distribution": [
            [
                "1110",
                3350
            ],
            [
                "1010",
                922
            ],
            [
                "1111",
                865
            ],
            [
                "0110",
                853
            ],
            [
                "1100",
                835
            ],
            [
                "1000",
                741
            ],
            [
                "0111",
                689
            ],
            [
                "0010",
                248
            ],
            [
                "1101",
                237
            ],
            [
                "0100",
                219
            ],
            [
                "1011",
                216
            ],
            [
                "0000",
                184
            ],
            [
                "0101",
                175
            ],
            [
                "0011",
                170
            ],
            [
                "1001",
                156
            ],
            [
                "0001",
                140
            ]
        ],
        "num_training_loops": 47,
        "final_training_cost": -0.02294921875,
        "optimal_params": [
            4.142229509259026,
            2.152882550474901,
            2.2912017266253555,
            0.999537583152854,
            1.0475692865306638,
            2.09483924333975
        ]
    }
}