{
    "metadata": {
        "qaoaLayers": 1,
        "backend_name": "ionq_simulator"
    },
    "result": {
        "instance_id": 89,
        "sampled_distribution": [
            [
                "1011",
                661
            ],
            [
                "0011",
                656
            ],
            [
                "0101",
                655
            ],
            [
                "0100",
                649
            ],
            [
                "1001",
                648
            ],
            [
                "1000",
                645
            ],
            [
                "0000",
                643
            ],
            [
                "1100",
                642
            ],
            [
                "1101",
                642
            ],
            [
                "1010",
                620
            ],
            [
                "0001",
                603
            ],
            [
                "0111",
                601
            ],
            [
                "0110",
                597
            ],
            [
                "1110",
                591
            ],
            [
                "1111",
                583
            ],
            [
                "0010",
                564
            ]
        ],
        "num_training_loops": 28,
        "final_training_cost": -0.02197265625,
        "optimal_params": [
            3.920847742745059,
            0.0044079170929628
        ]
    }
}