{
    "metadata": {
        "qaoaLayers": 3,
        "backend_name": "aer_simulator"
    },
    "result": {
        "instance_id": 42,
        "sampled_distribution": [
            [
                "1110",
                3236
            ],
            [
                "1100",
                1270
            ],
            [
                "1111",
                1002
            ],
            [
                "1010",
                961
            ],
            [
                "0110",
                955
            ],
            [
                "0100",
                421
            ],
            [
                "1000",
                410
            ],
            [
                "1101",
                388
            ],
            [
                "1011",
                294
            ],
            [
                "0111",
                294
            ],
            [
                "0010",
                275
            ],
            [
                "0101",
                128
            ],
            [
                "0000",
                128
            ],
            [
                "1001",
                124
            ],
            [
                "0011",
                73
            ],
            [
                "0001",
                41
            ]
        ],
        "num_training_loops": 45,
        "final_training_cost": -0.00390625,
        "optimal_params": [
            3.1378084435240985,
            3.0992483052377175,
            1.0475166265883242,
            -0.1191708435508764,
            1.0844387012052372,
            2.092776186840002
        ]
    }
}