{
    "metadata": {
        "qaoaLayers": 1,
        "backend_name": "aer_simulator_from(fake_torino)"
    },
    "result": {
        "instance_id": 55,
        "sampled_distribution": [
            [
                "0001",
                8160
            ],
            [
                "1001",
                486
            ],
            [
                "0101",
                386
            ],
            [
                "0011",
                377
            ],
            [
                "0000",
                283
            ],
            [
                "1101",
                83
            ],
            [
                "0111",
                57
            ],
            [
                "1011",
                45
            ],
            [
                "0100",
                41
            ],
            [
                "1000",
                33
            ],
            [
                "0010",
                23
            ],
            [
                "1111",
                9
            ],
            [
                "0110",
                8
            ],
            [
                "1100",
                7
            ],
            [
                "1010",
                2
            ]
        ],
        "num_training_loops": 22,
        "final_training_cost": -0.0693359375,
        "optimal_params": [
            2.990076103167823,
            -0.16987053857251802
        ]
    }
}