{
    "metadata": {
        "qaoaLayers": 2,
        "backend_name": "EMU:15Q:LOGICAL_EARLY"
    },
    "result": {
        "instance_id": 42,
        "sampled_distribution": [
            [
                "1001",
                714
            ],
            [
                "1011",
                707
            ],
            [
                "0011",
                693
            ],
            [
                "0101",
                681
            ],
            [
                "0111",
                676
            ],
            [
                "1101",
                674
            ],
            [
                "0001",
                669
            ],
            [
                "1111",
                661
            ],
            [
                "0100",
                601
            ],
            [
                "1110",
                588
            ],
            [
                "0000",
                584
            ],
            [
                "1010",
                574
            ],
            [
                "1000",
                558
            ],
            [
                "1100",
                552
            ],
            [
                "0010",
                537
            ],
            [
                "0110",
                531
            ]
        ],
        "num_training_loops": 33,
        "final_training_cost": 0.01806640625,
        "optimal_params": [
            2.96671685557022,
            3.2230492674346736,
            -0.15841869570088288,
            0.8507151797805661
        ]
    }
}