{
    "metadata": {
        "qaoaLayers": 1,
        "backend_name": "EMU:15Q:LOGICAL_EARLY"
    },
    "result": {
        "instance_id": 69,
        "sampled_distribution": [
            [
                "1001",
                1234
            ],
            [
                "0001",
                1174
            ],
            [
                "0101",
                1090
            ],
            [
                "1101",
                1014
            ],
            [
                "0011",
                1013
            ],
            [
                "1011",
                968
            ],
            [
                "0111",
                798
            ],
            [
                "1111",
                757
            ],
            [
                "0000",
                339
            ],
            [
                "1000",
                278
            ],
            [
                "1100",
                252
            ],
            [
                "0010",
                240
            ],
            [
                "0100",
                238
            ],
            [
                "1010",
                226
            ],
            [
                "1110",
                197
            ],
            [
                "0110",
                182
            ]
        ],
        "num_training_loops": 19,
        "final_training_cost": -0.16845703125,
        "optimal_params": [
            3.1413287086458936,
            0.0009645377476230835
        ]
    }
}