{
    "metadata": {
        "qaoaLayers": 3,
        "backend_name": "aer_simulator"
    },
    "result": {
        "instance_id": 67,
        "sampled_distribution": [
            [
                "0001",
                786
            ],
            [
                "0111",
                759
            ],
            [
                "1000",
                724
            ],
            [
                "0011",
                715
            ],
            [
                "0101",
                678
            ],
            [
                "0000",
                662
            ],
            [
                "1001",
                649
            ],
            [
                "1110",
                645
            ],
            [
                "0110",
                603
            ],
            [
                "1010",
                602
            ],
            [
                "1100",
                569
            ],
            [
                "0010",
                541
            ],
            [
                "1011",
                531
            ],
            [
                "1101",
                527
            ],
            [
                "1111",
                518
            ],
            [
                "0100",
                491
            ]
        ],
        "num_training_loops": 48,
        "final_training_cost": 0.025390625,
        "optimal_params": [
            2.7836896583366006,
            2.051311260282923,
            1.5370618891730092,
            1.0089117868066484,
            1.2968277318428871,
            3.1115159857838948
        ]
    }
}