{
    "metadata": {
        "qaoaLayers": 2,
        "backend_name": "aer_simulator_from(fake_torino)"
    },
    "result": {
        "instance_id": 53,
        "sampled_distribution": [
            [
                "1110",
                1595
            ],
            [
                "1010",
                1144
            ],
            [
                "1100",
                1137
            ],
            [
                "0110",
                1088
            ],
            [
                "0111",
                777
            ],
            [
                "1111",
                690
            ],
            [
                "1101",
                670
            ],
            [
                "1011",
                640
            ],
            [
                "0000",
                487
            ],
            [
                "1000",
                389
            ],
            [
                "0010",
                314
            ],
            [
                "0100",
                304
            ],
            [
                "1001",
                260
            ],
            [
                "0001",
                197
            ],
            [
                "0101",
                157
            ],
            [
                "0011",
                151
            ]
        ],
        "num_training_loops": 41,
        "final_training_cost": 0.0791015625,
        "optimal_params": [
            3.7837171591068084,
            1.4511762579485585,
            1.1708213490894483,
            2.6152895552874864
        ]
    }
}