{
    "metadata": {
        "qaoaLayers": 3,
        "backend_name": "aer_simulator_from(fake_torino)"
    },
    "result": {
        "instance_id": 97,
        "sampled_distribution": [
            [
                "1110",
                3328
            ],
            [
                "1100",
                1026
            ],
            [
                "1111",
                1013
            ],
            [
                "1010",
                946
            ],
            [
                "0110",
                945
            ],
            [
                "0010",
                515
            ],
            [
                "1101",
                472
            ],
            [
                "0111",
                301
            ],
            [
                "1000",
                293
            ],
            [
                "0100",
                289
            ],
            [
                "1011",
                277
            ],
            [
                "0000",
                141
            ],
            [
                "0101",
                140
            ],
            [
                "0011",
                128
            ],
            [
                "1001",
                126
            ],
            [
                "0001",
                60
            ]
        ],
        "num_training_loops": 51,
        "final_training_cost": -0.001953125,
        "optimal_params": [
            4.7331072694144725,
            1.7918185645730595,
            0.8844697507473406,
            -0.5962455398826745,
            0.4286688273006851,
            3.465535864270254
        ]
    }
}