{
    "metadata": {
        "qaoaLayers": 4,
        "backend_name": "aer_simulator_from(fake_torino)"
    },
    "result": {
        "instance_id": 60,
        "sampled_distribution": [
            [
                "1001",
                1567
            ],
            [
                "0001",
                1449
            ],
            [
                "0110",
                1373
            ],
            [
                "1110",
                868
            ],
            [
                "1000",
                626
            ],
            [
                "0111",
                515
            ],
            [
                "1101",
                507
            ],
            [
                "1011",
                492
            ],
            [
                "0010",
                473
            ],
            [
                "0100",
                460
            ],
            [
                "0101",
                355
            ],
            [
                "1010",
                314
            ],
            [
                "0011",
                308
            ],
            [
                "1100",
                267
            ],
            [
                "1111",
                255
            ],
            [
                "0000",
                171
            ]
        ],
        "num_training_loops": 75,
        "final_training_cost": -0.1474609375,
        "optimal_params": [
            2.7870372358582762,
            2.267014428442654,
            1.5124045092900449,
            2.216839603232852,
            0.9987232938639324,
            0.8040939207918076,
            1.4188389163339565,
            2.4665598909611477
        ]
    }
}