{
    "metadata": {
        "qaoaLayers": 20,
        "backend_name": "aer_simulator"
    },
    "result": {
        "instance_id": 67,
        "sampled_distribution": [
            [
                "1110",
                1717
            ],
            [
                "1111",
                866
            ],
            [
                "1100",
                841
            ],
            [
                "0111",
                816
            ],
            [
                "0110",
                810
            ],
            [
                "1010",
                775
            ],
            [
                "1000",
                764
            ],
            [
                "1011",
                420
            ],
            [
                "0100",
                407
            ],
            [
                "0010",
                402
            ],
            [
                "0011",
                391
            ],
            [
                "1101",
                385
            ],
            [
                "0000",
                372
            ],
            [
                "0101",
                353
            ],
            [
                "1001",
                342
            ],
            [
                "0001",
                339
            ]
        ],
        "num_training_loops": 254,
        "final_training_cost": -0.009765625,
        "optimal_params": [
            4.141277986132224,
            2.9714704369748954,
            2.830639233445531,
            3.675937940950483,
            2.523521500299703,
            2.3614612162166027,
            3.4666700617776733,
            2.1298699337843128,
            1.8982156717789902,
            1.7145118264817647,
            1.5384288182332992,
            2.4510461235878744,
            1.2567035554934498,
            1.1015519861025085,
            0.9135563558828494,
            0.7994850853146945,
            0.6309903763445208,
            1.4609626352854432,
            0.3152847528075956,
            0.15159678646102845,
            -0.03720498353971903,
            0.1565878994336339,
            0.29724395460966546,
            0.4349549008968423,
            0.6054246129301113,
            0.7981885614983145,
            0.9069104891183953,
            2.1086142666626637,
            1.3361266359606943,
            1.4508201933411164,
            1.4452857599584004,
            1.7176550996302393,
            1.88842349230732,
            2.0320257365897563,
            2.205741950185094,
            2.370104774737221,
            2.5071399006125974,
            2.6568760269886647,
            2.8161908499557358,
            2.9785693701476905
        ]
    }
}