{
    "metadata": {
        "qaoaLayers": 20,
        "backend_name": "ionq_simulator"
    },
    "result": {
        "instance_id": 47,
        "sampled_distribution": [
            [
                "1001",
                2379
            ],
            [
                "0010",
                2172
            ],
            [
                "0011",
                1619
            ],
            [
                "1110",
                1184
            ],
            [
                "1011",
                722
            ],
            [
                "0100",
                616
            ],
            [
                "1101",
                421
            ],
            [
                "0001",
                237
            ],
            [
                "0101",
                168
            ],
            [
                "0110",
                168
            ],
            [
                "1010",
                159
            ],
            [
                "1000",
                52
            ],
            [
                "1111",
                33
            ],
            [
                "1100",
                30
            ],
            [
                "0000",
                21
            ],
            [
                "0111",
                19
            ]
        ],
        "num_training_loops": 321,
        "final_training_cost": -1.30712890625,
        "optimal_params": [
            4.1362622776824765,
            3.9881542564795804,
            2.8013588079280494,
            3.641219387199611,
            2.4834436132863518,
            2.4233588911143906,
            2.191098707071598,
            2.038015112003828,
            2.970797663406226,
            1.5243173688456233,
            1.6373141867730536,
            1.4556941871580782,
            1.3213341340258606,
            1.1468018284414827,
            0.9449743047680987,
            0.6851248233893098,
            0.6623658241869612,
            0.4924772432535587,
            0.5543681310023716,
            0.049290524776679494,
            1.050705167211818,
            0.10569898569377886,
            0.33577527319685757,
            0.4509704839808741,
            1.6387855818390693,
            1.0671020125658157,
            0.8482754184215279,
            1.1383443615896163,
            1.0915682039735166,
            1.4095542493296107,
            1.5755076607667495,
            1.935357277799633,
            1.624212999982362,
            2.024141390954725,
            2.2054066779607537,
            2.4190239349013214,
            2.3906490289587463,
            2.6947080691365883,
            2.7712835694645968,
            2.7371466446853883
        ]
    }
}