{
    "metadata": {
        "qaoaLayers": 4,
        "backend_name": "aer_simulator"
    },
    "result": {
        "instance_id": 86,
        "sampled_distribution": [
            [
                "0110",
                2333
            ],
            [
                "1001",
                2322
            ],
            [
                "0010",
                1877
            ],
            [
                "1101",
                1553
            ],
            [
                "1010",
                621
            ],
            [
                "1011",
                223
            ],
            [
                "0111",
                167
            ],
            [
                "1110",
                162
            ],
            [
                "0011",
                154
            ],
            [
                "0100",
                153
            ],
            [
                "0101",
                104
            ],
            [
                "1111",
                88
            ],
            [
                "1000",
                81
            ],
            [
                "1100",
                74
            ],
            [
                "0001",
                48
            ],
            [
                "0000",
                40
            ]
        ],
        "num_training_loops": 65,
        "final_training_cost": -1.068359375,
        "optimal_params": [
            4.130040983430662,
            2.309826327693735,
            1.572601397154024,
            0.6320225493276046,
            0.9688251594354398,
            0.7156145228451491,
            1.6129747697278989,
            2.394791069708015
        ]
    }
}