{
    "metadata": {
        "qaoaLayers": 3,
        "backend_name": "aer_simulator"
    },
    "result": {
        "instance_id": 38,
        "sampled_distribution": [
            [
                "0001",
                7762
            ],
            [
                "0011",
                1518
            ],
            [
                "0010",
                169
            ],
            [
                "1011",
                96
            ],
            [
                "1001",
                84
            ],
            [
                "0101",
                67
            ],
            [
                "0111",
                61
            ],
            [
                "0000",
                54
            ],
            [
                "1000",
                49
            ],
            [
                "0100",
                48
            ],
            [
                "1100",
                24
            ],
            [
                "0110",
                23
            ],
            [
                "1010",
                17
            ],
            [
                "1111",
                11
            ],
            [
                "1101",
                9
            ],
            [
                "1110",
                8
            ]
        ],
        "num_training_loops": 59,
        "final_training_cost": -1.2197265625,
        "optimal_params": [
            3.3847289396963736,
            1.903288954295324,
            0.9324860935670211,
            1.0393263722595552,
            2.114084494391387,
            3.1462056331278228
        ]
    }
}