{
    "metadata": {
        "qaoaLayers": 4,
        "backend_name": "aer_simulator"
    },
    "result": {
        "instance_id": 19,
        "sampled_distribution": [
            [
                "1000",
                3312
            ],
            [
                "1010",
                2534
            ],
            [
                "1100",
                2486
            ],
            [
                "0111",
                288
            ],
            [
                "0110",
                220
            ],
            [
                "1001",
                219
            ],
            [
                "0000",
                181
            ],
            [
                "0010",
                170
            ],
            [
                "0100",
                165
            ],
            [
                "1011",
                132
            ],
            [
                "1101",
                115
            ],
            [
                "1110",
                80
            ],
            [
                "0011",
                34
            ],
            [
                "0101",
                29
            ],
            [
                "0001",
                19
            ],
            [
                "1111",
                16
            ]
        ],
        "num_training_loops": 80,
        "final_training_cost": -1.625,
        "optimal_params": [
            2.794202394303108,
            2.0817327934758834,
            1.4039789938249638,
            1.9598441104316044,
            1.0535277523616533,
            0.48754687916345724,
            2.739347650718786,
            2.1560662184848702
        ]
    }
}