{
    "metadata": {
        "qaoaLayers": 2,
        "backend_name": "ionq_simulator"
    },
    "result": {
        "instance_id": 96,
        "sampled_distribution": [
            [
                "1110",
                875
            ],
            [
                "1010",
                778
            ],
            [
                "0110",
                740
            ],
            [
                "1111",
                731
            ],
            [
                "1100",
                722
            ],
            [
                "1011",
                649
            ],
            [
                "1000",
                620
            ],
            [
                "0111",
                613
            ],
            [
                "0010",
                607
            ],
            [
                "1101",
                593
            ],
            [
                "0100",
                563
            ],
            [
                "1001",
                557
            ],
            [
                "0101",
                521
            ],
            [
                "0011",
                507
            ],
            [
                "0000",
                491
            ],
            [
                "0001",
                433
            ]
        ],
        "num_training_loops": 37,
        "final_training_cost": 0.005859375,
        "optimal_params": [
            4.842224686187426,
            0.8683267635207329,
            -0.003351147694854929,
            1.550139908375111
        ]
    }
}