{
    "metadata": {
        "qaoaLayers": 2,
        "backend_name": "ionq_simulator"
    },
    "result": {
        "instance_id": 48,
        "sampled_distribution": [
            [
                "1110",
                7865
            ],
            [
                "1111",
                422
            ],
            [
                "1010",
                400
            ],
            [
                "0110",
                296
            ],
            [
                "1100",
                266
            ],
            [
                "1011",
                159
            ],
            [
                "1101",
                132
            ],
            [
                "1000",
                131
            ],
            [
                "0111",
                128
            ],
            [
                "0010",
                126
            ],
            [
                "0011",
                22
            ],
            [
                "1001",
                18
            ],
            [
                "0101",
                13
            ],
            [
                "0100",
                12
            ],
            [
                "0000",
                9
            ],
            [
                "0001",
                1
            ]
        ],
        "num_training_loops": 30,
        "final_training_cost": -0.73779296875,
        "optimal_params": [
            3.165309153248707,
            1.5924373450754032,
            -0.1243468925120564,
            1.5680269492574979
        ]
    }
}