{
    "metadata": {
        "qaoaLayers": 1,
        "backend_name": "EMU:15Q:LOGICAL_EARLY"
    },
    "result": {
        "instance_id": 1,
        "sampled_distribution": [
            [
                "0001",
                1368
            ],
            [
                "1001",
                1271
            ],
            [
                "0011",
                932
            ],
            [
                "1011",
                906
            ],
            [
                "0101",
                638
            ],
            [
                "1000",
                631
            ],
            [
                "1101",
                611
            ],
            [
                "0000",
                607
            ],
            [
                "0010",
                511
            ],
            [
                "0111",
                495
            ],
            [
                "1111",
                479
            ],
            [
                "1010",
                460
            ],
            [
                "0100",
                343
            ],
            [
                "1100",
                313
            ],
            [
                "0110",
                218
            ],
            [
                "1110",
                217
            ]
        ],
        "num_training_loops": 19,
        "final_training_cost": -0.064453125,
        "optimal_params": [
            3.1423720464092306,
            -0.0006265355800028465
        ]
    }
}