{
    "metadata": {
        "qaoaLayers": 4,
        "backend_name": "aer_simulator"
    },
    "result": {
        "instance_id": 15,
        "sampled_distribution": [
            [
                "1100",
                4146
            ],
            [
                "0110",
                4104
            ],
            [
                "1110",
                1291
            ],
            [
                "0111",
                194
            ],
            [
                "1101",
                191
            ],
            [
                "1111",
                24
            ],
            [
                "0100",
                17
            ],
            [
                "1011",
                15
            ],
            [
                "0010",
                5
            ],
            [
                "1000",
                5
            ],
            [
                "1010",
                4
            ],
            [
                "0001",
                2
            ],
            [
                "0101",
                1
            ],
            [
                "0000",
                1
            ]
        ],
        "num_training_loops": 92,
        "final_training_cost": -1.8994140625,
        "optimal_params": [
            3.3544968607493684,
            1.804188808208929,
            1.7951864842309837,
            1.7885218464696815,
            0.9793404655587847,
            0.7471007611240786,
            1.6734158245744155,
            2.326620144607866
        ]
    }
}