{
    "metadata": {
        "qaoaLayers": 3,
        "backend_name": "aer_simulator_from(fake_torino)"
    },
    "result": {
        "instance_id": 61,
        "sampled_distribution": [
            [
                "0001",
                1819
            ],
            [
                "1001",
                1163
            ],
            [
                "0101",
                1159
            ],
            [
                "0011",
                1158
            ],
            [
                "1101",
                711
            ],
            [
                "0111",
                708
            ],
            [
                "1011",
                653
            ],
            [
                "1110",
                593
            ],
            [
                "0000",
                350
            ],
            [
                "1010",
                321
            ],
            [
                "0110",
                316
            ],
            [
                "1100",
                307
            ],
            [
                "1111",
                270
            ],
            [
                "0010",
                163
            ],
            [
                "0100",
                155
            ],
            [
                "1000",
                154
            ]
        ],
        "num_training_loops": 57,
        "final_training_cost": -0.48779296875,
        "optimal_params": [
            1.8411339783805392,
            1.2356977716395532,
            0.5644001947399591,
            0.05742775182650207,
            0.4822471249684663,
            2.0701879411595665
        ]
    }
}