{
    "metadata": {
        "qaoaLayers": 1,
        "backend_name": "aer_simulator"
    },
    "result": {
        "instance_id": 66,
        "sampled_distribution": [
            [
                "1110",
                2487
            ],
            [
                "1010",
                1103
            ],
            [
                "1111",
                1027
            ],
            [
                "0110",
                1024
            ],
            [
                "1100",
                999
            ],
            [
                "1000",
                457
            ],
            [
                "0010",
                441
            ],
            [
                "0111",
                421
            ],
            [
                "1011",
                415
            ],
            [
                "1101",
                407
            ],
            [
                "0100",
                396
            ],
            [
                "0101",
                196
            ],
            [
                "0000",
                191
            ],
            [
                "1001",
                174
            ],
            [
                "0011",
                172
            ],
            [
                "0001",
                90
            ]
        ],
        "num_training_loops": 24,
        "final_training_cost": 0.009765625,
        "optimal_params": [
            2.1438965182137038,
            0.0070326795980392735
        ]
    }
}