{
    "metadata": {
        "qaoaLayers": 1,
        "backend_name": "aer_simulator_from(fake_torino)"
    },
    "result": {
        "instance_id": 20,
        "sampled_distribution": [
            [
                "0101",
                728
            ],
            [
                "0001",
                722
            ],
            [
                "1001",
                710
            ],
            [
                "0011",
                684
            ],
            [
                "0000",
                646
            ],
            [
                "0100",
                627
            ],
            [
                "0111",
                626
            ],
            [
                "0010",
                625
            ],
            [
                "1000",
                620
            ],
            [
                "1101",
                617
            ],
            [
                "1011",
                617
            ],
            [
                "0110",
                571
            ],
            [
                "1111",
                571
            ],
            [
                "1100",
                556
            ],
            [
                "1010",
                541
            ],
            [
                "1110",
                539
            ]
        ],
        "num_training_loops": 26,
        "final_training_cost": 0.0400390625,
        "optimal_params": [
            3.901605626603584,
            -0.1572372647326416
        ]
    }
}