{
    "metadata": {
        "qaoaLayers": 3,
        "backend_name": "ionq_simulator"
    },
    "result": {
        "instance_id": 21,
        "sampled_distribution": [
            [
                "0001",
                2864
            ],
            [
                "1001",
                2659
            ],
            [
                "1101",
                1021
            ],
            [
                "0101",
                670
            ],
            [
                "0011",
                626
            ],
            [
                "0000",
                498
            ],
            [
                "1000",
                458
            ],
            [
                "1011",
                359
            ],
            [
                "0100",
                263
            ],
            [
                "0111",
                151
            ],
            [
                "1111",
                143
            ],
            [
                "0010",
                96
            ],
            [
                "1100",
                82
            ],
            [
                "1010",
                45
            ],
            [
                "1110",
                43
            ],
            [
                "0110",
                22
            ]
        ],
        "num_training_loops": 52,
        "final_training_cost": -0.35791015625,
        "optimal_params": [
            2.8300999319450253,
            1.8806206663338085,
            1.2643941406058572,
            1.104495804423994,
            0.7266874680989259,
            0.9026418158599043
        ]
    }
}