{
    "metadata": {
        "qaoaLayers": 4,
        "backend_name": "ionq_simulator"
    },
    "result": {
        "instance_id": 56,
        "sampled_distribution": [
            [
                "0111",
                6693
            ],
            [
                "1111",
                563
            ],
            [
                "0011",
                458
            ],
            [
                "0101",
                441
            ],
            [
                "0001",
                323
            ],
            [
                "1011",
                263
            ],
            [
                "1101",
                252
            ],
            [
                "0110",
                246
            ],
            [
                "1110",
                217
            ],
            [
                "1001",
                167
            ],
            [
                "0000",
                85
            ],
            [
                "1100",
                70
            ],
            [
                "0010",
                61
            ],
            [
                "1010",
                59
            ],
            [
                "1000",
                54
            ],
            [
                "0100",
                48
            ]
        ],
        "num_training_loops": 63,
        "final_training_cost": -1.111328125,
        "optimal_params": [
            3.166698972307848,
            2.36471240520522,
            1.5518390498076096,
            0.7924139618320536,
            -0.03469306909741139,
            0.7861675133827732,
            2.3623170292973343,
            2.314807688568066
        ]
    }
}