{
    "metadata": {
        "qaoaLayers": 4,
        "backend_name": "ionq_simulator"
    },
    "result": {
        "instance_id": 42,
        "sampled_distribution": [
            [
                "0010",
                2604
            ],
            [
                "0110",
                2523
            ],
            [
                "1001",
                2423
            ],
            [
                "1101",
                2376
            ],
            [
                "0111",
                23
            ],
            [
                "1011",
                19
            ],
            [
                "0000",
                18
            ],
            [
                "1100",
                14
            ]
        ],
        "num_training_loops": 63,
        "final_training_cost": -0.97802734375,
        "optimal_params": [
            3.902406395894965,
            2.3109967393987962,
            1.540015914702386,
            0.7679683667232378,
            -0.11741797717808122,
            0.7590449856746191,
            1.5321931583391193,
            2.3408423942510446
        ]
    }
}