{
    "metadata": {
        "qaoaLayers": 3,
        "backend_name": "aer_simulator"
    },
    "result": {
        "instance_id": 61,
        "sampled_distribution": [
            [
                "0001",
                1484
            ],
            [
                "1110",
                941
            ],
            [
                "0011",
                695
            ],
            [
                "0101",
                688
            ],
            [
                "1001",
                686
            ],
            [
                "0111",
                654
            ],
            [
                "1000",
                644
            ],
            [
                "1010",
                617
            ],
            [
                "0110",
                617
            ],
            [
                "1011",
                614
            ],
            [
                "1101",
                612
            ],
            [
                "0010",
                597
            ],
            [
                "1100",
                566
            ],
            [
                "0100",
                554
            ],
            [
                "1111",
                17
            ],
            [
                "0000",
                14
            ]
        ],
        "num_training_loops": 64,
        "final_training_cost": -0.76318359375,
        "optimal_params": [
            3.526236388367741,
            1.9909265246742576,
            0.9145381350390098,
            0.029554615811462754,
            1.015937593517107,
            3.468242687209269
        ]
    }
}