{
    "metadata": {
        "qaoaLayers": 1,
        "backend_name": "EMU:15Q:LOGICAL_EARLY"
    },
    "result": {
        "instance_id": 42,
        "sampled_distribution": [
            [
                "0001",
                1124
            ],
            [
                "0101",
                1081
            ],
            [
                "1001",
                992
            ],
            [
                "1101",
                960
            ],
            [
                "0011",
                941
            ],
            [
                "0111",
                900
            ],
            [
                "1111",
                793
            ],
            [
                "1011",
                771
            ],
            [
                "0000",
                385
            ],
            [
                "0100",
                348
            ],
            [
                "1000",
                325
            ],
            [
                "1100",
                304
            ],
            [
                "0110",
                290
            ],
            [
                "0010",
                285
            ],
            [
                "1010",
                259
            ],
            [
                "1110",
                242
            ]
        ],
        "num_training_loops": 19,
        "final_training_cost": -0.05419921875,
        "optimal_params": [
            3.1412758639789886,
            1.0009484958315598
        ]
    }
}