{
    "metadata": {
        "qaoaLayers": 1,
        "backend_name": "ionq_simulator"
    },
    "result": {
        "instance_id": 34,
        "sampled_distribution": [
            [
                "1010",
                666
            ],
            [
                "0011",
                664
            ],
            [
                "0101",
                659
            ],
            [
                "1000",
                655
            ],
            [
                "0001",
                640
            ],
            [
                "1011",
                629
            ],
            [
                "1001",
                627
            ],
            [
                "0110",
                624
            ],
            [
                "0010",
                618
            ],
            [
                "0100",
                617
            ],
            [
                "1101",
                614
            ],
            [
                "0000",
                612
            ],
            [
                "1111",
                611
            ],
            [
                "1110",
                595
            ],
            [
                "1100",
                590
            ],
            [
                "0111",
                579
            ]
        ],
        "num_training_loops": 22,
        "final_training_cost": 0.00048828125,
        "optimal_params": [
            3.9212283907201178,
            -0.13529993029640577
        ]
    }
}