{
    "metadata": {
        "qaoaLayers": 4,
        "backend_name": "aer_simulator_from(fake_torino)"
    },
    "result": {
        "instance_id": 53,
        "sampled_distribution": [
            [
                "0110",
                1665
            ],
            [
                "1100",
                845
            ],
            [
                "1010",
                840
            ],
            [
                "0001",
                768
            ],
            [
                "1001",
                764
            ],
            [
                "0100",
                723
            ],
            [
                "1110",
                723
            ],
            [
                "0010",
                634
            ],
            [
                "1000",
                633
            ],
            [
                "0111",
                477
            ],
            [
                "0011",
                465
            ],
            [
                "0101",
                456
            ],
            [
                "1011",
                291
            ],
            [
                "1101",
                281
            ],
            [
                "0000",
                259
            ],
            [
                "1111",
                176
            ]
        ],
        "num_training_loops": 73,
        "final_training_cost": -0.705078125,
        "optimal_params": [
            4.076684866924653,
            2.4481858663450846,
            1.5988189621264322,
            0.8168486400642042,
            0.13000219822830603,
            1.0120391909324826,
            2.876714706537786,
            2.4249751145014815
        ]
    }
}