{
    "metadata": {
        "qaoaLayers": 20,
        "backend_name": "aer_simulator"
    },
    "result": {
        "instance_id": 63,
        "sampled_distribution": [
            [
                "1110",
                7344
            ],
            [
                "0101",
                1045
            ],
            [
                "1001",
                983
            ],
            [
                "0110",
                202
            ],
            [
                "1010",
                160
            ],
            [
                "0001",
                96
            ],
            [
                "1000",
                35
            ],
            [
                "0111",
                31
            ],
            [
                "0100",
                30
            ],
            [
                "1011",
                29
            ],
            [
                "0011",
                14
            ],
            [
                "1101",
                14
            ],
            [
                "1111",
                10
            ],
            [
                "1100",
                5
            ],
            [
                "0010",
                2
            ]
        ],
        "num_training_loops": 438,
        "final_training_cost": -1.958984375,
        "optimal_params": [
            3.1712377188010885,
            2.9906717472323305,
            3.6775706347731787,
            3.8210981502905983,
            2.638649796902357,
            2.3493177231132076,
            2.1244857278926492,
            2.0272479037591764,
            1.8530490369804615,
            1.4635438045051206,
            1.5594084472234766,
            1.9250800839351083,
            1.1185707632930384,
            1.8507285435847685,
            0.9231179753557757,
            0.7677590794989794,
            0.4237516959775056,
            0.45650213629430886,
            0.16481955165281392,
            0.3862212623364149,
            1.013567062310815,
            0.12255178689290629,
            1.3337017322321327,
            0.4724766409525182,
            0.4816559659423844,
            0.816629289400731,
            0.9007135812277788,
            1.100135582455105,
            1.160284468250044,
            1.3597712706825829,
            1.497652279656726,
            2.0438287142489284,
            1.8069620010175447,
            2.073940575200612,
            2.155184764330639,
            2.3292352676620753,
            2.5767932207808277,
            2.6676681737053545,
            2.935045135260412,
            2.9496957723624595
        ]
    }
}