{
    "metadata": {
        "qaoaLayers": 3,
        "backend_name": "ionq_simulator"
    },
    "result": {
        "instance_id": 39,
        "sampled_distribution": [
            [
                "0110",
                1870
            ],
            [
                "1110",
                1227
            ],
            [
                "0001",
                949
            ],
            [
                "1000",
                840
            ],
            [
                "1010",
                827
            ],
            [
                "1001",
                751
            ],
            [
                "0010",
                661
            ],
            [
                "0011",
                546
            ],
            [
                "1101",
                526
            ],
            [
                "1011",
                391
            ],
            [
                "1100",
                341
            ],
            [
                "1111",
                284
            ],
            [
                "0101",
                275
            ],
            [
                "0100",
                191
            ],
            [
                "0111",
                188
            ],
            [
                "0000",
                133
            ]
        ],
        "num_training_loops": 70,
        "final_training_cost": -0.6337890625,
        "optimal_params": [
            2.597561458621395,
            3.601499054293725,
            1.0372136151823559,
            -0.1997558616169475,
            2.221263256631345,
            3.596752356192675
        ]
    }
}