{
    "metadata": {
        "qaoaLayers": 4,
        "backend_name": "ionq_simulator"
    },
    "result": {
        "instance_id": 88,
        "sampled_distribution": [
            [
                "1100",
                1455
            ],
            [
                "1101",
                1049
            ],
            [
                "1011",
                959
            ],
            [
                "0111",
                953
            ],
            [
                "1110",
                803
            ],
            [
                "0011",
                770
            ],
            [
                "0110",
                763
            ],
            [
                "1010",
                761
            ],
            [
                "0001",
                529
            ],
            [
                "0101",
                431
            ],
            [
                "1001",
                420
            ],
            [
                "0010",
                342
            ],
            [
                "0100",
                300
            ],
            [
                "1000",
                268
            ],
            [
                "0000",
                183
            ],
            [
                "1111",
                14
            ]
        ],
        "num_training_loops": 76,
        "final_training_cost": -0.85302734375,
        "optimal_params": [
            4.800365687784586,
            2.112014735578855,
            1.0129542138197838,
            0.6369292824189424,
            0.060192187902399115,
            0.3914769278458973,
            2.8740689399921706,
            3.7666603856175804
        ]
    }
}