{
    "metadata": {
        "qaoaLayers": 4,
        "backend_name": "ionq_simulator"
    },
    "result": {
        "instance_id": 5,
        "sampled_distribution": [
            [
                "0001",
                3873
            ],
            [
                "1001",
                552
            ],
            [
                "0101",
                544
            ],
            [
                "0011",
                500
            ],
            [
                "0000",
                496
            ],
            [
                "1111",
                459
            ],
            [
                "0110",
                427
            ],
            [
                "1110",
                420
            ],
            [
                "1101",
                379
            ],
            [
                "0111",
                373
            ],
            [
                "1100",
                351
            ],
            [
                "0010",
                347
            ],
            [
                "1010",
                347
            ],
            [
                "1011",
                342
            ],
            [
                "0100",
                316
            ],
            [
                "1000",
                274
            ]
        ],
        "num_training_loops": 52,
        "final_training_cost": 0.04443359375,
        "optimal_params": [
            4.141580803399127,
            2.357629398696146,
            2.570449805402133,
            0.7837872902171656,
            -0.0012694128486865548,
            0.8155984679198288,
            1.5772748852823366,
            2.3584842142721776
        ]
    }
}