{
    "metadata": {
        "qaoaLayers": 4,
        "backend_name": "ionq_simulator"
    },
    "result": {
        "instance_id": 79,
        "sampled_distribution": [
            [
                "1100",
                1568
            ],
            [
                "1010",
                1269
            ],
            [
                "0100",
                994
            ],
            [
                "1101",
                930
            ],
            [
                "1110",
                890
            ],
            [
                "0101",
                638
            ],
            [
                "0111",
                617
            ],
            [
                "0011",
                539
            ],
            [
                "1000",
                489
            ],
            [
                "1011",
                418
            ],
            [
                "0010",
                393
            ],
            [
                "0001",
                365
            ],
            [
                "0110",
                293
            ],
            [
                "0000",
                237
            ],
            [
                "1111",
                188
            ],
            [
                "1001",
                172
            ]
        ],
        "num_training_loops": 68,
        "final_training_cost": -0.634765625,
        "optimal_params": [
            4.016457496289688,
            1.4811328264206653,
            0.6773309742297208,
            0.773987561262228,
            -0.40046772757395876,
            0.5432544375554698,
            1.4778234473824898,
            2.25379657907829
        ]
    }
}