{
    "metadata": {
        "qaoaLayers": 4,
        "backend_name": "aer_simulator"
    },
    "result": {
        "instance_id": 64,
        "sampled_distribution": [
            [
                "1001",
                2218
            ],
            [
                "0110",
                1785
            ],
            [
                "1011",
                1597
            ],
            [
                "1100",
                972
            ],
            [
                "0100",
                895
            ],
            [
                "1101",
                587
            ],
            [
                "1110",
                562
            ],
            [
                "0111",
                289
            ],
            [
                "0010",
                278
            ],
            [
                "0101",
                231
            ],
            [
                "0011",
                209
            ],
            [
                "1010",
                145
            ],
            [
                "0001",
                115
            ],
            [
                "1000",
                59
            ],
            [
                "0000",
                38
            ],
            [
                "1111",
                20
            ]
        ],
        "num_training_loops": 65,
        "final_training_cost": -1.1162109375,
        "optimal_params": [
            4.203052917640751,
            2.360861546184677,
            1.6167894939726857,
            0.5420791741857193,
            0.8902699196985885,
            0.6427392804613754,
            1.630983432567313,
            2.465933056488506
        ]
    }
}