{
    "metadata": {
        "qaoaLayers": 1,
        "backend_name": "EMU:15Q:LOGICAL_EARLY"
    },
    "result": {
        "instance_id": 71,
        "sampled_distribution": [
            [
                "1110",
                820
            ],
            [
                "0110",
                785
            ],
            [
                "1010",
                781
            ],
            [
                "1000",
                768
            ],
            [
                "0100",
                750
            ],
            [
                "1100",
                737
            ],
            [
                "0010",
                730
            ],
            [
                "0000",
                702
            ],
            [
                "1111",
                530
            ],
            [
                "0111",
                505
            ],
            [
                "1101",
                500
            ],
            [
                "0011",
                498
            ],
            [
                "1001",
                490
            ],
            [
                "0101",
                482
            ],
            [
                "1011",
                473
            ],
            [
                "0001",
                449
            ]
        ],
        "num_training_loops": 21,
        "final_training_cost": -0.0439453125,
        "optimal_params": [
            4.454353020562173,
            0.3164100375117262
        ]
    }
}