{
    "metadata": {
        "qaoaLayers": 3,
        "backend_name": "aer_simulator_from(fake_torino)"
    },
    "result": {
        "instance_id": 39,
        "sampled_distribution": [
            [
                "0001",
                2345
            ],
            [
                "1001",
                2231
            ],
            [
                "0101",
                2208
            ],
            [
                "1101",
                2076
            ],
            [
                "0100",
                147
            ],
            [
                "0011",
                140
            ],
            [
                "0000",
                133
            ],
            [
                "1011",
                122
            ],
            [
                "1100",
                121
            ],
            [
                "1000",
                114
            ],
            [
                "0111",
                96
            ],
            [
                "1111",
                91
            ],
            [
                "1010",
                46
            ],
            [
                "0010",
                46
            ],
            [
                "1110",
                43
            ],
            [
                "0110",
                41
            ]
        ],
        "num_training_loops": 60,
        "final_training_cost": -0.771484375,
        "optimal_params": [
            3.0095930917865275,
            4.346333539565245,
            2.1129682913390155,
            0.027752450182751826,
            1.518868093857079,
            1.6272847449120167
        ]
    }
}