{
    "metadata": {
        "qaoaLayers": 3,
        "backend_name": "ionq_simulator"
    },
    "result": {
        "instance_id": 2,
        "sampled_distribution": [
            [
                "1110",
                1074
            ],
            [
                "0001",
                901
            ],
            [
                "1010",
                720
            ],
            [
                "0100",
                714
            ],
            [
                "1000",
                701
            ],
            [
                "0110",
                676
            ],
            [
                "1100",
                676
            ],
            [
                "0010",
                675
            ],
            [
                "0101",
                586
            ],
            [
                "1001",
                577
            ],
            [
                "0011",
                546
            ],
            [
                "1011",
                543
            ],
            [
                "1101",
                519
            ],
            [
                "0111",
                515
            ],
            [
                "1111",
                381
            ],
            [
                "0000",
                196
            ]
        ],
        "num_training_loops": 58,
        "final_training_cost": -0.3740234375,
        "optimal_params": [
            3.60240387258446,
            2.006672919740361,
            0.6916717693833206,
            0.9706424257413857,
            1.0094960041924046,
            1.878752738828199
        ]
    }
}