{
    "metadata": {
        "qaoaLayers": 1,
        "backend_name": "ionq_simulator"
    },
    "result": {
        "instance_id": 84,
        "sampled_distribution": [
            [
                "0001",
                855
            ],
            [
                "0101",
                736
            ],
            [
                "0011",
                727
            ],
            [
                "0000",
                712
            ],
            [
                "1001",
                698
            ],
            [
                "0100",
                655
            ],
            [
                "0010",
                617
            ],
            [
                "0111",
                617
            ],
            [
                "1011",
                587
            ],
            [
                "1101",
                586
            ],
            [
                "1010",
                561
            ],
            [
                "1100",
                561
            ],
            [
                "1000",
                556
            ],
            [
                "0110",
                546
            ],
            [
                "1111",
                512
            ],
            [
                "1110",
                474
            ]
        ],
        "num_training_loops": 21,
        "final_training_cost": 0.046875,
        "optimal_params": [
            3.8839835719045626,
            -0.0001125749109434569
        ]
    }
}