{
    "metadata": {
        "qaoaLayers": 3,
        "backend_name": "ionq_simulator"
    },
    "result": {
        "instance_id": 7,
        "sampled_distribution": [
            [
                "0010",
                8619
            ],
            [
                "1010",
                663
            ],
            [
                "0110",
                604
            ],
            [
                "0000",
                39
            ],
            [
                "0011",
                38
            ],
            [
                "1110",
                37
            ]
        ],
        "num_training_loops": 66,
        "final_training_cost": -1.95849609375,
        "optimal_params": [
            3.2064960809900085,
            2.5168026229345153,
            0.9490870341525139,
            1.3318782146113683,
            0.71706611403111,
            1.5617761332619502
        ]
    }
}