{
    "metadata": {
        "qaoaLayers": 3,
        "backend_name": "ionq_simulator"
    },
    "result": {
        "instance_id": 93,
        "sampled_distribution": [
            [
                "1010",
                2617
            ],
            [
                "1000",
                1644
            ],
            [
                "1110",
                1369
            ],
            [
                "1001",
                763
            ],
            [
                "0110",
                748
            ],
            [
                "0100",
                468
            ],
            [
                "0010",
                446
            ],
            [
                "1011",
                433
            ],
            [
                "1101",
                377
            ],
            [
                "1100",
                309
            ],
            [
                "0101",
                236
            ],
            [
                "1111",
                166
            ],
            [
                "0111",
                131
            ],
            [
                "0000",
                124
            ],
            [
                "0001",
                112
            ],
            [
                "0011",
                57
            ]
        ],
        "num_training_loops": 56,
        "final_training_cost": -0.72509765625,
        "optimal_params": [
            3.576862792379402,
            2.7337996482796894,
            1.1417231080594743,
            0.2079146998867249,
            2.2065793342245246,
            1.635748627696857
        ]
    }
}