{
    "metadata": {
        "qaoaLayers": 3,
        "backend_name": "EMU:15Q:LOGICAL_EARLY"
    },
    "result": {
        "instance_id": 15,
        "sampled_distribution": [
            [
                "0000",
                682
            ],
            [
                "1001",
                672
            ],
            [
                "1011",
                668
            ],
            [
                "1010",
                646
            ],
            [
                "0001",
                642
            ],
            [
                "0111",
                640
            ],
            [
                "0110",
                629
            ],
            [
                "0100",
                625
            ],
            [
                "1000",
                614
            ],
            [
                "0101",
                614
            ],
            [
                "1101",
                613
            ],
            [
                "0010",
                609
            ],
            [
                "1110",
                598
            ],
            [
                "1100",
                595
            ],
            [
                "1111",
                584
            ],
            [
                "0011",
                569
            ]
        ],
        "num_training_loops": 41,
        "final_training_cost": 0.0009765625,
        "optimal_params": [
            3.141492737480366,
            2.094047764587283,
            2.047768158635336,
            0.9998734651350021,
            1.0477072397514953,
            2.0949127768811353
        ]
    }
}