{
    "metadata": {
        "qaoaLayers": 4,
        "backend_name": "ionq_simulator"
    },
    "result": {
        "instance_id": 1,
        "sampled_distribution": [
            [
                "0111",
                3812
            ],
            [
                "0110",
                1929
            ],
            [
                "1110",
                1203
            ],
            [
                "0101",
                637
            ],
            [
                "1111",
                424
            ],
            [
                "1011",
                415
            ],
            [
                "0011",
                320
            ],
            [
                "0100",
                272
            ],
            [
                "1010",
                263
            ],
            [
                "0010",
                254
            ],
            [
                "1101",
                148
            ],
            [
                "1100",
                140
            ],
            [
                "0001",
                69
            ],
            [
                "1001",
                47
            ],
            [
                "1000",
                37
            ],
            [
                "0000",
                30
            ]
        ],
        "num_training_loops": 55,
        "final_training_cost": -0.681640625,
        "optimal_params": [
            4.205757529154977,
            3.9049855899006762,
            0.9909933273899242,
            0.46029323064950545,
            -0.013857489708472967,
            0.4445366453367273,
            1.4993532710534019,
            1.72070922548733
        ]
    }
}