{
    "metadata": {
        "qaoaLayers": 2,
        "backend_name": "ionq_simulator"
    },
    "result": {
        "instance_id": 8,
        "sampled_distribution": [
            [
                "0001",
                1027
            ],
            [
                "0011",
                890
            ],
            [
                "1001",
                890
            ],
            [
                "1011",
                887
            ],
            [
                "0101",
                638
            ],
            [
                "0000",
                630
            ],
            [
                "0111",
                619
            ],
            [
                "1101",
                612
            ],
            [
                "1000",
                583
            ],
            [
                "0010",
                576
            ],
            [
                "1111",
                568
            ],
            [
                "1010",
                525
            ],
            [
                "0100",
                441
            ],
            [
                "0110",
                398
            ],
            [
                "1100",
                370
            ],
            [
                "1110",
                346
            ]
        ],
        "num_training_loops": 36,
        "final_training_cost": 0.00341796875,
        "optimal_params": [
            4.758159416665452,
            0.8577298314044728,
            1.0699113994212806,
            1.5361111806988776
        ]
    }
}