{
    "metadata": {
        "qaoaLayers": 3,
        "backend_name": "aer_simulator_from(fake_torino)"
    },
    "result": {
        "instance_id": 63,
        "sampled_distribution": [
            [
                "1110",
                8210
            ],
            [
                "1111",
                458
            ],
            [
                "1010",
                427
            ],
            [
                "0110",
                261
            ],
            [
                "1100",
                166
            ],
            [
                "1011",
                128
            ],
            [
                "1101",
                115
            ],
            [
                "0111",
                95
            ],
            [
                "0010",
                91
            ],
            [
                "1000",
                12
            ],
            [
                "0011",
                11
            ],
            [
                "1001",
                9
            ],
            [
                "0101",
                8
            ],
            [
                "0100",
                6
            ],
            [
                "0000",
                2
            ],
            [
                "0001",
                1
            ]
        ],
        "num_training_loops": 55,
        "final_training_cost": -1.5654296875,
        "optimal_params": [
            3.1009633357567994,
            2.767826019150792,
            1.9457448183638297,
            1.1459255527692953,
            0.7269437488754517,
            3.130398942318114
        ]
    }
}