{
    "metadata": {
        "qaoaLayers": 3,
        "backend_name": "ionq_simulator"
    },
    "result": {
        "instance_id": 99,
        "sampled_distribution": [
            [
                "1000",
                8219
            ],
            [
                "1010",
                825
            ],
            [
                "1100",
                782
            ],
            [
                "1110",
                104
            ],
            [
                "0001",
                24
            ],
            [
                "0100",
                17
            ],
            [
                "1001",
                17
            ],
            [
                "0010",
                12
            ]
        ],
        "num_training_loops": 55,
        "final_training_cost": -1.94287109375,
        "optimal_params": [
            3.1198550698609,
            2.18187317344295,
            0.648803075100854,
            0.019036924608526924,
            1.0307066345875744,
            1.520529350339937
        ]
    }
}