{
    "metadata": {
        "qaoaLayers": 4,
        "backend_name": "EMU:15Q:LOGICAL_EARLY"
    },
    "result": {
        "instance_id": 48,
        "sampled_distribution": [
            [
                "0011",
                657
            ],
            [
                "0110",
                652
            ],
            [
                "1110",
                650
            ],
            [
                "1101",
                632
            ],
            [
                "1001",
                626
            ],
            [
                "0010",
                623
            ],
            [
                "0100",
                622
            ],
            [
                "1111",
                620
            ],
            [
                "1000",
                619
            ],
            [
                "1100",
                619
            ],
            [
                "0101",
                619
            ],
            [
                "0000",
                616
            ],
            [
                "1010",
                616
            ],
            [
                "0111",
                616
            ],
            [
                "1011",
                610
            ],
            [
                "0001",
                603
            ]
        ],
        "num_training_loops": 62,
        "final_training_cost": -0.01220703125,
        "optimal_params": [
            3.1389062258114038,
            2.363864771978585,
            1.5688622828931538,
            0.790630708992664,
            -0.2594947319181458,
            0.7829433717009076,
            2.570961620646588,
            2.363542116125936
        ]
    }
}