{
    "metadata": {
        "qaoaLayers": 2,
        "backend_name": "ionq_simulator"
    },
    "result": {
        "instance_id": 100,
        "sampled_distribution": [
            [
                "1110",
                845
            ],
            [
                "0110",
                796
            ],
            [
                "1100",
                751
            ],
            [
                "1010",
                730
            ],
            [
                "1111",
                706
            ],
            [
                "1000",
                663
            ],
            [
                "0111",
                634
            ],
            [
                "1101",
                626
            ],
            [
                "1011",
                614
            ],
            [
                "0010",
                599
            ],
            [
                "0100",
                596
            ],
            [
                "0011",
                543
            ],
            [
                "0000",
                502
            ],
            [
                "1001",
                498
            ],
            [
                "0101",
                477
            ],
            [
                "0001",
                420
            ]
        ],
        "num_training_loops": 34,
        "final_training_cost": 0.0087890625,
        "optimal_params": [
            4.849673778729807,
            0.8732459918675127,
            1.0139993734727062,
            1.5007978303023932
        ]
    }
}