{
    "metadata": {
        "qaoaLayers": 3,
        "backend_name": "ionq_simulator"
    },
    "result": {
        "instance_id": 82,
        "sampled_distribution": [
            [
                "1011",
                1865
            ],
            [
                "0101",
                1606
            ],
            [
                "0110",
                917
            ],
            [
                "1100",
                911
            ],
            [
                "1110",
                629
            ],
            [
                "0001",
                602
            ],
            [
                "1010",
                521
            ],
            [
                "1001",
                471
            ],
            [
                "0011",
                441
            ],
            [
                "0100",
                369
            ],
            [
                "0010",
                311
            ],
            [
                "1111",
                293
            ],
            [
                "0111",
                279
            ],
            [
                "0000",
                277
            ],
            [
                "1101",
                259
            ],
            [
                "1000",
                249
            ]
        ],
        "num_training_loops": 60,
        "final_training_cost": -0.3662109375,
        "optimal_params": [
            3.615905373141525,
            3.670658624828966,
            2.507948456988322,
            -0.027562761072444437,
            0.6068619187793495,
            0.8792551079301825
        ]
    }
}