{
    "metadata": {
        "qaoaLayers": 1,
        "backend_name": "EMU:15Q:LOGICAL_EARLY"
    },
    "result": {
        "instance_id": 65,
        "sampled_distribution": [
            [
                "1110",
                987
            ],
            [
                "1010",
                871
            ],
            [
                "1100",
                862
            ],
            [
                "0110",
                847
            ],
            [
                "1000",
                808
            ],
            [
                "0010",
                799
            ],
            [
                "0100",
                721
            ],
            [
                "0000",
                650
            ],
            [
                "1111",
                510
            ],
            [
                "1101",
                479
            ],
            [
                "1011",
                474
            ],
            [
                "0111",
                436
            ],
            [
                "0011",
                421
            ],
            [
                "1001",
                402
            ],
            [
                "0101",
                391
            ],
            [
                "0001",
                342
            ]
        ],
        "num_training_loops": 26,
        "final_training_cost": -0.009765625,
        "optimal_params": [
            4.757555984491849,
            1.9487403887722805
        ]
    }
}