{
    "metadata": {
        "qaoaLayers": 1,
        "backend_name": "ionq_simulator"
    },
    "result": {
        "instance_id": 10,
        "sampled_distribution": [
            [
                "1110",
                700
            ],
            [
                "0100",
                673
            ],
            [
                "1011",
                641
            ],
            [
                "0110",
                635
            ],
            [
                "1111",
                634
            ],
            [
                "1010",
                629
            ],
            [
                "1000",
                628
            ],
            [
                "0101",
                627
            ],
            [
                "0011",
                623
            ],
            [
                "1101",
                614
            ],
            [
                "0010",
                612
            ],
            [
                "0001",
                608
            ],
            [
                "1100",
                601
            ],
            [
                "1001",
                597
            ],
            [
                "0111",
                596
            ],
            [
                "0000",
                582
            ]
        ],
        "num_training_loops": 27,
        "final_training_cost": 0.01025390625,
        "optimal_params": [
            3.932805088330691,
            1.0390675247410317
        ]
    }
}