{
    "metadata": {
        "qaoaLayers": 20,
        "backend_name": "ionq_simulator"
    },
    "result": {
        "instance_id": 32,
        "sampled_distribution": [
            [
                "1100",
                3759
            ],
            [
                "0110",
                3668
            ],
            [
                "0001",
                1123
            ],
            [
                "1110",
                569
            ],
            [
                "0011",
                357
            ],
            [
                "1001",
                342
            ],
            [
                "0101",
                77
            ],
            [
                "1010",
                41
            ],
            [
                "0010",
                27
            ],
            [
                "1000",
                14
            ],
            [
                "0100",
                13
            ],
            [
                "1111",
                10
            ]
        ],
        "num_training_loops": 359,
        "final_training_cost": -1.95849609375,
        "optimal_params": [
            3.1213419235563644,
            2.934041034689329,
            2.9164520788075823,
            2.642927221432541,
            2.5466742559355646,
            2.2960115479106786,
            3.1887178550682433,
            2.059454102719485,
            1.8736276676494068,
            1.7357819198656494,
            1.496512213838265,
            1.527755392076557,
            1.2277215760975009,
            1.0200314458965953,
            0.8907242118059819,
            0.817674482923379,
            0.7498604866852954,
            0.4199776912139694,
            0.2184736200882626,
            0.13030154849029155,
            -0.23032025329644215,
            0.43540460610399384,
            1.0860937497152923,
            1.490626648255923,
            0.6911233651407789,
            0.8223191296707257,
            0.9884259105544019,
            1.0523208795387042,
            1.2573786067084036,
            1.1756358010604515,
            1.5812804531392513,
            1.1904793660251116,
            1.9892798324244798,
            2.1260850898819177,
            2.260290013399539,
            2.268447882608343,
            2.4493365120809796,
            2.68999889462689,
            2.8543121552141963,
            2.751916461095691
        ]
    }
}