{
    "metadata": {
        "qaoaLayers": 2,
        "backend_name": "ionq_simulator"
    },
    "result": {
        "instance_id": 36,
        "sampled_distribution": [
            [
                "1110",
                7977
            ],
            [
                "1111",
                414
            ],
            [
                "1100",
                370
            ],
            [
                "0110",
                267
            ],
            [
                "1010",
                247
            ],
            [
                "1101",
                152
            ],
            [
                "1011",
                144
            ],
            [
                "0111",
                123
            ],
            [
                "1000",
                122
            ],
            [
                "0100",
                116
            ],
            [
                "0010",
                24
            ],
            [
                "0101",
                15
            ],
            [
                "1001",
                10
            ],
            [
                "0000",
                9
            ],
            [
                "0001",
                6
            ],
            [
                "0011",
                4
            ]
        ],
        "num_training_loops": 37,
        "final_training_cost": -0.73291015625,
        "optimal_params": [
            3.1170034602463392,
            1.5877100225153933,
            0.008209112571557728,
            1.5784140975736716
        ]
    }
}