{
    "metadata": {
        "qaoaLayers": 20,
        "backend_name": "ionq_simulator"
    },
    "result": {
        "instance_id": 52,
        "sampled_distribution": [
            [
                "0001",
                1905
            ],
            [
                "0000",
                1653
            ],
            [
                "0011",
                1584
            ],
            [
                "1010",
                814
            ],
            [
                "0110",
                794
            ],
            [
                "1110",
                617
            ],
            [
                "0101",
                440
            ],
            [
                "1001",
                421
            ],
            [
                "1101",
                338
            ],
            [
                "1000",
                268
            ],
            [
                "0100",
                255
            ],
            [
                "0111",
                252
            ],
            [
                "1011",
                249
            ],
            [
                "0010",
                194
            ],
            [
                "1100",
                116
            ],
            [
                "1111",
                100
            ]
        ],
        "num_training_loops": 262,
        "final_training_cost": -0.05859375,
        "optimal_params": [
            4.1419187909212365,
            2.9858877456590727,
            3.826963265087055,
            2.672297325355805,
            3.515365702442041,
            3.358171452938113,
            2.1968549546931246,
            2.042847415775245,
            1.8820099288108598,
            1.7263435731980337,
            1.5716275397915036,
            1.4087174468756467,
            1.2555815450701309,
            1.103148559620968,
            0.9410298980403621,
            0.7866700199266217,
            0.6276741887410003,
            0.47463679395201436,
            0.31484704757343457,
            0.1589734634438802,
            0.0012616242651696213,
            1.1601178597247983,
            1.3062663450831482,
            0.4637637103344724,
            0.6268664158788199,
            0.7870141906435406,
            0.9368397151782633,
            1.0961079137144383,
            1.2519702879801535,
            1.4117377257580217,
            1.734003363065938,
            1.916583425029178,
            1.882566203931471,
            2.0422659265126115,
            2.1973210525740665,
            2.3537285540992325,
            2.51218793112643,
            2.6690429381325864,
            2.826141468322235,
            2.984709936997103
        ]
    }
}