{
    "metadata": {
        "qaoaLayers": 2,
        "backend_name": "aer_simulator"
    },
    "result": {
        "instance_id": 41,
        "sampled_distribution": [
            [
                "0111",
                850
            ],
            [
                "0011",
                733
            ],
            [
                "0101",
                724
            ],
            [
                "0001",
                677
            ],
            [
                "1001",
                661
            ],
            [
                "0100",
                632
            ],
            [
                "0110",
                630
            ],
            [
                "1111",
                605
            ],
            [
                "0000",
                602
            ],
            [
                "1011",
                598
            ],
            [
                "0010",
                586
            ],
            [
                "1101",
                580
            ],
            [
                "1000",
                567
            ],
            [
                "1110",
                563
            ],
            [
                "1010",
                509
            ],
            [
                "1100",
                483
            ]
        ],
        "num_training_loops": 36,
        "final_training_cost": 0.005859375,
        "optimal_params": [
            4.842546772811095,
            0.8586739516232584,
            -0.4456333792013617,
            2.028459696970355
        ]
    }
}