{
    "metadata": {
        "qaoaLayers": 3,
        "backend_name": "EMU:15Q:LOGICAL_EARLY"
    },
    "result": {
        "instance_id": 37,
        "sampled_distribution": [
            [
                "0011",
                653
            ],
            [
                "0000",
                652
            ],
            [
                "0101",
                649
            ],
            [
                "1111",
                647
            ],
            [
                "0111",
                638
            ],
            [
                "1011",
                635
            ],
            [
                "0010",
                631
            ],
            [
                "1100",
                628
            ],
            [
                "0110",
                626
            ],
            [
                "1000",
                619
            ],
            [
                "1101",
                618
            ],
            [
                "0100",
                612
            ],
            [
                "1010",
                607
            ],
            [
                "1001",
                603
            ],
            [
                "0001",
                593
            ],
            [
                "1110",
                589
            ]
        ],
        "num_training_loops": 45,
        "final_training_cost": 0.06298828125,
        "optimal_params": [
            4.239498776632296,
            3.143671481580846,
            2.0838997075752377,
            0.2562734402965685,
            1.0276541732412738,
            2.0995648398222944
        ]
    }
}