{
    "metadata": {
        "qaoaLayers": 1,
        "backend_name": "aer_simulator"
    },
    "result": {
        "instance_id": 55,
        "sampled_distribution": [
            [
                "0001",
                3630
            ],
            [
                "1001",
                1052
            ],
            [
                "0011",
                1049
            ],
            [
                "0101",
                1030
            ],
            [
                "0000",
                1013
            ],
            [
                "1000",
                326
            ],
            [
                "0100",
                320
            ],
            [
                "1101",
                317
            ],
            [
                "0111",
                306
            ],
            [
                "1011",
                299
            ],
            [
                "0010",
                270
            ],
            [
                "1111",
                100
            ],
            [
                "1100",
                94
            ],
            [
                "0110",
                93
            ],
            [
                "1010",
                82
            ],
            [
                "1110",
                19
            ]
        ],
        "num_training_loops": 21,
        "final_training_cost": -0.0771484375,
        "optimal_params": [
            2.6413457884684104,
            0.0009690498500307482
        ]
    }
}