{
    "metadata": {
        "qaoaLayers": 3,
        "backend_name": "EMU:15Q:LOGICAL_EARLY"
    },
    "result": {
        "instance_id": 31,
        "sampled_distribution": [
            [
                "1110",
                707
            ],
            [
                "0101",
                672
            ],
            [
                "1010",
                671
            ],
            [
                "0100",
                655
            ],
            [
                "0010",
                651
            ],
            [
                "0111",
                629
            ],
            [
                "1101",
                626
            ],
            [
                "0001",
                626
            ],
            [
                "1001",
                615
            ],
            [
                "0110",
                609
            ],
            [
                "0000",
                606
            ],
            [
                "1100",
                605
            ],
            [
                "1111",
                601
            ],
            [
                "1011",
                594
            ],
            [
                "1000",
                591
            ],
            [
                "0011",
                542
            ]
        ],
        "num_training_loops": 43,
        "final_training_cost": 0.01904296875,
        "optimal_params": [
            3.1140256804742266,
            2.8626007452227995,
            1.1283278082063948,
            -0.008753988841276915,
            1.0292071987318994,
            2.0711079602000524
        ]
    }
}