{
    "metadata": {
        "qaoaLayers": 4,
        "backend_name": "EMU:15Q:LOGICAL_EARLY"
    },
    "result": {
        "instance_id": 53,
        "sampled_distribution": [
            [
                "1101",
                686
            ],
            [
                "0110",
                681
            ],
            [
                "1110",
                650
            ],
            [
                "1100",
                647
            ],
            [
                "0111",
                640
            ],
            [
                "1010",
                639
            ],
            [
                "0000",
                626
            ],
            [
                "0011",
                624
            ],
            [
                "0100",
                624
            ],
            [
                "1011",
                621
            ],
            [
                "0010",
                618
            ],
            [
                "1001",
                604
            ],
            [
                "1000",
                604
            ],
            [
                "0101",
                590
            ],
            [
                "1111",
                579
            ],
            [
                "0001",
                567
            ]
        ],
        "num_training_loops": 53,
        "final_training_cost": 0.04443359375,
        "optimal_params": [
            3.1380889270920798,
            2.3499307184558336,
            2.576870706536743,
            0.782592254247357,
            -0.006846148354182958,
            0.7778704973983451,
            2.69485890444985,
            2.344422433049919
        ]
    }
}