{
    "metadata": {
        "qaoaLayers": 1,
        "backend_name": "aer_simulator_from(fake_torino)"
    },
    "result": {
        "instance_id": 15,
        "sampled_distribution": [
            [
                "0001",
                9058
            ],
            [
                "1001",
                376
            ],
            [
                "0000",
                162
            ],
            [
                "0011",
                158
            ],
            [
                "0101",
                118
            ],
            [
                "1011",
                54
            ],
            [
                "1000",
                19
            ],
            [
                "0100",
                19
            ],
            [
                "0010",
                15
            ],
            [
                "1101",
                10
            ],
            [
                "0111",
                5
            ],
            [
                "1010",
                3
            ],
            [
                "1100",
                2
            ],
            [
                "1111",
                1
            ]
        ],
        "num_training_loops": 19,
        "final_training_cost": -1.8720703125,
        "optimal_params": [
            3.142058575718034,
            0.000884825728838906
        ]
    }
}