{
    "metadata": {
        "qaoaLayers": 2,
        "backend_name": "ionq_simulator"
    },
    "result": {
        "instance_id": 27,
        "sampled_distribution": [
            [
                "1110",
                5677
            ],
            [
                "0110",
                937
            ],
            [
                "1010",
                928
            ],
            [
                "1100",
                852
            ],
            [
                "1111",
                412
            ],
            [
                "1000",
                192
            ],
            [
                "0100",
                185
            ],
            [
                "1101",
                184
            ],
            [
                "0010",
                161
            ],
            [
                "1011",
                154
            ],
            [
                "0111",
                153
            ],
            [
                "1001",
                56
            ],
            [
                "0101",
                48
            ],
            [
                "0000",
                25
            ],
            [
                "0011",
                19
            ],
            [
                "0001",
                17
            ]
        ],
        "num_training_loops": 34,
        "final_training_cost": -0.81298828125,
        "optimal_params": [
            2.9623251751184934,
            1.3939140864442172,
            1.2521237055388679,
            2.565969686474552
        ]
    }
}