{
    "metadata": {
        "qaoaLayers": 1,
        "backend_name": "ionq_simulator"
    },
    "result": {
        "instance_id": 96,
        "sampled_distribution": [
            [
                "1110",
                873
            ],
            [
                "1100",
                724
            ],
            [
                "1010",
                712
            ],
            [
                "0110",
                711
            ],
            [
                "1111",
                688
            ],
            [
                "1000",
                661
            ],
            [
                "0100",
                647
            ],
            [
                "0010",
                643
            ],
            [
                "1101",
                601
            ],
            [
                "1011",
                593
            ],
            [
                "0111",
                586
            ],
            [
                "1001",
                551
            ],
            [
                "0101",
                537
            ],
            [
                "0011",
                532
            ],
            [
                "0000",
                485
            ],
            [
                "0001",
                456
            ]
        ],
        "num_training_loops": 26,
        "final_training_cost": 0.01171875,
        "optimal_params": [
            3.9684825462303577,
            -0.006445545941143285
        ]
    }
}