{
    "metadata": {
        "qaoaLayers": 3,
        "backend_name": "ionq_simulator"
    },
    "result": {
        "instance_id": 20,
        "sampled_distribution": [
            [
                "0100",
                6005
            ],
            [
                "1100",
                1046
            ],
            [
                "0110",
                1006
            ],
            [
                "0000",
                528
            ],
            [
                "1110",
                316
            ],
            [
                "0010",
                241
            ],
            [
                "1000",
                233
            ],
            [
                "0101",
                231
            ],
            [
                "0001",
                160
            ],
            [
                "1010",
                66
            ],
            [
                "1101",
                46
            ],
            [
                "1001",
                37
            ],
            [
                "0111",
                35
            ],
            [
                "0011",
                33
            ],
            [
                "1111",
                10
            ],
            [
                "1011",
                7
            ]
        ],
        "num_training_loops": 59,
        "final_training_cost": -1.34912109375,
        "optimal_params": [
            2.796290787927896,
            2.1521495068162553,
            1.008239411821101,
            0.03444507280174406,
            1.565308321269503,
            1.5792712182146418
        ]
    }
}