{
    "metadata": {
        "qaoaLayers": 2,
        "backend_name": "ionq_simulator"
    },
    "result": {
        "instance_id": 62,
        "sampled_distribution": [
            [
                "0001",
                2297
            ],
            [
                "1001",
                2239
            ],
            [
                "0011",
                2210
            ],
            [
                "1011",
                2185
            ],
            [
                "0101",
                122
            ],
            [
                "0000",
                121
            ],
            [
                "1111",
                118
            ],
            [
                "1101",
                115
            ],
            [
                "0010",
                114
            ],
            [
                "1000",
                108
            ],
            [
                "1010",
                102
            ],
            [
                "0111",
                100
            ],
            [
                "0110",
                46
            ],
            [
                "1100",
                43
            ],
            [
                "0100",
                41
            ],
            [
                "1110",
                39
            ]
        ],
        "num_training_loops": 53,
        "final_training_cost": -0.81005859375,
        "optimal_params": [
            2.7545342867675298,
            0.3886268570622442,
            -0.44450298280945877,
            1.6017272491690757
        ]
    }
}