{
    "metadata": {
        "qaoaLayers": 2,
        "backend_name": "ionq_simulator"
    },
    "result": {
        "instance_id": 1,
        "sampled_distribution": [
            [
                "1110",
                8679
            ],
            [
                "0110",
                292
            ],
            [
                "1111",
                278
            ],
            [
                "1100",
                157
            ],
            [
                "1010",
                152
            ],
            [
                "0111",
                140
            ],
            [
                "1101",
                133
            ],
            [
                "0010",
                130
            ],
            [
                "0100",
                10
            ],
            [
                "0011",
                6
            ],
            [
                "0101",
                6
            ],
            [
                "1011",
                6
            ],
            [
                "1001",
                5
            ],
            [
                "1000",
                4
            ],
            [
                "0000",
                1
            ],
            [
                "0001",
                1
            ]
        ],
        "num_training_loops": 29,
        "final_training_cost": -0.818359375,
        "optimal_params": [
            3.1410148965587745,
            1.5715469832297277,
            0.0003113523526514062,
            1.570872296805122
        ]
    }
}