{
    "metadata": {
        "qaoaLayers": 2,
        "backend_name": "aer_simulator_from(fake_torino)"
    },
    "result": {
        "instance_id": 48,
        "sampled_distribution": [
            [
                "0100",
                7268
            ],
            [
                "0110",
                725
            ],
            [
                "1100",
                638
            ],
            [
                "0101",
                505
            ],
            [
                "0000",
                296
            ],
            [
                "0001",
                145
            ],
            [
                "1101",
                97
            ],
            [
                "1110",
                71
            ],
            [
                "0111",
                69
            ],
            [
                "1000",
                67
            ],
            [
                "0010",
                48
            ],
            [
                "0011",
                22
            ],
            [
                "1111",
                18
            ],
            [
                "1001",
                18
            ],
            [
                "1010",
                10
            ],
            [
                "1011",
                3
            ]
        ],
        "num_training_loops": 43,
        "final_training_cost": -0.88818359375,
        "optimal_params": [
            2.474970144598911,
            0.9201169302903289,
            1.018030941444746,
            1.595756711954307
        ]
    }
}