{
    "metadata": {
        "qaoaLayers": 20,
        "backend_name": "aer_simulator"
    },
    "result": {
        "instance_id": 5,
        "sampled_distribution": [
            [
                "0001",
                2366
            ],
            [
                "0110",
                1398
            ],
            [
                "1100",
                1375
            ],
            [
                "1010",
                1357
            ],
            [
                "1110",
                1106
            ],
            [
                "1101",
                460
            ],
            [
                "0111",
                450
            ],
            [
                "1011",
                434
            ],
            [
                "0101",
                251
            ],
            [
                "1001",
                242
            ],
            [
                "0011",
                242
            ],
            [
                "0010",
                102
            ],
            [
                "1000",
                97
            ],
            [
                "0100",
                85
            ],
            [
                "0000",
                18
            ],
            [
                "1111",
                17
            ]
        ],
        "num_training_loops": 300,
        "final_training_cost": -0.94384765625,
        "optimal_params": [
            3.0978187658110743,
            3.0470352717148597,
            2.803325016764254,
            3.637444874166677,
            2.4477938332210747,
            2.3917076096465593,
            2.1898731634168196,
            1.9288850280324918,
            2.728914402049741,
            1.77274646842797,
            1.6719708683519443,
            1.389482478012485,
            1.2266889534608059,
            1.0365137010715548,
            0.9254294449890861,
            0.7224544911645285,
            0.6953392697821574,
            0.4268665003270708,
            0.38381959026274665,
            0.14631773661902478,
            0.16351521045567757,
            0.05851695004659883,
            0.2251170032434562,
            0.35432647724407534,
            1.5285981423779649,
            0.7491240086254588,
            2.041295824096323,
            1.3458872994335533,
            1.2007554764091755,
            1.400142865603367,
            1.6127133448540871,
            1.7003086384669073,
            1.8098637827213644,
            2.0645790858499677,
            3.125322487409347,
            2.3531334405676794,
            2.501098843508148,
            2.663624884956671,
            2.826896263412925,
            2.939810132168845
        ]
    }
}