{
    "metadata": {
        "qaoaLayers": 20,
        "backend_name": "ionq_simulator"
    },
    "result": {
        "instance_id": 74,
        "sampled_distribution": [
            [
                "0001",
                2459
            ],
            [
                "0000",
                1016
            ],
            [
                "0101",
                1005
            ],
            [
                "1001",
                992
            ],
            [
                "0011",
                961
            ],
            [
                "0111",
                524
            ],
            [
                "1000",
                514
            ],
            [
                "0010",
                423
            ],
            [
                "1101",
                398
            ],
            [
                "1011",
                391
            ],
            [
                "0100",
                385
            ],
            [
                "1100",
                226
            ],
            [
                "1111",
                204
            ],
            [
                "0110",
                203
            ],
            [
                "1010",
                197
            ],
            [
                "1110",
                102
            ]
        ],
        "num_training_loops": 231,
        "final_training_cost": 0.01953125,
        "optimal_params": [
            4.146113973956828,
            3.9770302956316934,
            2.8250042602452163,
            2.678678775919454,
            2.508463896978379,
            2.3504084796662013,
            3.1912121876318333,
            2.044561971803499,
            1.8848775531782291,
            1.7352304239573326,
            1.5732989359384433,
            1.4176927485084887,
            1.2574748351621137,
            1.1035632773893707,
            1.9448457413313516,
            0.7867379239931217,
            0.6267875645732233,
            0.47158664935590855,
            0.3217355172109121,
            0.16746965667775487,
            -0.0014623463816722806,
            0.15824841619776872,
            0.3497782163463648,
            0.5153152754861755,
            0.6291323826530099,
            0.7880016907839671,
            0.9425852370527031,
            1.1018810245923194,
            1.256779957753175,
            1.4151198903069775,
            1.5725271740211044,
            1.7309265246716323,
            1.885075515958086,
            2.04381913103251,
            2.1989929602757967,
            2.3579829892168505,
            2.516014982816747,
            2.670369377290365,
            2.822335749231724,
            2.9761604207066172
        ]
    }
}