{
    "metadata": {
        "qaoaLayers": 2,
        "backend_name": "ionq_simulator"
    },
    "result": {
        "instance_id": 58,
        "sampled_distribution": [
            [
                "1011",
                1524
            ],
            [
                "1001",
                1173
            ],
            [
                "0011",
                1096
            ],
            [
                "0001",
                960
            ],
            [
                "0101",
                719
            ],
            [
                "1010",
                564
            ],
            [
                "1000",
                520
            ],
            [
                "1101",
                516
            ],
            [
                "0010",
                511
            ],
            [
                "1111",
                508
            ],
            [
                "0111",
                486
            ],
            [
                "0000",
                454
            ],
            [
                "0100",
                309
            ],
            [
                "1110",
                238
            ],
            [
                "0110",
                212
            ],
            [
                "1100",
                210
            ]
        ],
        "num_training_loops": 41,
        "final_training_cost": -0.0478515625,
        "optimal_params": [
            4.913770665565352,
            0.9221674321160716,
            -0.027727838717168517,
            1.2435385389905689
        ]
    }
}