{
    "metadata": {
        "qaoaLayers": 3,
        "backend_name": "ionq_simulator"
    },
    "result": {
        "instance_id": 4,
        "sampled_distribution": [
            [
                "0001",
                1102
            ],
            [
                "0011",
                835
            ],
            [
                "0101",
                819
            ],
            [
                "0000",
                801
            ],
            [
                "1001",
                786
            ],
            [
                "0010",
                612
            ],
            [
                "0100",
                597
            ],
            [
                "0111",
                594
            ],
            [
                "1000",
                590
            ],
            [
                "1011",
                589
            ],
            [
                "1101",
                586
            ],
            [
                "0110",
                448
            ],
            [
                "1010",
                448
            ],
            [
                "1111",
                441
            ],
            [
                "1100",
                393
            ],
            [
                "1110",
                359
            ]
        ],
        "num_training_loops": 43,
        "final_training_cost": 0.00830078125,
        "optimal_params": [
            3.141271659279418,
            3.0471811333172862,
            0.8022550303784919,
            0.06529854060014811,
            0.8055399012836862,
            3.094835097031254
        ]
    }
}