{
    "metadata": {
        "qaoaLayers": 3,
        "backend_name": "ionq_simulator"
    },
    "result": {
        "instance_id": 4,
        "sampled_distribution": [
            [
                "1100",
                1498
            ],
            [
                "1110",
                1367
            ],
            [
                "0011",
                820
            ],
            [
                "1010",
                780
            ],
            [
                "0110",
                772
            ],
            [
                "1000",
                639
            ],
            [
                "0100",
                638
            ],
            [
                "0101",
                621
            ],
            [
                "0001",
                607
            ],
            [
                "0010",
                580
            ],
            [
                "1001",
                566
            ],
            [
                "0000",
                253
            ],
            [
                "1101",
                250
            ],
            [
                "1111",
                226
            ],
            [
                "1011",
                198
            ],
            [
                "0111",
                185
            ]
        ],
        "num_training_loops": 52,
        "final_training_cost": -0.60009765625,
        "optimal_params": [
            2.58180435035507,
            2.564394301981497,
            1.00640011440115,
            -0.00668365748520995,
            1.0248612558793762,
            2.2339352228454183
        ]
    }
}