{
    "metadata": {
        "qaoaLayers": 1,
        "backend_name": "aer_simulator"
    },
    "result": {
        "instance_id": 17,
        "sampled_distribution": [
            [
                "0001",
                7808
            ],
            [
                "0101",
                511
            ],
            [
                "0000",
                508
            ],
            [
                "0011",
                479
            ],
            [
                "1001",
                479
            ],
            [
                "0010",
                40
            ],
            [
                "1101",
                40
            ],
            [
                "1011",
                38
            ],
            [
                "1000",
                33
            ],
            [
                "0111",
                30
            ],
            [
                "0100",
                30
            ],
            [
                "0110",
                2
            ],
            [
                "1100",
                1
            ],
            [
                "1010",
                1
            ]
        ],
        "num_training_loops": 22,
        "final_training_cost": 0.0009765625,
        "optimal_params": [
            3.388714462909862,
            -0.0006332439152657778
        ]
    }
}