{
    "metadata": {
        "qaoaLayers": 4,
        "backend_name": "aer_simulator"
    },
    "result": {
        "instance_id": 80,
        "sampled_distribution": [
            [
                "0110",
                1956
            ],
            [
                "0101",
                1404
            ],
            [
                "0100",
                1241
            ],
            [
                "0001",
                1121
            ],
            [
                "1110",
                1095
            ],
            [
                "1101",
                947
            ],
            [
                "1010",
                527
            ],
            [
                "1100",
                519
            ],
            [
                "1000",
                508
            ],
            [
                "1001",
                247
            ],
            [
                "0010",
                131
            ],
            [
                "0011",
                96
            ],
            [
                "0111",
                85
            ],
            [
                "1011",
                71
            ],
            [
                "0000",
                42
            ],
            [
                "1111",
                10
            ]
        ],
        "num_training_loops": 66,
        "final_training_cost": -0.98193359375,
        "optimal_params": [
            4.210518610657431,
            3.397676474185006,
            0.6786142067324853,
            0.3881272499310638,
            1.0059351762832365,
            0.5575232817958542,
            0.737818015196633,
            2.2122119514190666
        ]
    }
}