{
    "metadata": {
        "qaoaLayers": 20,
        "backend_name": "aer_simulator"
    },
    "result": {
        "instance_id": 58,
        "sampled_distribution": [
            [
                "0101",
                2406
            ],
            [
                "1010",
                2270
            ],
            [
                "1011",
                803
            ],
            [
                "1110",
                780
            ],
            [
                "0011",
                759
            ],
            [
                "1001",
                751
            ],
            [
                "0100",
                544
            ],
            [
                "1100",
                500
            ],
            [
                "0110",
                497
            ],
            [
                "0001",
                490
            ],
            [
                "1000",
                73
            ],
            [
                "0010",
                61
            ],
            [
                "1111",
                32
            ],
            [
                "0111",
                17
            ],
            [
                "0000",
                9
            ],
            [
                "1101",
                8
            ]
        ],
        "num_training_loops": 315,
        "final_training_cost": -1.40771484375,
        "optimal_params": [
            4.116885253082214,
            3.0263508311295526,
            2.795359234684802,
            2.690538273935097,
            2.527945363483105,
            2.378456512273188,
            2.2156365763658705,
            2.066997797743626,
            1.9050363277795501,
            2.7172820679053484,
            1.5508639621046911,
            2.4115834963290483,
            1.3065988226149594,
            1.0906734535104938,
            1.1858845671096838,
            0.8022557799627207,
            0.5437059331951013,
            0.5140828360611297,
            0.3997528993625374,
            0.11921039277221597,
            1.0643784471126785,
            0.3521316980163383,
            0.19786268653376962,
            0.5215182486367418,
            0.7031561728329098,
            0.7886885121990921,
            0.9649903325105033,
            1.1138455786016983,
            1.2974136082314753,
            1.3558192915255107,
            1.6810782379632476,
            1.7699453190366006,
            1.950664413781295,
            2.116439413712103,
            2.254877836544111,
            2.3541968077143247,
            2.5023147496066707,
            2.613394955572933,
            2.7897410658104635,
            4.080388437487774
        ]
    }
}