{
    "metadata": {
        "qaoaLayers": 4,
        "backend_name": "aer_simulator_from(fake_torino)"
    },
    "result": {
        "instance_id": 19,
        "sampled_distribution": [
            [
                "0111",
                7083
            ],
            [
                "0011",
                812
            ],
            [
                "0101",
                700
            ],
            [
                "1111",
                390
            ],
            [
                "0001",
                281
            ],
            [
                "1011",
                137
            ],
            [
                "0110",
                123
            ],
            [
                "1001",
                117
            ],
            [
                "1101",
                117
            ],
            [
                "1110",
                77
            ],
            [
                "1100",
                41
            ],
            [
                "0000",
                39
            ],
            [
                "1000",
                25
            ],
            [
                "0010",
                21
            ],
            [
                "0100",
                20
            ],
            [
                "1010",
                17
            ]
        ],
        "num_training_loops": 73,
        "final_training_cost": -1.4912109375,
        "optimal_params": [
            3.135927100162084,
            2.4609208884181495,
            1.6097267877627932,
            0.8968652663047838,
            -0.07096203518476146,
            0.9694995965474597,
            2.223023236752466,
            2.4722969531191326
        ]
    }
}