{
    "metadata": {
        "qaoaLayers": 4,
        "backend_name": "EMU:15Q:LOGICAL_EARLY"
    },
    "result": {
        "instance_id": 36,
        "sampled_distribution": [
            [
                "0001",
                672
            ],
            [
                "1000",
                653
            ],
            [
                "0010",
                650
            ],
            [
                "0111",
                637
            ],
            [
                "1111",
                634
            ],
            [
                "1010",
                633
            ],
            [
                "0101",
                629
            ],
            [
                "1001",
                628
            ],
            [
                "0110",
                626
            ],
            [
                "1110",
                618
            ],
            [
                "0100",
                617
            ],
            [
                "1100",
                612
            ],
            [
                "0000",
                609
            ],
            [
                "1011",
                604
            ],
            [
                "1101",
                591
            ],
            [
                "0011",
                587
            ]
        ],
        "num_training_loops": 63,
        "final_training_cost": -0.0068359375,
        "optimal_params": [
            2.642699682994257,
            2.340934120295797,
            1.3311210642343765,
            1.8859714416900886,
            -0.5574647655839358,
            0.5070802520384076,
            1.3183304322405025,
            1.9122661265510301
        ]
    }
}