{
    "metadata": {
        "qaoaLayers": 4,
        "backend_name": "aer_simulator"
    },
    "result": {
        "instance_id": 90,
        "sampled_distribution": [
            [
                "1010",
                1942
            ],
            [
                "0110",
                1395
            ],
            [
                "1110",
                1157
            ],
            [
                "1000",
                981
            ],
            [
                "1011",
                851
            ],
            [
                "1001",
                751
            ],
            [
                "0101",
                558
            ],
            [
                "1101",
                512
            ],
            [
                "0010",
                469
            ],
            [
                "0111",
                401
            ],
            [
                "0100",
                372
            ],
            [
                "0001",
                255
            ],
            [
                "1100",
                120
            ],
            [
                "1111",
                89
            ],
            [
                "0011",
                75
            ],
            [
                "0000",
                72
            ]
        ],
        "num_training_loops": 67,
        "final_training_cost": -0.8671875,
        "optimal_params": [
            3.238179584328307,
            2.2549400878590777,
            2.4709751556367885,
            0.8187799907146871,
            0.0019301272276936235,
            0.5001012656488453,
            1.8333800076912106,
            2.3379070078232576
        ]
    }
}