{
    "metadata": {
        "qaoaLayers": 4,
        "backend_name": "ionq_simulator"
    },
    "result": {
        "instance_id": 77,
        "sampled_distribution": [
            [
                "0010",
                752
            ],
            [
                "0100",
                719
            ],
            [
                "1110",
                714
            ],
            [
                "1000",
                702
            ],
            [
                "1101",
                699
            ],
            [
                "0001",
                691
            ],
            [
                "0111",
                661
            ],
            [
                "1011",
                655
            ],
            [
                "0011",
                585
            ],
            [
                "1111",
                573
            ],
            [
                "1001",
                563
            ],
            [
                "0110",
                561
            ],
            [
                "0000",
                560
            ],
            [
                "0101",
                532
            ],
            [
                "1010",
                520
            ],
            [
                "1100",
                513
            ]
        ],
        "num_training_loops": 50,
        "final_training_cost": 0.01611328125,
        "optimal_params": [
            3.1416534421185496,
            2.3564947050501797,
            1.5705988881107558,
            1.7861802975923977,
            0.0004888873305143629,
            0.7854813282350275,
            1.570761830905064,
            2.3561031519066145
        ]
    }
}