{
    "metadata": {
        "qaoaLayers": 3,
        "backend_name": "ionq_simulator"
    },
    "result": {
        "instance_id": 41,
        "sampled_distribution": [
            [
                "1000",
                1559
            ],
            [
                "1110",
                1182
            ],
            [
                "1010",
                1050
            ],
            [
                "1100",
                1005
            ],
            [
                "0110",
                884
            ],
            [
                "1101",
                702
            ],
            [
                "1011",
                693
            ],
            [
                "1001",
                566
            ],
            [
                "1111",
                440
            ],
            [
                "0111",
                356
            ],
            [
                "0010",
                328
            ],
            [
                "0100",
                317
            ],
            [
                "0000",
                259
            ],
            [
                "0001",
                229
            ],
            [
                "0101",
                217
            ],
            [
                "0011",
                213
            ]
        ],
        "num_training_loops": 50,
        "final_training_cost": -0.16943359375,
        "optimal_params": [
            2.821636836816849,
            3.291172567385603,
            2.149186830072963,
            -0.047071026744920585,
            0.935613512062423,
            0.9835782763218714
        ]
    }
}