{
    "metadata": {
        "qaoaLayers": 1,
        "backend_name": "ionq_simulator"
    },
    "result": {
        "instance_id": 64,
        "sampled_distribution": [
            [
                "1110",
                3010
            ],
            [
                "1111",
                1113
            ],
            [
                "0110",
                1067
            ],
            [
                "1010",
                1064
            ],
            [
                "1100",
                1052
            ],
            [
                "1000",
                388
            ],
            [
                "0010",
                371
            ],
            [
                "0100",
                352
            ],
            [
                "1011",
                352
            ],
            [
                "0111",
                338
            ],
            [
                "1101",
                331
            ],
            [
                "1001",
                151
            ],
            [
                "0000",
                123
            ],
            [
                "0011",
                120
            ],
            [
                "0101",
                113
            ],
            [
                "0001",
                55
            ]
        ],
        "num_training_loops": 22,
        "final_training_cost": 0.0380859375,
        "optimal_params": [
            4.1775168126507305,
            0.05920278632265928
        ]
    }
}