{
    "metadata": {
        "qaoaLayers": 1,
        "backend_name": "aer_simulator_from(fake_torino)"
    },
    "result": {
        "instance_id": 19,
        "sampled_distribution": [
            [
                "1110",
                788
            ],
            [
                "1100",
                732
            ],
            [
                "0110",
                731
            ],
            [
                "1010",
                697
            ],
            [
                "1111",
                680
            ],
            [
                "0111",
                631
            ],
            [
                "0010",
                627
            ],
            [
                "1101",
                611
            ],
            [
                "0100",
                604
            ],
            [
                "1011",
                604
            ],
            [
                "1000",
                597
            ],
            [
                "0000",
                557
            ],
            [
                "0011",
                557
            ],
            [
                "1001",
                556
            ],
            [
                "0101",
                535
            ],
            [
                "0001",
                493
            ]
        ],
        "num_training_loops": 24,
        "final_training_cost": 0.021484375,
        "optimal_params": [
            3.957779955776945,
            -0.12067457121633188
        ]
    }
}