{
    "metadata": {
        "qaoaLayers": 3,
        "backend_name": "ionq_simulator"
    },
    "result": {
        "instance_id": 44,
        "sampled_distribution": [
            [
                "0110",
                2013
            ],
            [
                "0010",
                1141
            ],
            [
                "1100",
                1105
            ],
            [
                "0011",
                1068
            ],
            [
                "1110",
                990
            ],
            [
                "0111",
                806
            ],
            [
                "1000",
                714
            ],
            [
                "1101",
                569
            ],
            [
                "1001",
                528
            ],
            [
                "1011",
                426
            ],
            [
                "0100",
                339
            ],
            [
                "0001",
                147
            ],
            [
                "0000",
                73
            ],
            [
                "1010",
                59
            ],
            [
                "1111",
                22
            ]
        ],
        "num_training_loops": 62,
        "final_training_cost": -0.9072265625,
        "optimal_params": [
            2.6728091701929717,
            2.0092041912732594,
            0.48495782924456843,
            -0.08890293166786,
            1.064787270181078,
            1.2472259397098937
        ]
    }
}