{
    "metadata": {
        "qaoaLayers": 1,
        "backend_name": "aer_simulator"
    },
    "result": {
        "instance_id": 21,
        "sampled_distribution": [
            [
                "1110",
                1011
            ],
            [
                "1100",
                810
            ],
            [
                "0110",
                784
            ],
            [
                "1010",
                748
            ],
            [
                "1111",
                711
            ],
            [
                "0100",
                651
            ],
            [
                "1000",
                626
            ],
            [
                "1101",
                621
            ],
            [
                "0010",
                617
            ],
            [
                "0111",
                600
            ],
            [
                "1011",
                583
            ],
            [
                "0101",
                493
            ],
            [
                "0011",
                491
            ],
            [
                "0000",
                470
            ],
            [
                "1001",
                433
            ],
            [
                "0001",
                351
            ]
        ],
        "num_training_loops": 28,
        "final_training_cost": 0.00927734375,
        "optimal_params": [
            3.9850881359591903,
            0.761371644165613
        ]
    }
}