{
    "metadata": {
        "qaoaLayers": 1,
        "backend_name": "aer_simulator"
    },
    "result": {
        "instance_id": 24,
        "sampled_distribution": [
            [
                "1110",
                1810
            ],
            [
                "1111",
                972
            ],
            [
                "1100",
                957
            ],
            [
                "0110",
                946
            ],
            [
                "1010",
                938
            ],
            [
                "0100",
                553
            ],
            [
                "0111",
                544
            ],
            [
                "1011",
                530
            ],
            [
                "1000",
                523
            ],
            [
                "0010",
                489
            ],
            [
                "1101",
                487
            ],
            [
                "0011",
                287
            ],
            [
                "1001",
                278
            ],
            [
                "0000",
                265
            ],
            [
                "0101",
                261
            ],
            [
                "0001",
                160
            ]
        ],
        "num_training_loops": 20,
        "final_training_cost": 0.00830078125,
        "optimal_params": [
            4.08146314797722,
            -0.018488869837834727
        ]
    }
}