{
    "metadata": {
        "qaoaLayers": 1,
        "backend_name": "ionq_simulator"
    },
    "result": {
        "instance_id": 92,
        "sampled_distribution": [
            [
                "0001",
                879
            ],
            [
                "1001",
                767
            ],
            [
                "0101",
                739
            ],
            [
                "0000",
                704
            ],
            [
                "0011",
                698
            ],
            [
                "1101",
                643
            ],
            [
                "1000",
                631
            ],
            [
                "0010",
                615
            ],
            [
                "0111",
                610
            ],
            [
                "1011",
                600
            ],
            [
                "0100",
                579
            ],
            [
                "1100",
                542
            ],
            [
                "1111",
                534
            ],
            [
                "0110",
                533
            ],
            [
                "1010",
                488
            ],
            [
                "1110",
                438
            ]
        ],
        "num_training_loops": 22,
        "final_training_cost": 0.0419921875,
        "optimal_params": [
            3.8908871382610886,
            -0.38866102912360234
        ]
    }
}