{
    "metadata": {
        "qaoaLayers": 1,
        "backend_name": "aer_simulator"
    },
    "result": {
        "instance_id": 7,
        "sampled_distribution": [
            [
                "0001",
                847
            ],
            [
                "0000",
                725
            ],
            [
                "1001",
                723
            ],
            [
                "0101",
                719
            ],
            [
                "0011",
                705
            ],
            [
                "0010",
                636
            ],
            [
                "1000",
                616
            ],
            [
                "1101",
                614
            ],
            [
                "0111",
                604
            ],
            [
                "0100",
                587
            ],
            [
                "1011",
                586
            ],
            [
                "1010",
                560
            ],
            [
                "0110",
                539
            ],
            [
                "1111",
                532
            ],
            [
                "1100",
                521
            ],
            [
                "1110",
                486
            ]
        ],
        "num_training_loops": 20,
        "final_training_cost": 0.01513671875,
        "optimal_params": [
            3.8923113308288557,
            -0.1284764578943815
        ]
    }
}