{
    "metadata": {
        "qaoaLayers": 3,
        "backend_name": "EMU:15Q:LOGICAL_EARLY"
    },
    "result": {
        "instance_id": 74,
        "sampled_distribution": [
            [
                "1110",
                937
            ],
            [
                "1010",
                815
            ],
            [
                "0110",
                790
            ],
            [
                "1100",
                761
            ],
            [
                "1111",
                661
            ],
            [
                "0010",
                656
            ],
            [
                "1000",
                652
            ],
            [
                "0111",
                614
            ],
            [
                "0100",
                608
            ],
            [
                "1011",
                580
            ],
            [
                "1101",
                540
            ],
            [
                "0000",
                540
            ],
            [
                "0011",
                504
            ],
            [
                "0101",
                475
            ],
            [
                "1001",
                455
            ],
            [
                "0001",
                412
            ]
        ],
        "num_training_loops": 57,
        "final_training_cost": 0.025390625,
        "optimal_params": [
            4.835742174002746,
            3.4391598171789193,
            0.2825173425643545,
            -0.426473140069579,
            1.1160389044039836,
            1.8991831149044243
        ]
    }
}