{
    "metadata": {
        "qaoaLayers": 4,
        "backend_name": "ionq_simulator"
    },
    "result": {
        "instance_id": 19,
        "sampled_distribution": [
            [
                "1100",
                2537
            ],
            [
                "1010",
                2422
            ],
            [
                "1000",
                1184
            ],
            [
                "0110",
                757
            ],
            [
                "1110",
                639
            ],
            [
                "0100",
                383
            ],
            [
                "0111",
                343
            ],
            [
                "0010",
                324
            ],
            [
                "0000",
                273
            ],
            [
                "1101",
                247
            ],
            [
                "1011",
                240
            ],
            [
                "1111",
                149
            ],
            [
                "0011",
                144
            ],
            [
                "0101",
                137
            ],
            [
                "1001",
                116
            ],
            [
                "0001",
                105
            ]
        ],
        "num_training_loops": 82,
        "final_training_cost": -1.03125,
        "optimal_params": [
            2.890158376262158,
            2.0769695647372464,
            1.3033218859003652,
            1.8918362332388539,
            1.3444209715854722,
            0.41724780783102144,
            2.689835840382103,
            2.1247295450283277
        ]
    }
}