{
    "metadata": {
        "qaoaLayers": 1,
        "backend_name": "EMU:15Q:LOGICAL_EARLY"
    },
    "result": {
        "instance_id": 29,
        "sampled_distribution": [
            [
                "0001",
                3489
            ],
            [
                "0000",
                1092
            ],
            [
                "0011",
                1089
            ],
            [
                "1001",
                1087
            ],
            [
                "0101",
                977
            ],
            [
                "1101",
                344
            ],
            [
                "1000",
                322
            ],
            [
                "0111",
                318
            ],
            [
                "0100",
                296
            ],
            [
                "0010",
                295
            ],
            [
                "1011",
                294
            ],
            [
                "1111",
                104
            ],
            [
                "1010",
                102
            ],
            [
                "1100",
                86
            ],
            [
                "0110",
                80
            ],
            [
                "1110",
                25
            ]
        ],
        "num_training_loops": 19,
        "final_training_cost": -0.2607421875,
        "optimal_params": [
            3.1425808357645693,
            -0.00015328401565161253
        ]
    }
}