{
    "metadata": {
        "qaoaLayers": 20,
        "backend_name": "ionq_simulator"
    },
    "result": {
        "instance_id": 59,
        "sampled_distribution": [
            [
                "1110",
                1281
            ],
            [
                "0100",
                833
            ],
            [
                "1011",
                819
            ],
            [
                "1100",
                763
            ],
            [
                "0110",
                740
            ],
            [
                "1111",
                714
            ],
            [
                "1010",
                712
            ],
            [
                "0001",
                543
            ],
            [
                "0101",
                486
            ],
            [
                "1001",
                481
            ],
            [
                "0011",
                480
            ],
            [
                "0000",
                462
            ],
            [
                "1101",
                448
            ],
            [
                "0010",
                428
            ],
            [
                "0111",
                406
            ],
            [
                "1000",
                404
            ]
        ],
        "num_training_loops": 253,
        "final_training_cost": 0.04638671875,
        "optimal_params": [
            3.7808675467146458,
            2.954104459314081,
            2.7497687031021156,
            3.0765542897795517,
            3.552510655600864,
            2.3518537832869653,
            2.1604822268784822,
            2.005085576233442,
            1.8619239371732894,
            1.428084334902728,
            1.5694400898454186,
            2.3889873101513177,
            2.310299011397767,
            1.0085023811840947,
            0.8657558418681466,
            0.6731644039201847,
            0.5193001012031713,
            1.3307344979505984,
            0.22611206796866393,
            0.037494461111042356,
            -0.11769439763082273,
            0.04575904277837905,
            0.20197915027030014,
            0.3321584861937476,
            0.5409483046489174,
            1.0484444326909872,
            0.8482593758663197,
            0.9975193885314046,
            1.4871514509044992,
            1.3096948000612332,
            1.5937394531891118,
            1.6285303774595854,
            1.8025007241775401,
            1.9387750672912616,
            2.0943094825560093,
            3.32719548290412,
            2.399545059377429,
            2.6080080668263044,
            2.8109030634908416,
            2.9094546761090627
        ]
    }
}