{
    "metadata": {
        "qaoaLayers": 2,
        "backend_name": "aer_simulator_from(fake_torino)"
    },
    "result": {
        "instance_id": 64,
        "sampled_distribution": [
            [
                "1011",
                2644
            ],
            [
                "0011",
                2322
            ],
            [
                "1001",
                2321
            ],
            [
                "0001",
                1942
            ],
            [
                "1111",
                94
            ],
            [
                "1010",
                89
            ],
            [
                "0010",
                80
            ],
            [
                "1000",
                77
            ],
            [
                "0111",
                76
            ],
            [
                "0101",
                75
            ],
            [
                "0000",
                68
            ],
            [
                "1101",
                66
            ],
            [
                "1110",
                42
            ],
            [
                "0100",
                37
            ],
            [
                "0110",
                36
            ],
            [
                "1100",
                31
            ]
        ],
        "num_training_loops": 51,
        "final_training_cost": -0.875,
        "optimal_params": [
            2.737556123374287,
            0.4201004331520632,
            -1.083104377904295,
            1.5746086831043853
        ]
    }
}