{
    "metadata": {
        "qaoaLayers": 20,
        "backend_name": "ionq_simulator"
    },
    "result": {
        "instance_id": 31,
        "sampled_distribution": [
            [
                "0110",
                3652
            ],
            [
                "1110",
                2030
            ],
            [
                "0100",
                1712
            ],
            [
                "1010",
                740
            ],
            [
                "1101",
                427
            ],
            [
                "1001",
                425
            ],
            [
                "0111",
                284
            ],
            [
                "1011",
                245
            ],
            [
                "0001",
                241
            ],
            [
                "0101",
                110
            ],
            [
                "0010",
                87
            ],
            [
                "1000",
                24
            ],
            [
                "1111",
                13
            ],
            [
                "0000",
                10
            ]
        ],
        "num_training_loops": 253,
        "final_training_cost": -0.9990234375,
        "optimal_params": [
            4.156327450541586,
            3.9875027906543363,
            3.827791103344143,
            2.668712733467316,
            2.5152499992163357,
            2.3481990353848485,
            2.1992295734909595,
            2.0413396477093446,
            1.8866141757093358,
            2.7043464022730728,
            1.5749552551834287,
            1.4283283330162788,
            1.3178164054187749,
            1.0767046400384404,
            1.9442279329579746,
            0.785508055456959,
            0.6281880119430653,
            0.47036457726460607,
            0.3119054809931889,
            0.15250067083463772,
            -0.12703141254714348,
            0.16574664455778368,
            0.312179591092931,
            0.4747155754659312,
            0.60901343944922,
            0.7729775167199356,
            0.9471514230087972,
            1.0949989832534879,
            1.2549703283838964,
            1.4136370377758178,
            1.5728877587973888,
            1.7294911478433057,
            1.885000088143234,
            2.0441301972387147,
            2.196945120897665,
            2.355848807508742,
            2.5160452977375543,
            2.672078519102116,
            2.8290251722681026,
            3.0003546564378443
        ]
    }
}