{
    "metadata": {
        "qaoaLayers": 1,
        "backend_name": "ionq_simulator"
    },
    "result": {
        "instance_id": 53,
        "sampled_distribution": [
            [
                "1000",
                663
            ],
            [
                "0100",
                660
            ],
            [
                "0111",
                642
            ],
            [
                "0101",
                640
            ],
            [
                "1001",
                633
            ],
            [
                "0001",
                632
            ],
            [
                "0011",
                632
            ],
            [
                "1101",
                631
            ],
            [
                "0000",
                630
            ],
            [
                "1111",
                623
            ],
            [
                "1010",
                622
            ],
            [
                "1110",
                621
            ],
            [
                "0010",
                609
            ],
            [
                "1100",
                600
            ],
            [
                "0110",
                595
            ],
            [
                "1011",
                567
            ]
        ],
        "num_training_loops": 25,
        "final_training_cost": 0.0087890625,
        "optimal_params": [
            3.9248144694486897,
            -0.1477943297177053
        ]
    }
}