{
    "metadata": {
        "qaoaLayers": 3,
        "backend_name": "ionq_simulator"
    },
    "result": {
        "instance_id": 83,
        "sampled_distribution": [
            [
                "0001",
                6747
            ],
            [
                "1001",
                1964
            ],
            [
                "1000",
                310
            ],
            [
                "1101",
                189
            ],
            [
                "1011",
                156
            ],
            [
                "0101",
                124
            ],
            [
                "0011",
                115
            ],
            [
                "0000",
                94
            ],
            [
                "0100",
                65
            ],
            [
                "0010",
                51
            ],
            [
                "0110",
                38
            ],
            [
                "1111",
                34
            ],
            [
                "0111",
                32
            ],
            [
                "1100",
                32
            ],
            [
                "1010",
                26
            ],
            [
                "1110",
                23
            ]
        ],
        "num_training_loops": 55,
        "final_training_cost": -1.19384765625,
        "optimal_params": [
            3.441218226047232,
            1.8381848454171537,
            0.930902248976942,
            -0.6010218006827927,
            0.9958539441560925,
            3.178052896495807
        ]
    }
}