{
    "metadata": {
        "qaoaLayers": 20,
        "backend_name": "aer_simulator"
    },
    "result": {
        "instance_id": 12,
        "sampled_distribution": [
            [
                "1000",
                3847
            ],
            [
                "1010",
                2014
            ],
            [
                "1100",
                1967
            ],
            [
                "0111",
                1476
            ],
            [
                "0011",
                187
            ],
            [
                "0101",
                175
            ],
            [
                "0110",
                77
            ],
            [
                "1110",
                55
            ],
            [
                "1111",
                54
            ],
            [
                "1011",
                41
            ],
            [
                "1101",
                36
            ],
            [
                "0010",
                20
            ],
            [
                "0000",
                20
            ],
            [
                "0001",
                16
            ],
            [
                "0100",
                13
            ],
            [
                "1001",
                2
            ]
        ],
        "num_training_loops": 399,
        "final_training_cost": -1.9052734375,
        "optimal_params": [
            4.211577277752727,
            4.0634325123469095,
            2.8828856502971867,
            2.7506237482949896,
            3.3651855939162223,
            3.4153690536600214,
            2.3071924689043835,
            1.932069209922757,
            1.9521944859476472,
            1.7763674555492925,
            1.4327387196707775,
            1.4611057538101184,
            1.1504611637353028,
            2.1096753371258443,
            1.8024223116566087,
            0.6174363148456872,
            0.1690938199931997,
            0.4939308527171101,
            0.36375856231977605,
            0.07367616063424326,
            0.019725887572836623,
            0.18416356842091663,
            0.44495347268796964,
            0.5362304163602919,
            0.7517805443827721,
            0.8832983248723912,
            0.8968360142679352,
            1.0869147315935508,
            1.2916709662706172,
            1.480846244640969,
            1.661044555721988,
            1.8035957690737863,
            1.509427933081377,
            2.197603658753338,
            2.0505359592932897,
            2.2696720118709988,
            2.5930006857871226,
            3.924126968494977,
            2.864979095024358,
            2.9198544872914067
        ]
    }
}