{
    "metadata": {
        "qaoaLayers": 3,
        "backend_name": "EMU:15Q:LOGICAL_EARLY"
    },
    "result": {
        "instance_id": 61,
        "sampled_distribution": [
            [
                "0000",
                670
            ],
            [
                "0101",
                639
            ],
            [
                "0110",
                639
            ],
            [
                "1000",
                639
            ],
            [
                "0010",
                638
            ],
            [
                "1110",
                636
            ],
            [
                "1011",
                630
            ],
            [
                "1111",
                624
            ],
            [
                "0111",
                621
            ],
            [
                "1100",
                619
            ],
            [
                "0001",
                616
            ],
            [
                "1010",
                614
            ],
            [
                "0100",
                610
            ],
            [
                "1101",
                604
            ],
            [
                "0011",
                601
            ],
            [
                "1001",
                600
            ]
        ],
        "num_training_loops": 43,
        "final_training_cost": 0.03515625,
        "optimal_params": [
            3.166304287075842,
            2.2227864001047437,
            1.0202835077570815,
            -0.0165388284173344,
            1.047802960640855,
            2.096452670153799
        ]
    }
}