{
    "metadata": {
        "qaoaLayers": 3,
        "backend_name": "ionq_simulator"
    },
    "result": {
        "instance_id": 22,
        "sampled_distribution": [
            [
                "1110",
                3120
            ],
            [
                "1100",
                1100
            ],
            [
                "1111",
                1085
            ],
            [
                "0110",
                959
            ],
            [
                "1010",
                842
            ],
            [
                "1101",
                451
            ],
            [
                "0100",
                446
            ],
            [
                "1000",
                407
            ],
            [
                "0111",
                348
            ],
            [
                "1011",
                347
            ],
            [
                "0010",
                274
            ],
            [
                "1001",
                175
            ],
            [
                "0101",
                145
            ],
            [
                "0000",
                135
            ],
            [
                "0011",
                108
            ],
            [
                "0001",
                58
            ]
        ],
        "num_training_loops": 42,
        "final_training_cost": 0.025390625,
        "optimal_params": [
            3.141998948170342,
            3.0936901309662694,
            2.0468002771194924,
            0.9999402241188694,
            1.0475743066840244,
            2.094581100929273
        ]
    }
}