{
    "metadata": {
        "qaoaLayers": 3,
        "backend_name": "aer_simulator"
    },
    "result": {
        "instance_id": 9,
        "sampled_distribution": [
            [
                "1110",
                9882
            ],
            [
                "1111",
                40
            ],
            [
                "0110",
                22
            ],
            [
                "1010",
                21
            ],
            [
                "1100",
                17
            ],
            [
                "0111",
                5
            ],
            [
                "1011",
                5
            ],
            [
                "1101",
                4
            ],
            [
                "0010",
                4
            ]
        ],
        "num_training_loops": 51,
        "final_training_cost": -1.970703125,
        "optimal_params": [
            3.1929227389128343,
            2.6122808906669714,
            2.1007448510499307,
            1.269918928051071,
            1.0323948221246027,
            3.1685658198697113
        ]
    }
}