{
    "metadata": {
        "qaoaLayers": 2,
        "backend_name": "ionq_simulator"
    },
    "result": {
        "instance_id": 25,
        "sampled_distribution": [
            [
                "1101",
                1119
            ],
            [
                "1001",
                774
            ],
            [
                "1100",
                774
            ],
            [
                "0101",
                760
            ],
            [
                "1111",
                731
            ],
            [
                "0011",
                610
            ],
            [
                "0001",
                609
            ],
            [
                "1000",
                603
            ],
            [
                "0100",
                602
            ],
            [
                "1011",
                584
            ],
            [
                "0111",
                563
            ],
            [
                "1110",
                502
            ],
            [
                "0000",
                456
            ],
            [
                "1010",
                450
            ],
            [
                "0110",
                440
            ],
            [
                "0010",
                423
            ]
        ],
        "num_training_loops": 40,
        "final_training_cost": -0.10400390625,
        "optimal_params": [
            4.8666111847057065,
            0.8341970956807293,
            -0.06417159412797908,
            1.2158683958672183
        ]
    }
}