{
    "metadata": {
        "qaoaLayers": 4,
        "backend_name": "ionq_simulator"
    },
    "result": {
        "instance_id": 73,
        "sampled_distribution": [
            [
                "0010",
                2538
            ],
            [
                "0001",
                2524
            ],
            [
                "1110",
                2490
            ],
            [
                "1101",
                2448
            ]
        ],
        "num_training_loops": 44,
        "final_training_cost": -1.0,
        "optimal_params": [
            3.141592653589793,
            2.356194490192345,
            1.5707963267948966,
            0.7853981633974483,
            0.0,
            0.7853981633974483,
            1.5707963267948966,
            2.356194490192345
        ]
    }
}