{
    "metadata": {
        "qaoaLayers": 3,
        "backend_name": "aer_simulator_from(fake_torino)"
    },
    "result": {
        "instance_id": 47,
        "sampled_distribution": [
            [
                "0011",
                2180
            ],
            [
                "1110",
                1282
            ],
            [
                "1100",
                1211
            ],
            [
                "0001",
                1183
            ],
            [
                "1001",
                821
            ],
            [
                "1011",
                571
            ],
            [
                "1101",
                568
            ],
            [
                "1010",
                440
            ],
            [
                "0100",
                434
            ],
            [
                "1000",
                327
            ],
            [
                "0110",
                229
            ],
            [
                "0010",
                216
            ],
            [
                "0101",
                147
            ],
            [
                "0000",
                138
            ],
            [
                "1111",
                136
            ],
            [
                "0111",
                117
            ]
        ],
        "num_training_loops": 61,
        "final_training_cost": -0.861328125,
        "optimal_params": [
            2.119996727738918,
            4.130880790857006,
            0.561204159967772,
            -0.1748370314876569,
            0.9443563846465419,
            2.591789963586566
        ]
    }
}