{
    "metadata": {
        "qaoaLayers": 4,
        "backend_name": "aer_simulator"
    },
    "result": {
        "instance_id": 99,
        "sampled_distribution": [
            [
                "1000",
                9730
            ],
            [
                "1010",
                119
            ],
            [
                "1100",
                97
            ],
            [
                "0110",
                27
            ],
            [
                "1001",
                10
            ],
            [
                "0000",
                10
            ],
            [
                "1111",
                4
            ],
            [
                "1011",
                2
            ],
            [
                "1110",
                1
            ]
        ],
        "num_training_loops": 79,
        "final_training_cost": -1.9833984375,
        "optimal_params": [
            3.18214209112629,
            2.306133992989838,
            1.5481415519649995,
            2.3172209748672916,
            0.05898441204099884,
            0.45735469895798636,
            2.48901254782922,
            2.221380126188566
        ]
    }
}