{
    "metadata": {
        "qaoaLayers": 4,
        "backend_name": "ionq_simulator"
    },
    "result": {
        "instance_id": 84,
        "sampled_distribution": [
            [
                "1101",
                6301
            ],
            [
                "1001",
                644
            ],
            [
                "0101",
                587
            ],
            [
                "1111",
                552
            ],
            [
                "0001",
                320
            ],
            [
                "1011",
                260
            ],
            [
                "1100",
                259
            ],
            [
                "0111",
                252
            ],
            [
                "1110",
                243
            ],
            [
                "0011",
                213
            ],
            [
                "1000",
                82
            ],
            [
                "0010",
                74
            ],
            [
                "1010",
                73
            ],
            [
                "0000",
                67
            ],
            [
                "0100",
                39
            ],
            [
                "0110",
                34
            ]
        ],
        "num_training_loops": 79,
        "final_training_cost": -1.20361328125,
        "optimal_params": [
            3.200135656831024,
            2.2989695763014857,
            1.5515244613172685,
            0.7240115515577353,
            -0.38871454662294425,
            0.7542284354739924,
            2.3598587212160362,
            2.3759323636887344
        ]
    }
}