{
    "metadata": {
        "qaoaLayers": 4,
        "backend_name": "ionq_simulator"
    },
    "result": {
        "instance_id": 63,
        "sampled_distribution": [
            [
                "1110",
                6690
            ],
            [
                "0110",
                1502
            ],
            [
                "1010",
                1383
            ],
            [
                "1100",
                241
            ],
            [
                "0010",
                70
            ],
            [
                "0100",
                63
            ],
            [
                "1000",
                51
            ]
        ],
        "num_training_loops": 73,
        "final_training_cost": -1.904296875,
        "optimal_params": [
            3.0371171155494863,
            1.7811675487042418,
            1.826459009365253,
            1.622758494805966,
            -0.04103553985217847,
            0.7610468452988355,
            1.5034973392962327,
            2.5116064903073725
        ]
    }
}