{
    "metadata": {
        "qaoaLayers": 3,
        "backend_name": "aer_simulator"
    },
    "result": {
        "instance_id": 12,
        "sampled_distribution": [
            [
                "1000",
                9697
            ],
            [
                "1010",
                160
            ],
            [
                "1100",
                139
            ],
            [
                "1110",
                2
            ],
            [
                "1001",
                2
            ]
        ],
        "num_training_loops": 71,
        "final_training_cost": -2.0,
        "optimal_params": [
            3.14934831403698,
            2.4234867779140226,
            0.8473323151929545,
            -0.22962920355230076,
            1.9807135655556083,
            1.569591711753375
        ]
    }
}