{
    "metadata": {
        "qaoaLayers": 1,
        "backend_name": "EMU:15Q:LOGICAL_EARLY"
    },
    "result": {
        "instance_id": 63,
        "sampled_distribution": [
            [
                "1001",
                1270
            ],
            [
                "0001",
                1226
            ],
            [
                "0101",
                1057
            ],
            [
                "1101",
                991
            ],
            [
                "0011",
                987
            ],
            [
                "1011",
                901
            ],
            [
                "0111",
                822
            ],
            [
                "1111",
                784
            ],
            [
                "0000",
                304
            ],
            [
                "1000",
                287
            ],
            [
                "0100",
                263
            ],
            [
                "1100",
                257
            ],
            [
                "0110",
                222
            ],
            [
                "1010",
                221
            ],
            [
                "0010",
                209
            ],
            [
                "1110",
                199
            ]
        ],
        "num_training_loops": 19,
        "final_training_cost": -0.16552734375,
        "optimal_params": [
            3.141632702776194,
            0.0009991977094992806
        ]
    }
}