{
    "metadata": {
        "qaoaLayers": 4,
        "backend_name": "aer_simulator"
    },
    "result": {
        "instance_id": 51,
        "sampled_distribution": [
            [
                "1010",
                2471
            ],
            [
                "0101",
                2466
            ],
            [
                "1000",
                2465
            ],
            [
                "0111",
                2431
            ],
            [
                "0000",
                29
            ],
            [
                "0110",
                27
            ],
            [
                "1101",
                26
            ],
            [
                "1011",
                25
            ],
            [
                "1110",
                11
            ],
            [
                "1100",
                11
            ],
            [
                "0011",
                10
            ],
            [
                "0010",
                9
            ],
            [
                "0001",
                8
            ],
            [
                "1001",
                4
            ],
            [
                "0100",
                4
            ],
            [
                "1111",
                3
            ]
        ],
        "num_training_loops": 52,
        "final_training_cost": -0.96630859375,
        "optimal_params": [
            3.8985690550577408,
            2.332244713349782,
            1.5505551729447653,
            0.7592013303972419,
            -0.000923797745384472,
            0.7572738030113676,
            1.451256942767985,
            2.4099009745017006
        ]
    }
}