{
    "metadata": {
        "qaoaLayers": 20,
        "backend_name": "ionq_simulator"
    },
    "result": {
        "instance_id": 50,
        "sampled_distribution": [
            [
                "0011",
                4729
            ],
            [
                "1110",
                2843
            ],
            [
                "1101",
                2211
            ],
            [
                "1100",
                85
            ],
            [
                "0001",
                69
            ],
            [
                "0010",
                54
            ],
            [
                "1111",
                9
            ]
        ],
        "num_training_loops": 361,
        "final_training_cost": -1.95068359375,
        "optimal_params": [
            4.023017810051164,
            3.0720599520214216,
            2.819241968535058,
            2.462400597697174,
            3.089650179483613,
            2.556524998319773,
            3.215296817892857,
            2.0980996443838364,
            1.8716129412323388,
            1.739999461015277,
            1.7148618699653835,
            1.5006218957009712,
            1.2430195828286625,
            1.1862023191931728,
            1.06795208156598,
            0.8230014129585362,
            0.6004466176938428,
            0.5074413098636428,
            0.3754134047762438,
            0.18288354549456182,
            0.934933555087465,
            0.08522021863661589,
            0.1713598779498366,
            0.4400057667071099,
            0.6338957398597636,
            0.6882712466936642,
            0.9367591668242925,
            1.1027485783056938,
            1.237231198392709,
            1.3965835359922487,
            1.5201164441749813,
            1.7906111392185744,
            1.755095079109106,
            2.082761864848979,
            2.2239393179330786,
            2.397548923765122,
            2.5433731407636913,
            2.573411501936006,
            2.7908291211714737,
            3.4918613054650236
        ]
    }
}