{
    "metadata": {
        "qaoaLayers": 3,
        "backend_name": "aer_simulator"
    },
    "result": {
        "instance_id": 92,
        "sampled_distribution": [
            [
                "1000",
                1656
            ],
            [
                "0110",
                1245
            ],
            [
                "1110",
                1128
            ],
            [
                "1001",
                947
            ],
            [
                "1101",
                941
            ],
            [
                "1011",
                913
            ],
            [
                "1100",
                693
            ],
            [
                "0111",
                675
            ],
            [
                "1010",
                646
            ],
            [
                "0001",
                345
            ],
            [
                "0011",
                198
            ],
            [
                "0101",
                191
            ],
            [
                "0100",
                117
            ],
            [
                "0010",
                115
            ],
            [
                "1111",
                101
            ],
            [
                "0000",
                89
            ]
        ],
        "num_training_loops": 55,
        "final_training_cost": -0.5302734375,
        "optimal_params": [
            2.8209388005279084,
            3.3679322027029652,
            2.1925167556171314,
            -0.028813239633208303,
            1.0019634722445008,
            0.9953328884040604
        ]
    }
}