{
    "metadata": {
        "qaoaLayers": 1,
        "backend_name": "aer_simulator"
    },
    "result": {
        "instance_id": 23,
        "sampled_distribution": [
            [
                "1110",
                904
            ],
            [
                "1010",
                757
            ],
            [
                "1100",
                742
            ],
            [
                "1111",
                720
            ],
            [
                "0110",
                693
            ],
            [
                "0111",
                641
            ],
            [
                "1000",
                636
            ],
            [
                "0100",
                592
            ],
            [
                "0010",
                592
            ],
            [
                "1011",
                579
            ],
            [
                "1101",
                579
            ],
            [
                "1001",
                553
            ],
            [
                "0101",
                534
            ],
            [
                "0011",
                521
            ],
            [
                "0000",
                520
            ],
            [
                "0001",
                437
            ]
        ],
        "num_training_loops": 21,
        "final_training_cost": -0.0244140625,
        "optimal_params": [
            3.973555755253123,
            0.7715887383548851
        ]
    }
}