{
    "metadata": {
        "qaoaLayers": 20,
        "backend_name": "ionq_simulator"
    },
    "result": {
        "instance_id": 13,
        "sampled_distribution": [
            [
                "1010",
                4052
            ],
            [
                "0110",
                755
            ],
            [
                "1100",
                738
            ],
            [
                "0100",
                732
            ],
            [
                "0001",
                704
            ],
            [
                "1011",
                696
            ],
            [
                "1001",
                560
            ],
            [
                "0011",
                554
            ],
            [
                "1110",
                413
            ],
            [
                "0101",
                262
            ],
            [
                "1101",
                205
            ],
            [
                "0111",
                190
            ],
            [
                "1000",
                72
            ],
            [
                "0010",
                67
            ]
        ],
        "num_training_loops": 315,
        "final_training_cost": -1.35595703125,
        "optimal_params": [
            4.101085859353591,
            3.41056647589472,
            2.688107640780998,
            2.6207659336586158,
            2.3439105888290825,
            2.300294751970918,
            2.0417100153160823,
            1.9911154279932284,
            1.7693414166923156,
            2.5843882980512713,
            1.6557438620413547,
            2.43355991901005,
            1.3547719947813466,
            1.0772230700117897,
            1.0647074393730325,
            0.791122768205505,
            0.6200847527718866,
            0.6090117666229083,
            0.2618828416140305,
            0.10142534278955702,
            0.08791201628889724,
            0.08969746140768034,
            0.37647371642477495,
            0.542068475280448,
            0.6475320974095797,
            0.836585073909973,
            0.9760842007382065,
            1.095370100502343,
            1.18701765569314,
            1.5333008543671545,
            1.480768100033,
            1.8356366178034373,
            1.8700535848153865,
            2.0146210888622167,
            2.2039327695077824,
            2.5033023403793098,
            2.500185136485535,
            2.4680645204763025,
            2.7897465642865376,
            4.022478218705863
        ]
    }
}