{
    "metadata": {
        "qaoaLayers": 3,
        "backend_name": "aer_simulator_from(fake_torino)"
    },
    "result": {
        "instance_id": 99,
        "sampled_distribution": [
            [
                "1000",
                8077
            ],
            [
                "1100",
                566
            ],
            [
                "0000",
                430
            ],
            [
                "1010",
                389
            ],
            [
                "1110",
                176
            ],
            [
                "1001",
                113
            ],
            [
                "0100",
                84
            ],
            [
                "0010",
                69
            ],
            [
                "0001",
                66
            ],
            [
                "0110",
                14
            ],
            [
                "1011",
                4
            ],
            [
                "0011",
                4
            ],
            [
                "0101",
                3
            ],
            [
                "1101",
                2
            ],
            [
                "0111",
                2
            ],
            [
                "1111",
                1
            ]
        ],
        "num_training_loops": 63,
        "final_training_cost": -1.595703125,
        "optimal_params": [
            3.132455792914171,
            2.4034685861898417,
            0.8401085459058236,
            1.3330540162653646,
            2.2372070400645447,
            1.5388168845140953
        ]
    }
}