{
    "metadata": {
        "qaoaLayers": 4,
        "backend_name": "aer_simulator"
    },
    "result": {
        "instance_id": 62,
        "sampled_distribution": [
            [
                "0100",
                2549
            ],
            [
                "1011",
                2450
            ],
            [
                "1100",
                2424
            ],
            [
                "0011",
                2409
            ],
            [
                "1101",
                36
            ],
            [
                "0111",
                33
            ],
            [
                "1010",
                30
            ],
            [
                "0000",
                25
            ],
            [
                "1001",
                10
            ],
            [
                "1000",
                8
            ],
            [
                "0110",
                8
            ],
            [
                "0001",
                7
            ],
            [
                "1110",
                5
            ],
            [
                "0010",
                3
            ],
            [
                "0101",
                3
            ]
        ],
        "num_training_loops": 50,
        "final_training_cost": -0.97119140625,
        "optimal_params": [
            3.9016269456519295,
            2.330071694160927,
            1.5439947367987727,
            0.7621682356335364,
            -0.0002106954117463522,
            0.7577181676205262,
            1.4498796740464928,
            2.411710570596225
        ]
    }
}