{
    "metadata": {
        "qaoaLayers": 20,
        "backend_name": "ionq_simulator"
    },
    "result": {
        "instance_id": 99,
        "sampled_distribution": [
            [
                "0111",
                2690
            ],
            [
                "1000",
                2212
            ],
            [
                "1010",
                1538
            ],
            [
                "1100",
                1482
            ],
            [
                "0011",
                868
            ],
            [
                "0101",
                862
            ],
            [
                "0110",
                75
            ],
            [
                "0100",
                68
            ],
            [
                "1110",
                64
            ],
            [
                "0001",
                59
            ],
            [
                "0010",
                48
            ],
            [
                "1101",
                19
            ],
            [
                "1011",
                15
            ]
        ],
        "num_training_loops": 436,
        "final_training_cost": -1.90966796875,
        "optimal_params": [
            4.064523823515851,
            3.94789601071589,
            2.849095813991944,
            2.688668977325388,
            3.373985482043572,
            3.2755236636634604,
            1.9196498862394467,
            2.086261307452949,
            1.8480867252627928,
            1.768092336412833,
            1.395701193119585,
            1.5078580201794314,
            0.9068103322992541,
            1.0600530240367467,
            1.0035367506293185,
            1.134619696973048,
            1.563195581990594,
            0.5020469291773896,
            0.5462042319835624,
            -0.16315720213256024,
            1.0308706781813697,
            0.03743504915054814,
            0.33981986784935375,
            0.13364732520002934,
            0.6357239912110674,
            0.6745089426466115,
            0.8767696285562461,
            1.4496282420324824,
            1.5519022433794514,
            1.488798013337016,
            1.497019301226748,
            1.6062720806156092,
            1.6688960582588732,
            1.9240520589479302,
            2.485509048972667,
            2.288783418297336,
            2.3986515596532927,
            2.543027099109514,
            2.766469493906821,
            3.0487435559369085
        ]
    }
}