{
    "metadata": {
        "qaoaLayers": 1,
        "backend_name": "aer_simulator"
    },
    "result": {
        "instance_id": 93,
        "sampled_distribution": [
            [
                "0001",
                842
            ],
            [
                "0011",
                752
            ],
            [
                "0000",
                735
            ],
            [
                "0101",
                731
            ],
            [
                "1001",
                700
            ],
            [
                "0100",
                659
            ],
            [
                "1101",
                649
            ],
            [
                "1011",
                614
            ],
            [
                "0010",
                613
            ],
            [
                "0111",
                601
            ],
            [
                "1000",
                557
            ],
            [
                "1010",
                541
            ],
            [
                "1111",
                531
            ],
            [
                "0110",
                509
            ],
            [
                "1100",
                503
            ],
            [
                "1110",
                463
            ]
        ],
        "num_training_loops": 23,
        "final_training_cost": 0.01416015625,
        "optimal_params": [
            3.885156831807589,
            -0.18964528595722333
        ]
    }
}