{
    "metadata": {
        "qaoaLayers": 3,
        "backend_name": "ionq_simulator"
    },
    "result": {
        "instance_id": 8,
        "sampled_distribution": [
            [
                "0001",
                815
            ],
            [
                "0110",
                729
            ],
            [
                "1100",
                708
            ],
            [
                "1000",
                666
            ],
            [
                "0101",
                665
            ],
            [
                "0000",
                657
            ],
            [
                "1011",
                654
            ],
            [
                "1101",
                636
            ],
            [
                "0111",
                606
            ],
            [
                "0010",
                605
            ],
            [
                "1111",
                600
            ],
            [
                "1001",
                566
            ],
            [
                "0100",
                552
            ],
            [
                "0011",
                551
            ],
            [
                "1010",
                543
            ],
            [
                "1110",
                447
            ]
        ],
        "num_training_loops": 57,
        "final_training_cost": -0.03515625,
        "optimal_params": [
            3.9100264503565256,
            3.1849075238045748,
            -0.010310831593388178,
            0.9692015513761437,
            0.8543786069882487,
            3.1453341855853068
        ]
    }
}