{
    "metadata": {
        "qaoaLayers": 1,
        "backend_name": "aer_simulator_from(fake_torino)"
    },
    "result": {
        "instance_id": 10,
        "sampled_distribution": [
            [
                "0001",
                796
            ],
            [
                "0000",
                769
            ],
            [
                "0011",
                707
            ],
            [
                "1001",
                679
            ],
            [
                "0101",
                660
            ],
            [
                "0100",
                652
            ],
            [
                "0010",
                650
            ],
            [
                "1101",
                643
            ],
            [
                "1011",
                609
            ],
            [
                "1000",
                608
            ],
            [
                "0111",
                593
            ],
            [
                "1100",
                553
            ],
            [
                "0110",
                541
            ],
            [
                "1111",
                531
            ],
            [
                "1110",
                525
            ],
            [
                "1010",
                484
            ]
        ],
        "num_training_loops": 22,
        "final_training_cost": -0.02001953125,
        "optimal_params": [
            3.8958837982415147,
            0.7705521092625338
        ]
    }
}