{
    "metadata": {
        "qaoaLayers": 2,
        "backend_name": "ionq_simulator"
    },
    "result": {
        "instance_id": 57,
        "sampled_distribution": [
            [
                "1110",
                1011
            ],
            [
                "1111",
                818
            ],
            [
                "0110",
                762
            ],
            [
                "1010",
                762
            ],
            [
                "1100",
                727
            ],
            [
                "1000",
                685
            ],
            [
                "0100",
                626
            ],
            [
                "1011",
                600
            ],
            [
                "0010",
                594
            ],
            [
                "1101",
                590
            ],
            [
                "0111",
                582
            ],
            [
                "0011",
                542
            ],
            [
                "0101",
                467
            ],
            [
                "1001",
                451
            ],
            [
                "0000",
                405
            ],
            [
                "0001",
                378
            ]
        ],
        "num_training_loops": 36,
        "final_training_cost": -0.001953125,
        "optimal_params": [
            3.867521173856963,
            1.5930404290918894,
            1.1226098376228326,
            2.430210946405499
        ]
    }
}