{
    "metadata": {
        "qaoaLayers": 3,
        "backend_name": "EMU:15Q:LOGICAL_EARLY"
    },
    "result": {
        "instance_id": 91,
        "sampled_distribution": [
            [
                "1111",
                662
            ],
            [
                "1000",
                658
            ],
            [
                "0000",
                654
            ],
            [
                "1010",
                652
            ],
            [
                "0011",
                646
            ],
            [
                "1101",
                643
            ],
            [
                "0101",
                634
            ],
            [
                "0001",
                625
            ],
            [
                "1001",
                624
            ],
            [
                "0110",
                608
            ],
            [
                "0010",
                608
            ],
            [
                "1011",
                607
            ],
            [
                "1100",
                605
            ],
            [
                "0111",
                604
            ],
            [
                "0100",
                591
            ],
            [
                "1110",
                579
            ]
        ],
        "num_training_loops": 47,
        "final_training_cost": -0.02294921875,
        "optimal_params": [
            3.139382289892953,
            2.0915931508481074,
            1.04130770463312,
            0.9918865798211455,
            2.0460590590487633,
            2.097791914955225
        ]
    }
}