{
    "metadata": {
        "qaoaLayers": 1,
        "backend_name": "ionq_simulator"
    },
    "result": {
        "instance_id": 86,
        "sampled_distribution": [
            [
                "1110",
                2323
            ],
            [
                "1010",
                1076
            ],
            [
                "1100",
                1061
            ],
            [
                "1111",
                1000
            ],
            [
                "0110",
                996
            ],
            [
                "1101",
                478
            ],
            [
                "1011",
                472
            ],
            [
                "1000",
                453
            ],
            [
                "0111",
                439
            ],
            [
                "0010",
                434
            ],
            [
                "0100",
                415
            ],
            [
                "0000",
                202
            ],
            [
                "0101",
                192
            ],
            [
                "0011",
                188
            ],
            [
                "1001",
                185
            ],
            [
                "0001",
                86
            ]
        ],
        "num_training_loops": 20,
        "final_training_cost": -0.03759765625,
        "optimal_params": [
            4.14256361565619,
            0.001148061648585127
        ]
    }
}