{
    "metadata": {
        "qaoaLayers": 2,
        "backend_name": "aer_simulator"
    },
    "result": {
        "instance_id": 17,
        "sampled_distribution": [
            [
                "0001",
                2465
            ],
            [
                "1001",
                1065
            ],
            [
                "0000",
                1038
            ],
            [
                "0101",
                1029
            ],
            [
                "0011",
                1020
            ],
            [
                "1101",
                456
            ],
            [
                "0100",
                442
            ],
            [
                "0010",
                436
            ],
            [
                "1000",
                436
            ],
            [
                "1011",
                425
            ],
            [
                "0111",
                414
            ],
            [
                "1100",
                190
            ],
            [
                "1111",
                175
            ],
            [
                "1010",
                171
            ],
            [
                "0110",
                162
            ],
            [
                "1110",
                76
            ]
        ],
        "num_training_loops": 34,
        "final_training_cost": 0.03125,
        "optimal_params": [
            4.141106851372126,
            1.5678880585946586,
            1.123456741513717,
            1.5674045727131107
        ]
    }
}