{
    "metadata": {
        "qaoaLayers": 4,
        "backend_name": "ionq_simulator"
    },
    "result": {
        "instance_id": 1,
        "sampled_distribution": [
            [
                "0111",
                7405
            ],
            [
                "0110",
                1216
            ],
            [
                "0101",
                619
            ],
            [
                "0011",
                455
            ],
            [
                "0010",
                94
            ],
            [
                "1110",
                74
            ],
            [
                "1011",
                57
            ],
            [
                "0001",
                45
            ],
            [
                "1111",
                19
            ],
            [
                "0100",
                16
            ]
        ],
        "num_training_loops": 64,
        "final_training_cost": -0.99072265625,
        "optimal_params": [
            3.034079356665816,
            2.462879037412842,
            2.5073538902750854,
            1.7981276699554714,
            -0.31239979413188323,
            1.7504671390804964,
            1.5214598210784873,
            2.3463973614116966
        ]
    }
}