{
    "metadata": {
        "qaoaLayers": 1,
        "backend_name": "ionq_simulator"
    },
    "result": {
        "instance_id": 28,
        "sampled_distribution": [
            [
                "1111",
                7754
            ],
            [
                "0111",
                537
            ],
            [
                "1101",
                522
            ],
            [
                "1011",
                514
            ],
            [
                "1110",
                501
            ],
            [
                "1010",
                39
            ],
            [
                "0101",
                34
            ],
            [
                "0110",
                29
            ],
            [
                "0011",
                26
            ],
            [
                "1001",
                25
            ],
            [
                "1100",
                19
            ]
        ],
        "num_training_loops": 21,
        "final_training_cost": -8.136962890625,
        "optimal_params": [
            3.391306465428692,
            -0.0009581734375600535
        ]
    }
}