{
    "metadata": {
        "qaoaLayers": 4,
        "backend_name": "aer_simulator_from(fake_torino)"
    },
    "result": {
        "instance_id": 67,
        "sampled_distribution": [
            [
                "0101",
                4187
            ],
            [
                "1101",
                1325
            ],
            [
                "0111",
                1319
            ],
            [
                "1100",
                570
            ],
            [
                "0011",
                538
            ],
            [
                "1111",
                331
            ],
            [
                "0100",
                247
            ],
            [
                "1011",
                233
            ],
            [
                "1110",
                221
            ],
            [
                "1010",
                196
            ],
            [
                "0001",
                193
            ],
            [
                "0110",
                167
            ],
            [
                "0010",
                147
            ],
            [
                "1001",
                132
            ],
            [
                "1000",
                125
            ],
            [
                "0000",
                69
            ]
        ],
        "num_training_loops": 63,
        "final_training_cost": -5.3203125,
        "optimal_params": [
            4.176695608894447,
            2.395592422344786,
            1.5505090447251457,
            0.7726532416385805,
            0.961699566985548,
            0.777439664771317,
            1.5537891347465578,
            2.3353647751720756
        ]
    }
}