{
    "metadata": {
        "qaoaLayers": 1,
        "backend_name": "EMU:15Q:LOGICAL_EARLY"
    },
    "result": {
        "instance_id": 25,
        "sampled_distribution": [
            [
                "1111",
                861
            ],
            [
                "0111",
                845
            ],
            [
                "0011",
                821
            ],
            [
                "1011",
                814
            ],
            [
                "1001",
                770
            ],
            [
                "1101",
                762
            ],
            [
                "0101",
                740
            ],
            [
                "0001",
                730
            ],
            [
                "1110",
                515
            ],
            [
                "0010",
                489
            ],
            [
                "1010",
                485
            ],
            [
                "0110",
                466
            ],
            [
                "0000",
                445
            ],
            [
                "1100",
                426
            ],
            [
                "1000",
                421
            ],
            [
                "0100",
                410
            ]
        ],
        "num_training_loops": 19,
        "final_training_cost": -2.179931640625,
        "optimal_params": [
            3.1423226990362463,
            -0.0006833985997300764
        ]
    }
}