{
    "metadata": {
        "qaoaLayers": 20,
        "backend_name": "ionq_simulator"
    },
    "result": {
        "instance_id": 37,
        "sampled_distribution": [
            [
                "1110",
                1823
            ],
            [
                "0111",
                1766
            ],
            [
                "0101",
                1296
            ],
            [
                "1100",
                1288
            ],
            [
                "1101",
                1227
            ],
            [
                "1111",
                1172
            ],
            [
                "1001",
                692
            ],
            [
                "1011",
                246
            ],
            [
                "0010",
                135
            ],
            [
                "0100",
                135
            ],
            [
                "0110",
                69
            ],
            [
                "0000",
                51
            ],
            [
                "1010",
                32
            ],
            [
                "0011",
                28
            ],
            [
                "0001",
                21
            ],
            [
                "1000",
                19
            ]
        ],
        "num_training_loops": 362,
        "final_training_cost": -7.595947265625,
        "optimal_params": [
            4.603974273545207,
            3.8415280796808506,
            4.11307779505401,
            2.774964726378087,
            2.5236556078800425,
            2.288975478740552,
            3.3485546241110278,
            1.9849710510413279,
            1.871597568640925,
            1.7277394421213719,
            1.5734789379308975,
            1.6884830973923337,
            1.217502578554276,
            1.0919533624114686,
            0.9369628747731669,
            0.7688133367660744,
            0.7245552971164375,
            0.4815552241128869,
            0.3386882772529759,
            0.07613884792780531,
            0.7612243825074058,
            0.32062693094917105,
            0.5777730678827773,
            0.7380160677157583,
            0.8843333898460332,
            0.9973523350707019,
            1.2211991999992633,
            1.3565857304449187,
            1.4217008771881445,
            1.6419891013726762,
            1.8428821061882639,
            1.9452937833693875,
            2.0913687301744432,
            2.279693661899068,
            2.4411352190475117,
            3.6660677639726162,
            2.4722412225057773,
            2.6487273172886288,
            3.839361426167496,
            2.993173138622361
        ]
    }
}