{
    "metadata": {
        "qaoaLayers": 1,
        "backend_name": "aer_simulator_from(fake_torino)"
    },
    "result": {
        "instance_id": 87,
        "sampled_distribution": [
            [
                "1111",
                8705
            ],
            [
                "1011",
                409
            ],
            [
                "1101",
                295
            ],
            [
                "0111",
                231
            ],
            [
                "1110",
                143
            ],
            [
                "0101",
                67
            ],
            [
                "1001",
                56
            ],
            [
                "1010",
                30
            ],
            [
                "0011",
                29
            ],
            [
                "1100",
                22
            ],
            [
                "1000",
                4
            ],
            [
                "0010",
                3
            ],
            [
                "0110",
                3
            ],
            [
                "0100",
                2
            ],
            [
                "0001",
                1
            ]
        ],
        "num_training_loops": 25,
        "final_training_cost": -10.4697265625,
        "optimal_params": [
            3.2226894525124097,
            0.9565619139693806
        ]
    }
}