{
    "metadata": {
        "qaoaLayers": 20,
        "backend_name": "ionq_simulator"
    },
    "result": {
        "instance_id": 43,
        "sampled_distribution": [
            [
                "1011",
                2789
            ],
            [
                "1110",
                2669
            ],
            [
                "1010",
                2409
            ],
            [
                "1111",
                1221
            ],
            [
                "0111",
                281
            ],
            [
                "1101",
                260
            ],
            [
                "0010",
                93
            ],
            [
                "1000",
                81
            ],
            [
                "0101",
                50
            ],
            [
                "1001",
                29
            ],
            [
                "1100",
                29
            ],
            [
                "0110",
                28
            ],
            [
                "0011",
                24
            ],
            [
                "0100",
                24
            ],
            [
                "0001",
                13
            ]
        ],
        "num_training_loops": 295,
        "final_training_cost": -10.98828125,
        "optimal_params": [
            4.17646225707555,
            2.939850729916199,
            2.8501931659650697,
            2.677093799604598,
            3.553639656570388,
            2.410798897760717,
            2.23242851860665,
            3.0457355991935717,
            1.9103914330400487,
            1.7167034616030967,
            2.554010332549131,
            1.4245438204292336,
            1.2617814223086505,
            1.1043646457120182,
            0.926022902100354,
            0.8326360058806188,
            0.6350523280859516,
            0.4992461022833634,
            0.3295386217413795,
            0.18965265853580016,
            0.9576279900571033,
            0.16879212456325093,
            0.3046788049793814,
            0.4738741732361757,
            0.6240469553093831,
            0.7826943629854584,
            0.9349088329532577,
            1.1002192947279537,
            1.255674720356246,
            1.3826970228358135,
            1.5529570148474514,
            1.7315488323942332,
            1.88829815205841,
            2.021981494189045,
            2.201740100469726,
            2.3479096500949317,
            2.496491090936983,
            2.6734263775864195,
            2.82518812888287,
            3.0234176612397423
        ]
    }
}