{
    "metadata": {
        "qaoaLayers": 20,
        "backend_name": "aer_simulator"
    },
    "result": {
        "instance_id": 15,
        "sampled_distribution": [
            [
                "1101",
                2570
            ],
            [
                "0011",
                1933
            ],
            [
                "0110",
                1875
            ],
            [
                "1111",
                1590
            ],
            [
                "0111",
                554
            ],
            [
                "0010",
                509
            ],
            [
                "1110",
                210
            ],
            [
                "1011",
                203
            ],
            [
                "0101",
                127
            ],
            [
                "0100",
                83
            ],
            [
                "1000",
                79
            ],
            [
                "1010",
                78
            ],
            [
                "0001",
                74
            ],
            [
                "1100",
                51
            ],
            [
                "1001",
                50
            ],
            [
                "0000",
                14
            ]
        ],
        "num_training_loops": 342,
        "final_training_cost": -8.002197265625,
        "optimal_params": [
            4.608059327943141,
            3.9671435940344772,
            3.8786284614073416,
            2.617808299402204,
            2.5554746100529693,
            2.2921930279331275,
            3.1521072907524768,
            2.01784219757071,
            1.9358943571317557,
            1.6764597966454247,
            1.573395665094597,
            1.6788763501140374,
            1.2883352714446688,
            1.203237643483222,
            0.9728075455869287,
            0.6955570735355312,
            0.5694368693450435,
            0.3815645472259505,
            0.37352796606285343,
            0.13445656741962345,
            -0.13882048648038392,
            0.6062517437596631,
            0.3030935597146801,
            0.45188488364758445,
            0.6003787937586236,
            0.7439817671939148,
            0.9231483683600852,
            1.0721793172415883,
            1.2131365450741727,
            1.377865770428676,
            1.53148511973787,
            1.715179433118603,
            1.856041567104515,
            2.015269549859405,
            2.164996346809024,
            3.332666146717929,
            2.5048869793383717,
            2.6725636628927045,
            3.814061269456228,
            4.009937543085391
        ]
    }
}