{
    "metadata": {
        "qaoaLayers": 3,
        "backend_name": "ionq_simulator"
    },
    "result": {
        "instance_id": 28,
        "sampled_distribution": [
            [
                "1111",
                3667
            ],
            [
                "0111",
                1181
            ],
            [
                "1011",
                1180
            ],
            [
                "1110",
                1178
            ],
            [
                "1101",
                1113
            ],
            [
                "0011",
                308
            ],
            [
                "1100",
                305
            ],
            [
                "0110",
                237
            ],
            [
                "1001",
                237
            ],
            [
                "1010",
                228
            ],
            [
                "0101",
                197
            ],
            [
                "1000",
                44
            ],
            [
                "0010",
                41
            ],
            [
                "0001",
                35
            ],
            [
                "0100",
                34
            ],
            [
                "0000",
                15
            ]
        ],
        "num_training_loops": 61,
        "final_training_cost": -7.640380859375,
        "optimal_params": [
            3.264228001624404,
            1.6937072792402883,
            1.3672479711726302,
            -0.1504456584649852,
            0.8715075929251275,
            2.1205947392708415
        ]
    }
}