{
    "metadata": {
        "qaoaLayers": 20,
        "backend_name": "ionq_simulator"
    },
    "result": {
        "instance_id": 14,
        "sampled_distribution": [
            [
                "1011",
                1752
            ],
            [
                "1101",
                1733
            ],
            [
                "1100",
                1606
            ],
            [
                "1010",
                1563
            ],
            [
                "1111",
                895
            ],
            [
                "1110",
                820
            ],
            [
                "1000",
                562
            ],
            [
                "0111",
                401
            ],
            [
                "0110",
                315
            ],
            [
                "0101",
                90
            ],
            [
                "0011",
                89
            ],
            [
                "1001",
                83
            ],
            [
                "0100",
                42
            ],
            [
                "0010",
                29
            ],
            [
                "0001",
                20
            ]
        ],
        "num_training_loops": 337,
        "final_training_cost": -8.099365234375,
        "optimal_params": [
            4.516080642342792,
            3.997783017065401,
            3.8019146583979087,
            2.715239519616143,
            2.5052958862705212,
            2.621462584740203,
            3.6580308238155013,
            2.015512838189127,
            1.9356731065806334,
            1.612969067173765,
            1.5246486236451733,
            1.7035042142856232,
            1.303815905767979,
            1.058203648946863,
            0.9538536404691212,
            0.785171805399669,
            0.6204790142330677,
            0.4720514199392541,
            0.3134808294370561,
            0.15605283622523466,
            0.8767910407482206,
            0.15778334477911726,
            0.3107343116125424,
            0.452263854216205,
            0.6289160704933859,
            0.7848160995027796,
            0.9416231535992715,
            1.1063027788590272,
            1.2630671307640582,
            1.4183422663691034,
            1.5733950587892511,
            1.725964523025512,
            1.8831752731152522,
            2.0447639311509724,
            2.2058863940154456,
            3.344907544981168,
            2.5061845788284685,
            2.6780865616226404,
            3.8220422561142824,
            3.9844748682419366
        ]
    }
}