{
    "metadata": {
        "qaoaLayers": 20,
        "backend_name": "aer_simulator"
    },
    "result": {
        "instance_id": 57,
        "sampled_distribution": [
            [
                "1000",
                6804
            ],
            [
                "1001",
                1006
            ],
            [
                "0110",
                714
            ],
            [
                "1010",
                590
            ],
            [
                "1100",
                518
            ],
            [
                "0111",
                123
            ],
            [
                "1101",
                81
            ],
            [
                "1011",
                78
            ],
            [
                "1110",
                71
            ],
            [
                "1111",
                12
            ],
            [
                "0010",
                2
            ],
            [
                "0100",
                1
            ]
        ],
        "num_training_loops": 379,
        "final_training_cost": -5.634765625,
        "optimal_params": [
            4.128350959954198,
            3.9802164935435154,
            3.965728978076725,
            2.6751358399511393,
            2.7855426538177808,
            2.3436535511443335,
            2.1719134854102284,
            2.0738406512838674,
            1.8701705325644356,
            1.7696995385370509,
            1.5315857842220886,
            1.3793168106109537,
            1.2678340316737178,
            1.071104927690291,
            0.9018452523667425,
            0.7932511037969027,
            0.5958223325964505,
            0.46491955155746056,
            0.3355489081453765,
            0.07589113536151758,
            -0.12777262162422148,
            0.14853293228591188,
            0.3070278118986078,
            0.50506854019426,
            0.6146558492940943,
            0.8571873009993615,
            0.9300773392887401,
            1.083471240804156,
            1.2854923565821623,
            1.4111409813915115,
            1.5775572576791776,
            1.7259139393025698,
            1.8020012545048554,
            2.047585955101385,
            2.1653126788170334,
            2.3557584664508764,
            2.5197339631441933,
            2.6785018049324947,
            2.8153478801595586,
            2.9680589404106072
        ]
    }
}