{
    "metadata": {
        "qaoaLayers": 1,
        "backend_name": "ionq_simulator"
    },
    "result": {
        "instance_id": 49,
        "sampled_distribution": [
            [
                "1111",
                4580
            ],
            [
                "1101",
                990
            ],
            [
                "0111",
                961
            ],
            [
                "1011",
                961
            ],
            [
                "1110",
                936
            ],
            [
                "1010",
                249
            ],
            [
                "0110",
                248
            ],
            [
                "0101",
                228
            ],
            [
                "1001",
                222
            ],
            [
                "1100",
                213
            ],
            [
                "0011",
                202
            ],
            [
                "0010",
                60
            ],
            [
                "0100",
                51
            ],
            [
                "0001",
                45
            ],
            [
                "1000",
                42
            ],
            [
                "0000",
                12
            ]
        ],
        "num_training_loops": 24,
        "final_training_cost": -0.827880859375,
        "optimal_params": [
            3.5721912275710803,
            1.2995281693114487
        ]
    }
}