{
    "metadata": {
        "qaoaLayers": 4,
        "backend_name": "EMU:15Q:LOGICAL_EARLY"
    },
    "result": {
        "instance_id": 82,
        "sampled_distribution": [
            [
                "0000",
                673
            ],
            [
                "0101",
                660
            ],
            [
                "0110",
                659
            ],
            [
                "0010",
                653
            ],
            [
                "0001",
                638
            ],
            [
                "0011",
                629
            ],
            [
                "1011",
                626
            ],
            [
                "1110",
                624
            ],
            [
                "1001",
                621
            ],
            [
                "1010",
                614
            ],
            [
                "1100",
                610
            ],
            [
                "0100",
                609
            ],
            [
                "0111",
                606
            ],
            [
                "1000",
                602
            ],
            [
                "1111",
                598
            ],
            [
                "1101",
                578
            ]
        ],
        "num_training_loops": 55,
        "final_training_cost": 0.362060546875,
        "optimal_params": [
            4.1421168204903696,
            2.3570827605948987,
            2.570582751523745,
            0.7846325214769327,
            0.00037536233222871737,
            0.7858382657179669,
            1.5713496851038258,
            2.354854814168006
        ]
    }
}