{
    "metadata": {
        "qaoaLayers": 1,
        "backend_name": "aer_simulator"
    },
    "result": {
        "instance_id": 93,
        "sampled_distribution": [
            [
                "1111",
                9438
            ],
            [
                "0111",
                145
            ],
            [
                "1011",
                139
            ],
            [
                "1110",
                134
            ],
            [
                "1101",
                133
            ],
            [
                "0101",
                6
            ],
            [
                "0011",
                2
            ],
            [
                "1001",
                1
            ],
            [
                "1100",
                1
            ],
            [
                "1010",
                1
            ]
        ],
        "num_training_loops": 21,
        "final_training_cost": -10.552001953125,
        "optimal_params": [
            3.2659444159065845,
            0.12984326984331807
        ]
    }
}