{
    "metadata": {
        "qaoaLayers": 3,
        "backend_name": "ionq_simulator"
    },
    "result": {
        "instance_id": 85,
        "sampled_distribution": [
            [
                "1111",
                7289
            ],
            [
                "1110",
                850
            ],
            [
                "1011",
                838
            ],
            [
                "1101",
                490
            ],
            [
                "0111",
                475
            ],
            [
                "0101",
                29
            ],
            [
                "1010",
                29
            ]
        ],
        "num_training_loops": 53,
        "final_training_cost": -10.73388671875,
        "optimal_params": [
            3.178733912605431,
            1.977205454617064,
            1.8522898334778248,
            0.045596649493781165,
            2.0244398025328048,
            3.1753669055733442
        ]
    }
}