{
    "metadata": {
        "qaoaLayers": 20,
        "backend_name": "aer_simulator"
    },
    "result": {
        "instance_id": 35,
        "sampled_distribution": [
            [
                "0110",
                2849
            ],
            [
                "1010",
                2722
            ],
            [
                "1101",
                1748
            ],
            [
                "1110",
                1305
            ],
            [
                "1111",
                628
            ],
            [
                "0010",
                300
            ],
            [
                "1011",
                143
            ],
            [
                "0111",
                119
            ],
            [
                "0011",
                74
            ],
            [
                "0000",
                26
            ],
            [
                "1100",
                24
            ],
            [
                "1001",
                21
            ],
            [
                "0101",
                20
            ],
            [
                "1000",
                9
            ],
            [
                "0001",
                6
            ],
            [
                "0100",
                6
            ]
        ],
        "num_training_loops": 306,
        "final_training_cost": -8.9521484375,
        "optimal_params": [
            4.491826814799844,
            4.010892157963943,
            3.829639748200497,
            2.7038596956583407,
            2.513482191696139,
            2.3409577886318114,
            3.1906194348160297,
            2.1120815343933277,
            1.9570385040943072,
            1.6268042120727535,
            1.58653951108131,
            1.6933689511241379,
            1.2250389992745248,
            1.0540535889069722,
            0.9326064345879689,
            0.7900450450275602,
            0.6715533320474465,
            0.3497363681636171,
            0.407191025033155,
            0.13128088433153862,
            0.9603499242755262,
            0.15745244814279774,
            0.32549961364357066,
            0.4637344314201752,
            0.6262343831935236,
            0.8005266069102882,
            0.9457414880504275,
            1.1124166568970393,
            1.251848746185191,
            1.397560966721104,
            1.5513234376241265,
            1.716191590449036,
            1.8986347276629236,
            2.0165365873147407,
            2.201268750606402,
            3.354785283406872,
            2.496807564452028,
            2.662965031374403,
            3.814011254171138,
            2.9822380337368353
        ]
    }
}