{
    "metadata": {
        "qaoaLayers": 3,
        "backend_name": "aer_simulator"
    },
    "result": {
        "instance_id": 78,
        "sampled_distribution": [
            [
                "1111",
                2085
            ],
            [
                "1110",
                1931
            ],
            [
                "1011",
                935
            ],
            [
                "0111",
                913
            ],
            [
                "1101",
                898
            ],
            [
                "0001",
                890
            ],
            [
                "0011",
                687
            ],
            [
                "0101",
                679
            ],
            [
                "1001",
                641
            ],
            [
                "0000",
                129
            ],
            [
                "0010",
                47
            ],
            [
                "1000",
                41
            ],
            [
                "1100",
                33
            ],
            [
                "0100",
                32
            ],
            [
                "0110",
                30
            ],
            [
                "1010",
                29
            ]
        ],
        "num_training_loops": 53,
        "final_training_cost": -6.065673828125,
        "optimal_params": [
            4.394363344115579,
            2.6012613931415833,
            1.0677880831999094,
            1.1233175890731648,
            1.0313172468408998,
            2.094008461467718
        ]
    }
}