{
    "metadata": {
        "qaoaLayers": 4,
        "backend_name": "aer_simulator"
    },
    "result": {
        "instance_id": 3,
        "sampled_distribution": [
            [
                "1100",
                6605
            ],
            [
                "1101",
                1455
            ],
            [
                "1010",
                661
            ],
            [
                "0110",
                613
            ],
            [
                "1110",
                148
            ],
            [
                "0111",
                145
            ],
            [
                "0000",
                122
            ],
            [
                "1011",
                118
            ],
            [
                "0010",
                49
            ],
            [
                "1111",
                33
            ],
            [
                "0001",
                27
            ],
            [
                "1000",
                10
            ],
            [
                "0011",
                10
            ],
            [
                "0100",
                3
            ],
            [
                "0101",
                1
            ]
        ],
        "num_training_loops": 60,
        "final_training_cost": -4.53564453125,
        "optimal_params": [
            3.2233278799594287,
            2.331805637601262,
            1.6909104583853087,
            0.763861818608324,
            0.9500127535106023,
            0.6737842319281931,
            1.5436478565182419,
            2.336612188811508
        ]
    }
}