{
    "metadata": {
        "qaoaLayers": 1,
        "backend_name": "EMU:15Q:LOGICAL_EARLY"
    },
    "result": {
        "instance_id": 70,
        "sampled_distribution": [
            [
                "1111",
                1014
            ],
            [
                "1011",
                916
            ],
            [
                "0111",
                904
            ],
            [
                "0011",
                890
            ],
            [
                "1101",
                868
            ],
            [
                "0101",
                823
            ],
            [
                "0001",
                808
            ],
            [
                "1001",
                800
            ],
            [
                "0100",
                412
            ],
            [
                "0110",
                399
            ],
            [
                "1010",
                390
            ],
            [
                "0010",
                374
            ],
            [
                "1110",
                366
            ],
            [
                "1100",
                357
            ],
            [
                "1000",
                349
            ],
            [
                "0000",
                330
            ]
        ],
        "num_training_loops": 19,
        "final_training_cost": -2.94189453125,
        "optimal_params": [
            3.1412932750454057,
            0.0009541344177632546
        ]
    }
}