{
    "metadata": {
        "qaoaLayers": 1,
        "backend_name": "aer_simulator"
    },
    "result": {
        "instance_id": 89,
        "sampled_distribution": [
            [
                "1111",
                7725
            ],
            [
                "1011",
                547
            ],
            [
                "1101",
                528
            ],
            [
                "1110",
                495
            ],
            [
                "0111",
                491
            ],
            [
                "1100",
                43
            ],
            [
                "1010",
                35
            ],
            [
                "0101",
                35
            ],
            [
                "1001",
                33
            ],
            [
                "0011",
                32
            ],
            [
                "0110",
                28
            ],
            [
                "0001",
                3
            ],
            [
                "1000",
                3
            ],
            [
                "0100",
                1
            ],
            [
                "0010",
                1
            ]
        ],
        "num_training_loops": 22,
        "final_training_cost": -5.63623046875,
        "optimal_params": [
            3.3935660387625592,
            0.036076188145491864
        ]
    }
}