{
    "metadata": {
        "qaoaLayers": 20,
        "backend_name": "ionq_simulator"
    },
    "result": {
        "instance_id": 52,
        "sampled_distribution": [
            [
                "1111",
                4004
            ],
            [
                "0101",
                1154
            ],
            [
                "1110",
                1050
            ],
            [
                "1011",
                1004
            ],
            [
                "0111",
                460
            ],
            [
                "1101",
                428
            ],
            [
                "0100",
                289
            ],
            [
                "0001",
                265
            ],
            [
                "1100",
                226
            ],
            [
                "1001",
                220
            ],
            [
                "0110",
                214
            ],
            [
                "1010",
                212
            ],
            [
                "0011",
                201
            ],
            [
                "0010",
                127
            ],
            [
                "1000",
                108
            ],
            [
                "0000",
                38
            ]
        ],
        "num_training_loops": 190,
        "final_training_cost": -8.712646484375,
        "optimal_params": [
            3.5042780982354147,
            2.9444577348691046,
            3.533557670391648,
            2.6418556072125443,
            3.544686076422823,
            2.411878190163997,
            3.200786744497497,
            3.048515591636504,
            2.89110848011985,
            1.7242993474992834,
            1.5650651047421813,
            1.3736604345649928,
            1.208059478146584,
            1.0956225754453317,
            0.9326513224982,
            0.7179460498151597,
            0.6168532626783967,
            0.45045791033921184,
            0.21422355262534415,
            0.08680065466746686,
            -0.000744064529360932,
            0.13797065759677565,
            0.2925428141872975,
            0.43763782512275096,
            0.6101090854383375,
            0.7836420976775199,
            0.8441449683884044,
            1.0021929625764494,
            1.1575721952658964,
            1.37762133057271,
            1.5034885950615287,
            1.670224579126247,
            1.8445802456690468,
            1.894343546557784,
            2.170940586903507,
            2.311084566517253,
            2.4845654181759103,
            2.637544574892764,
            2.8157683419659545,
            3.9881797827561023
        ]
    }
}