{
    "metadata": {
        "qaoaLayers": 3,
        "backend_name": "aer_simulator_from(fake_torino)"
    },
    "result": {
        "instance_id": 49,
        "sampled_distribution": [
            [
                "0001",
                3762
            ],
            [
                "1000",
                3642
            ],
            [
                "1001",
                1521
            ],
            [
                "0000",
                251
            ],
            [
                "0101",
                174
            ],
            [
                "1010",
                167
            ],
            [
                "1100",
                163
            ],
            [
                "0011",
                141
            ],
            [
                "1101",
                75
            ],
            [
                "1011",
                63
            ],
            [
                "0100",
                14
            ],
            [
                "0010",
                9
            ],
            [
                "0111",
                8
            ],
            [
                "1110",
                5
            ],
            [
                "1111",
                4
            ],
            [
                "0110",
                1
            ]
        ],
        "num_training_loops": 78,
        "final_training_cost": -2.966064453125,
        "optimal_params": [
            2.591452921553648,
            1.8499101541720349,
            0.6544714951160563,
            0.9339944806310423,
            1.135598299436073,
            1.5386035305681298
        ]
    }
}