{
    "metadata": {
        "qaoaLayers": 4,
        "backend_name": "EMU:15Q:LOGICAL_EARLY"
    },
    "result": {
        "instance_id": 1,
        "sampled_distribution": [
            [
                "0011",
                663
            ],
            [
                "0001",
                661
            ],
            [
                "1001",
                654
            ],
            [
                "0111",
                653
            ],
            [
                "0101",
                641
            ],
            [
                "1101",
                635
            ],
            [
                "1011",
                634
            ],
            [
                "1111",
                633
            ],
            [
                "1010",
                630
            ],
            [
                "1100",
                623
            ],
            [
                "0010",
                612
            ],
            [
                "1000",
                611
            ],
            [
                "1110",
                606
            ],
            [
                "0110",
                586
            ],
            [
                "0000",
                580
            ],
            [
                "0100",
                578
            ]
        ],
        "num_training_loops": 57,
        "final_training_cost": 0.194580078125,
        "optimal_params": [
            3.144576135821508,
            3.355842621813342,
            1.5712236678171694,
            1.7813412494106662,
            0.9983308966617673,
            0.7862344419313237,
            1.5743260966436545,
            2.360375375723775
        ]
    }
}