{
    "metadata": {
        "qaoaLayers": 2,
        "backend_name": "ionq_simulator"
    },
    "result": {
        "instance_id": 33,
        "sampled_distribution": [
            [
                "1111",
                4543
            ],
            [
                "0111",
                1328
            ],
            [
                "1110",
                1306
            ],
            [
                "1011",
                761
            ],
            [
                "1101",
                753
            ],
            [
                "0110",
                294
            ],
            [
                "0101",
                220
            ],
            [
                "1010",
                218
            ],
            [
                "1100",
                164
            ],
            [
                "0011",
                163
            ],
            [
                "1001",
                121
            ],
            [
                "0010",
                44
            ],
            [
                "0100",
                36
            ],
            [
                "1000",
                24
            ],
            [
                "0001",
                22
            ],
            [
                "0000",
                3
            ]
        ],
        "num_training_loops": 46,
        "final_training_cost": -5.38623046875,
        "optimal_params": [
            5.181361859189789,
            1.881043259471212,
            0.04088235488026016,
            2.5496773604892966
        ]
    }
}