{
    "metadata": {
        "qaoaLayers": 3,
        "backend_name": "ionq_simulator"
    },
    "result": {
        "instance_id": 10,
        "sampled_distribution": [
            [
                "1011",
                3281
            ],
            [
                "1111",
                3213
            ],
            [
                "1101",
                743
            ],
            [
                "1110",
                742
            ],
            [
                "0111",
                728
            ],
            [
                "1010",
                244
            ],
            [
                "0011",
                219
            ],
            [
                "1001",
                216
            ],
            [
                "1100",
                131
            ],
            [
                "0101",
                123
            ],
            [
                "0110",
                117
            ],
            [
                "0001",
                72
            ],
            [
                "0010",
                69
            ],
            [
                "1000",
                55
            ],
            [
                "0100",
                25
            ],
            [
                "0000",
                22
            ]
        ],
        "num_training_loops": 47,
        "final_training_cost": -5.18798828125,
        "optimal_params": [
            4.047743309935983,
            3.1331557764699234,
            1.0629292797357164,
            0.9935945664948781,
            1.1331645089130118,
            2.088852119355295
        ]
    }
}