{
    "metadata": {
        "qaoaLayers": 4,
        "backend_name": "ionq_simulator"
    },
    "result": {
        "instance_id": 99,
        "sampled_distribution": [
            [
                "1111",
                3130
            ],
            [
                "0111",
                904
            ],
            [
                "1011",
                890
            ],
            [
                "1110",
                877
            ],
            [
                "1101",
                855
            ],
            [
                "0110",
                563
            ],
            [
                "1001",
                548
            ],
            [
                "0011",
                332
            ],
            [
                "0101",
                313
            ],
            [
                "1010",
                293
            ],
            [
                "1100",
                280
            ],
            [
                "0010",
                214
            ],
            [
                "1000",
                209
            ],
            [
                "0001",
                203
            ],
            [
                "0100",
                200
            ],
            [
                "0000",
                189
            ]
        ],
        "num_training_loops": 66,
        "final_training_cost": -5.51318359375,
        "optimal_params": [
            4.117174446898482,
            2.358796183749462,
            1.6315656594719008,
            0.7813318296591125,
            1.212788928711604,
            1.818967013943558,
            1.5698112362792134,
            2.413067850730625
        ]
    }
}