{
    "metadata": {
        "qaoaLayers": 4,
        "backend_name": "aer_simulator"
    },
    "result": {
        "instance_id": 14,
        "sampled_distribution": [
            [
                "1111",
                6541
            ],
            [
                "1101",
                925
            ],
            [
                "1011",
                900
            ],
            [
                "0111",
                821
            ],
            [
                "1110",
                516
            ],
            [
                "0011",
                53
            ],
            [
                "1100",
                52
            ],
            [
                "0101",
                49
            ],
            [
                "1010",
                38
            ],
            [
                "1001",
                29
            ],
            [
                "0100",
                25
            ],
            [
                "0010",
                22
            ],
            [
                "0110",
                16
            ],
            [
                "0001",
                11
            ],
            [
                "0000",
                2
            ]
        ],
        "num_training_loops": 62,
        "final_training_cost": -8.14990234375,
        "optimal_params": [
            4.247969840370941,
            2.1111813994628776,
            1.447317658626996,
            1.2623037733448952,
            1.1264900257347055,
            0.6684361734825977,
            1.4523863763592777,
            2.5883908574807855
        ]
    }
}