{
    "metadata": {
        "qaoaLayers": 3,
        "backend_name": "ionq_simulator"
    },
    "result": {
        "instance_id": 33,
        "sampled_distribution": [
            [
                "1111",
                2351
            ],
            [
                "1110",
                1369
            ],
            [
                "0111",
                1352
            ],
            [
                "1101",
                1168
            ],
            [
                "1011",
                1145
            ],
            [
                "1001",
                599
            ],
            [
                "1010",
                588
            ],
            [
                "0101",
                546
            ],
            [
                "0110",
                230
            ],
            [
                "1100",
                172
            ],
            [
                "0011",
                146
            ],
            [
                "0100",
                110
            ],
            [
                "0010",
                79
            ],
            [
                "1000",
                74
            ],
            [
                "0001",
                60
            ],
            [
                "0000",
                11
            ]
        ],
        "num_training_loops": 62,
        "final_training_cost": -5.455322265625,
        "optimal_params": [
            2.7337059049294536,
            1.3164547013890997,
            1.5809052441025913,
            -0.019876329030518673,
            1.0688047380588992,
            0.8927725185088105
        ]
    }
}