{
    "metadata": {
        "qaoaLayers": 2,
        "backend_name": "ionq_simulator"
    },
    "result": {
        "instance_id": 75,
        "sampled_distribution": [
            [
                "1111",
                8005
            ],
            [
                "1011",
                870
            ],
            [
                "0111",
                791
            ],
            [
                "1101",
                176
            ],
            [
                "1110",
                48
            ],
            [
                "0011",
                41
            ],
            [
                "1100",
                38
            ],
            [
                "0101",
                19
            ],
            [
                "1001",
                12
            ]
        ],
        "num_training_loops": 36,
        "final_training_cost": -8.103759765625,
        "optimal_params": [
            4.865358883819058,
            1.3887454964682393,
            0.9921836246823458,
            2.847442160673318
        ]
    }
}