{
    "metadata": {
        "qaoaLayers": 3,
        "backend_name": "aer_simulator_from(fake_torino)"
    },
    "result": {
        "instance_id": 4,
        "sampled_distribution": [
            [
                "1111",
                5176
            ],
            [
                "1101",
                811
            ],
            [
                "1011",
                806
            ],
            [
                "1110",
                746
            ],
            [
                "0111",
                615
            ],
            [
                "0010",
                218
            ],
            [
                "0100",
                207
            ],
            [
                "0011",
                193
            ],
            [
                "0110",
                188
            ],
            [
                "1001",
                175
            ],
            [
                "1010",
                171
            ],
            [
                "0101",
                168
            ],
            [
                "1100",
                166
            ],
            [
                "0000",
                143
            ],
            [
                "0001",
                124
            ],
            [
                "1000",
                93
            ]
        ],
        "num_training_loops": 45,
        "final_training_cost": -7.866943359375,
        "optimal_params": [
            3.3451410968348063,
            2.0475798056827936,
            0.9192267902858265,
            0.01880425857568087,
            1.077465973894066,
            1.9451869118446705
        ]
    }
}