{
    "metadata": {
        "qaoaLayers": 3,
        "backend_name": "ionq_simulator"
    },
    "result": {
        "instance_id": 43,
        "sampled_distribution": [
            [
                "1111",
                6545
            ],
            [
                "0111",
                660
            ],
            [
                "1101",
                658
            ],
            [
                "1011",
                521
            ],
            [
                "1110",
                462
            ],
            [
                "0011",
                207
            ],
            [
                "1001",
                202
            ],
            [
                "0101",
                191
            ],
            [
                "0110",
                191
            ],
            [
                "1100",
                183
            ],
            [
                "1010",
                46
            ],
            [
                "0001",
                39
            ],
            [
                "0100",
                37
            ],
            [
                "0010",
                28
            ],
            [
                "1000",
                20
            ],
            [
                "0000",
                10
            ]
        ],
        "num_training_loops": 58,
        "final_training_cost": -9.67919921875,
        "optimal_params": [
            3.1779276487754515,
            1.5453804594565228,
            1.4823317879676092,
            1.0903275853313947,
            2.3241189732029457,
            2.3665203722049992
        ]
    }
}