{
    "metadata": {
        "qaoaLayers": 4,
        "backend_name": "ionq_simulator"
    },
    "result": {
        "instance_id": 99,
        "sampled_distribution": [
            [
                "1111",
                6360
            ],
            [
                "0111",
                853
            ],
            [
                "1101",
                838
            ],
            [
                "1011",
                802
            ],
            [
                "1110",
                769
            ],
            [
                "0110",
                132
            ],
            [
                "1001",
                112
            ],
            [
                "0000",
                60
            ],
            [
                "0011",
                25
            ],
            [
                "1010",
                18
            ],
            [
                "0101",
                17
            ],
            [
                "1100",
                14
            ]
        ],
        "num_training_loops": 81,
        "final_training_cost": -8.0107421875,
        "optimal_params": [
            4.16479582717029,
            2.2407591583961555,
            1.6110843501652736,
            0.7357249801215812,
            -0.023877350031810105,
            1.810457191314696,
            1.5481867835114298,
            2.3446580970644626
        ]
    }
}