{
    "metadata": {
        "qaoaLayers": 20,
        "backend_name": "aer_simulator"
    },
    "result": {
        "instance_id": 17,
        "sampled_distribution": [
            [
                "0111",
                2917
            ],
            [
                "1101",
                2898
            ],
            [
                "1111",
                1763
            ],
            [
                "0101",
                872
            ],
            [
                "1110",
                517
            ],
            [
                "1011",
                487
            ],
            [
                "1010",
                474
            ],
            [
                "0010",
                21
            ],
            [
                "1000",
                15
            ],
            [
                "0001",
                14
            ],
            [
                "0100",
                12
            ],
            [
                "1100",
                4
            ],
            [
                "1001",
                3
            ],
            [
                "0011",
                2
            ],
            [
                "0000",
                1
            ]
        ],
        "num_training_loops": 328,
        "final_training_cost": -10.803466796875,
        "optimal_params": [
            4.187276598838635,
            3.0469309111532827,
            2.795348951890771,
            2.278700239537689,
            3.514957272726211,
            2.3621120850596586,
            3.20811246374584,
            3.0256659079092016,
            2.875637491858255,
            1.8401014960952682,
            1.5572691638269287,
            1.4496278194943355,
            1.2306367691173754,
            1.3739918708341696,
            0.9417702861269422,
            0.7826338849879619,
            0.4801118972861854,
            0.4517829639291725,
            0.33784083675187127,
            0.1592269699743848,
            0.9989843488388724,
            0.1734032396365594,
            0.30781430007714417,
            0.4693745386593214,
            0.6302791101418319,
            0.7813515398655434,
            0.9374273235786817,
            1.0915150677079304,
            1.2604004610388018,
            1.4165912557050484,
            1.5735353604713875,
            1.7321017616281909,
            1.8941069754531483,
            2.0444803269057314,
            2.1932426379415295,
            2.353683166476363,
            2.4988528212566927,
            2.6779135858734233,
            2.8371694058730403,
            3.986145162823313
        ]
    }
}