{
    "metadata": {
        "qaoaLayers": 20,
        "backend_name": "aer_simulator"
    },
    "result": {
        "instance_id": 23,
        "sampled_distribution": [
            [
                "0100",
                3139
            ],
            [
                "1001",
                2430
            ],
            [
                "0110",
                1154
            ],
            [
                "1011",
                931
            ],
            [
                "0101",
                857
            ],
            [
                "1100",
                800
            ],
            [
                "0111",
                337
            ],
            [
                "1110",
                283
            ],
            [
                "1101",
                35
            ],
            [
                "1111",
                19
            ],
            [
                "0001",
                6
            ],
            [
                "1000",
                5
            ],
            [
                "0011",
                2
            ],
            [
                "1010",
                1
            ],
            [
                "0000",
                1
            ]
        ],
        "num_training_loops": 384,
        "final_training_cost": -5.1513671875,
        "optimal_params": [
            4.1468008308056845,
            3.9868712824452266,
            3.8400640874422054,
            2.7005338042203975,
            2.5055179114341968,
            2.3437940394689263,
            2.1970882256324504,
            2.069669963270026,
            1.8495219910977418,
            1.7140287439400135,
            1.5334660450252031,
            1.42804003000757,
            1.4842428925443634,
            1.1955614614429861,
            0.8456830895269146,
            0.7612022540889571,
            0.5927433344023905,
            0.42470676119906314,
            0.28713217968672344,
            0.14538365815471038,
            0.9493325578225077,
            0.1558405214066988,
            0.3161221744497793,
            0.5101302219679491,
            0.6390898336255803,
            0.7811275362585479,
            0.9347920589975773,
            1.10182533987511,
            1.2530000685081837,
            1.4335579489063228,
            1.5821774349933846,
            1.7384625489468137,
            1.8843608216839285,
            2.0437675371171977,
            2.1898487114563636,
            2.3337594133113146,
            2.5063463721181445,
            2.6668686622173583,
            2.8355439115673082,
            3.092774739198551
        ]
    }
}