{
    "metadata": {
        "qaoaLayers": 4,
        "backend_name": "aer_simulator"
    },
    "result": {
        "instance_id": 10,
        "sampled_distribution": [
            [
                "0100",
                3403
            ],
            [
                "1100",
                997
            ],
            [
                "0101",
                989
            ],
            [
                "1111",
                984
            ],
            [
                "0110",
                921
            ],
            [
                "1110",
                862
            ],
            [
                "1101",
                791
            ],
            [
                "0111",
                791
            ],
            [
                "1011",
                212
            ],
            [
                "0011",
                8
            ],
            [
                "0001",
                8
            ],
            [
                "1010",
                8
            ],
            [
                "1001",
                7
            ],
            [
                "1000",
                7
            ],
            [
                "0010",
                7
            ],
            [
                "0000",
                5
            ]
        ],
        "num_training_loops": 68,
        "final_training_cost": -7.26904296875,
        "optimal_params": [
            4.148481023435282,
            2.238146888216821,
            1.5655858949689017,
            0.7419840595073268,
            -0.004157801671670848,
            0.758239404885624,
            1.615569513983993,
            2.36787407163922
        ]
    }
}