{
    "metadata": {
        "qaoaLayers": 4,
        "backend_name": "ionq_simulator"
    },
    "result": {
        "instance_id": 73,
        "sampled_distribution": [
            [
                "1110",
                2934
            ],
            [
                "1011",
                1780
            ],
            [
                "0111",
                1720
            ],
            [
                "1111",
                1486
            ],
            [
                "1101",
                719
            ],
            [
                "1001",
                663
            ],
            [
                "0101",
                592
            ],
            [
                "0100",
                23
            ],
            [
                "1000",
                22
            ],
            [
                "1010",
                21
            ],
            [
                "0110",
                19
            ],
            [
                "0010",
                12
            ],
            [
                "0011",
                9
            ]
        ],
        "num_training_loops": 81,
        "final_training_cost": -8.85205078125,
        "optimal_params": [
            4.156524316467477,
            1.8950236633597064,
            1.371411388350524,
            1.3477484366563692,
            0.9935929006360358,
            0.5932613785808123,
            1.4183098658647482,
            2.5637822500006417
        ]
    }
}