{
    "metadata": {
        "qaoaLayers": 4,
        "backend_name": "aer_simulator_from(fake_torino)"
    },
    "result": {
        "instance_id": 52,
        "sampled_distribution": [
            [
                "1111",
                6312
            ],
            [
                "1110",
                1006
            ],
            [
                "1011",
                835
            ],
            [
                "0111",
                539
            ],
            [
                "1101",
                503
            ],
            [
                "1010",
                315
            ],
            [
                "1100",
                106
            ],
            [
                "0011",
                98
            ],
            [
                "0110",
                90
            ],
            [
                "1001",
                74
            ],
            [
                "0101",
                46
            ],
            [
                "0010",
                32
            ],
            [
                "1000",
                22
            ],
            [
                "0100",
                14
            ],
            [
                "0001",
                5
            ],
            [
                "0000",
                3
            ]
        ],
        "num_training_loops": 65,
        "final_training_cost": -9.9990234375,
        "optimal_params": [
            3.1027012381672816,
            3.273067563233579,
            1.4610264150641066,
            1.559001412492874,
            0.9834477991678466,
            0.8536604577108283,
            2.695670198443982,
            2.427942079364518
        ]
    }
}