{
    "metadata": {
        "qaoaLayers": 2,
        "backend_name": "aer_simulator"
    },
    "result": {
        "instance_id": 59,
        "sampled_distribution": [
            [
                "1111",
                4403
            ],
            [
                "1110",
                1416
            ],
            [
                "1011",
                1349
            ],
            [
                "0111",
                870
            ],
            [
                "1101",
                854
            ],
            [
                "0011",
                279
            ],
            [
                "1100",
                254
            ],
            [
                "0101",
                156
            ],
            [
                "1010",
                154
            ],
            [
                "1001",
                101
            ],
            [
                "0110",
                98
            ],
            [
                "0100",
                25
            ],
            [
                "0001",
                20
            ],
            [
                "1000",
                11
            ],
            [
                "0010",
                9
            ],
            [
                "0000",
                1
            ]
        ],
        "num_training_loops": 42,
        "final_training_cost": -5.669677734375,
        "optimal_params": [
            5.2411366040330805,
            1.835798480987158,
            0.9930441497699453,
            2.548176804192832
        ]
    }
}