{
    "metadata": {
        "qaoaLayers": 20,
        "backend_name": "aer_simulator"
    },
    "result": {
        "instance_id": 26,
        "sampled_distribution": [
            [
                "0011",
                2584
            ],
            [
                "0111",
                1943
            ],
            [
                "1011",
                1928
            ],
            [
                "1111",
                1482
            ],
            [
                "1110",
                750
            ],
            [
                "1101",
                721
            ],
            [
                "0101",
                128
            ],
            [
                "0110",
                110
            ],
            [
                "1100",
                110
            ],
            [
                "1010",
                107
            ],
            [
                "1001",
                89
            ],
            [
                "0000",
                17
            ],
            [
                "1000",
                13
            ],
            [
                "0100",
                9
            ],
            [
                "0010",
                5
            ],
            [
                "0001",
                4
            ]
        ],
        "num_training_loops": 285,
        "final_training_cost": -10.92626953125,
        "optimal_params": [
            4.165534258578166,
            2.9820193488156965,
            2.825816007092206,
            2.6798398899448217,
            3.501413795889223,
            2.356730199297102,
            2.2642200137214954,
            3.013139683899168,
            1.8943355475914625,
            1.6327251943642973,
            2.6376070481505827,
            1.4388633320113775,
            1.23543683628265,
            1.133523676085006,
            0.9250764155785124,
            0.8794737895317023,
            0.6128758624140613,
            0.43392003603214147,
            0.3180394280529337,
            0.17031250429708414,
            0.9895796849522961,
            0.1645409612770629,
            0.30587787106707126,
            0.47930614290567203,
            0.6184816019091469,
            0.7931293379156116,
            0.9343852219192216,
            1.1025846926393554,
            1.2478195078605188,
            1.4186636674860396,
            1.5698663224972895,
            1.716409681229316,
            1.888082213539824,
            2.0335602618448725,
            2.197513106786699,
            2.350284276232289,
            2.510926875025802,
            2.662980365124825,
            2.8253336784885508,
            2.975234611706409
        ]
    }
}