{
    "metadata": {
        "qaoaLayers": 1,
        "backend_name": "ionq_simulator"
    },
    "result": {
        "instance_id": 72,
        "sampled_distribution": [
            [
                "1111",
                7893
            ],
            [
                "0111",
                499
            ],
            [
                "1011",
                495
            ],
            [
                "1101",
                480
            ],
            [
                "1110",
                470
            ],
            [
                "1001",
                33
            ],
            [
                "0011",
                30
            ],
            [
                "1010",
                30
            ],
            [
                "1100",
                27
            ],
            [
                "0110",
                25
            ],
            [
                "0101",
                18
            ]
        ],
        "num_training_loops": 22,
        "final_training_cost": -8.1064453125,
        "optimal_params": [
            3.3877077320002535,
            -0.002823210766998975
        ]
    }
}