{
    "metadata": {
        "qaoaLayers": 3,
        "backend_name": "aer_simulator_from(fake_torino)"
    },
    "result": {
        "instance_id": 53,
        "sampled_distribution": [
            [
                "1111",
                7927
            ],
            [
                "1110",
                503
            ],
            [
                "0111",
                488
            ],
            [
                "1011",
                441
            ],
            [
                "1101",
                285
            ],
            [
                "0011",
                84
            ],
            [
                "1100",
                74
            ],
            [
                "0101",
                72
            ],
            [
                "0110",
                31
            ],
            [
                "1010",
                27
            ],
            [
                "0001",
                20
            ],
            [
                "1001",
                15
            ],
            [
                "0010",
                12
            ],
            [
                "0100",
                12
            ],
            [
                "1000",
                5
            ],
            [
                "0000",
                4
            ]
        ],
        "num_training_loops": 55,
        "final_training_cost": -5.45654296875,
        "optimal_params": [
            3.2609618004091057,
            1.8327334875005117,
            1.3635576209821545,
            1.1956611766056857,
            2.0132861229831502,
            1.9345019888974193
        ]
    }
}