{
    "metadata": {
        "qaoaLayers": 4,
        "backend_name": "ionq_simulator"
    },
    "result": {
        "instance_id": 34,
        "sampled_distribution": [
            [
                "0110",
                8243
            ],
            [
                "1110",
                1142
            ],
            [
                "0111",
                444
            ],
            [
                "1111",
                54
            ],
            [
                "0101",
                42
            ],
            [
                "0011",
                40
            ],
            [
                "0010",
                21
            ],
            [
                "0100",
                14
            ]
        ],
        "num_training_loops": 67,
        "final_training_cost": -4.7880859375,
        "optimal_params": [
            3.111623093883597,
            2.388039778155861,
            1.5930497090404316,
            0.7666679920790984,
            -0.014055919268281777,
            0.66520374407539,
            1.5193228146815887,
            2.2742023294726095
        ]
    }
}