{
    "metadata": {
        "qaoaLayers": 4,
        "backend_name": "aer_simulator"
    },
    "result": {
        "instance_id": 75,
        "sampled_distribution": [
            [
                "1101",
                3355
            ],
            [
                "1011",
                2269
            ],
            [
                "0111",
                2187
            ],
            [
                "1111",
                539
            ],
            [
                "0110",
                480
            ],
            [
                "1010",
                472
            ],
            [
                "1100",
                256
            ],
            [
                "1110",
                227
            ],
            [
                "0011",
                69
            ],
            [
                "1000",
                57
            ],
            [
                "0100",
                42
            ],
            [
                "0001",
                30
            ],
            [
                "0010",
                16
            ],
            [
                "0101",
                1
            ]
        ],
        "num_training_loops": 69,
        "final_training_cost": -8.365234375,
        "optimal_params": [
            4.400221097022963,
            1.9497571424841487,
            1.41732695186709,
            1.2672263659195306,
            1.0235817915612666,
            0.7786917697006409,
            1.5693497677877493,
            2.41380768942825
        ]
    }
}