{
    "metadata": {
        "qaoaLayers": 20,
        "backend_name": "aer_simulator"
    },
    "result": {
        "instance_id": 53,
        "sampled_distribution": [
            [
                "1101",
                2426
            ],
            [
                "0111",
                2394
            ],
            [
                "1110",
                1093
            ],
            [
                "1011",
                1017
            ],
            [
                "1010",
                939
            ],
            [
                "1001",
                727
            ],
            [
                "0110",
                708
            ],
            [
                "0011",
                186
            ],
            [
                "1100",
                181
            ],
            [
                "0101",
                137
            ],
            [
                "1111",
                127
            ],
            [
                "0001",
                34
            ],
            [
                "0100",
                27
            ],
            [
                "1000",
                2
            ],
            [
                "0010",
                2
            ]
        ],
        "num_training_loops": 358,
        "final_training_cost": -6.178955078125,
        "optimal_params": [
            4.151195542701619,
            4.0016078466486595,
            2.9648842107126128,
            2.4684138416883963,
            2.5137695412635077,
            2.3509698626637703,
            2.2009813329944934,
            2.03793582626384,
            1.8903161721551354,
            1.7024839980858488,
            1.604680784697059,
            1.3870699300826712,
            1.2695166362590697,
            1.0820686625186922,
            0.9600301479767908,
            0.7784396819500587,
            0.6469078054048316,
            0.4414937558347066,
            0.3011128684592679,
            1.235924622796536,
            0.8923216011648567,
            0.14021953236627674,
            0.31388033605655363,
            0.4575974678394325,
            0.6282693513168205,
            0.7861704692495795,
            0.9543404475209855,
            1.1081175322861008,
            1.2527616254135836,
            1.408050814161917,
            1.5465745077979207,
            1.7232091733468367,
            1.884184070393464,
            2.021051196020831,
            2.2194925681435644,
            2.3499383225848947,
            2.503921354266402,
            2.6753705054981265,
            2.8122918196309703,
            3.0098902349241268
        ]
    }
}