{
    "metadata": {
        "qaoaLayers": 1,
        "backend_name": "ionq_simulator"
    },
    "result": {
        "instance_id": 46,
        "sampled_distribution": [
            [
                "1111",
                7834
            ],
            [
                "1101",
                537
            ],
            [
                "1110",
                500
            ],
            [
                "0111",
                487
            ],
            [
                "1011",
                484
            ],
            [
                "1001",
                34
            ],
            [
                "0110",
                30
            ],
            [
                "0101",
                27
            ],
            [
                "0011",
                24
            ],
            [
                "1010",
                23
            ],
            [
                "1100",
                20
            ]
        ],
        "num_training_loops": 24,
        "final_training_cost": -8.102783203125,
        "optimal_params": [
            3.3938253254713207,
            0.14163329529879543
        ]
    }
}