{
    "metadata": {
        "qaoaLayers": 2,
        "backend_name": "ionq_simulator"
    },
    "result": {
        "instance_id": 37,
        "sampled_distribution": [
            [
                "1111",
                7827
            ],
            [
                "1101",
                639
            ],
            [
                "1110",
                500
            ],
            [
                "0111",
                449
            ],
            [
                "1011",
                411
            ],
            [
                "1100",
                36
            ],
            [
                "0110",
                31
            ],
            [
                "1001",
                29
            ],
            [
                "0011",
                27
            ],
            [
                "0101",
                26
            ],
            [
                "1010",
                25
            ]
        ],
        "num_training_loops": 39,
        "final_training_cost": -8.126953125,
        "optimal_params": [
            4.809181264909912,
            1.2658081248757547,
            0.064360009351365,
            1.2850160434061435
        ]
    }
}