{
    "metadata": {
        "qaoaLayers": 1,
        "backend_name": "ionq_simulator"
    },
    "result": {
        "instance_id": 55,
        "sampled_distribution": [
            [
                "1111",
                8850
            ],
            [
                "1011",
                234
            ],
            [
                "0111",
                214
            ],
            [
                "1101",
                151
            ],
            [
                "1110",
                140
            ],
            [
                "0110",
                95
            ],
            [
                "0101",
                88
            ],
            [
                "1010",
                79
            ],
            [
                "1001",
                70
            ],
            [
                "0011",
                61
            ],
            [
                "1100",
                6
            ],
            [
                "0001",
                5
            ],
            [
                "0010",
                5
            ],
            [
                "0000",
                1
            ],
            [
                "0100",
                1
            ]
        ],
        "num_training_loops": 21,
        "final_training_cost": -10.28759765625,
        "optimal_params": [
            3.140645999393286,
            -0.00032225119431219726
        ]
    }
}