{
    "metadata": {
        "qaoaLayers": 3,
        "backend_name": "aer_simulator"
    },
    "result": {
        "instance_id": 52,
        "sampled_distribution": [
            [
                "1111",
                9500
            ],
            [
                "1110",
                151
            ],
            [
                "1011",
                117
            ],
            [
                "1101",
                110
            ],
            [
                "0111",
                103
            ],
            [
                "1001",
                4
            ],
            [
                "0101",
                4
            ],
            [
                "0110",
                3
            ],
            [
                "1100",
                3
            ],
            [
                "0011",
                3
            ],
            [
                "1010",
                2
            ]
        ],
        "num_training_loops": 54,
        "final_training_cost": -10.53466796875,
        "optimal_params": [
            3.1989168428893078,
            1.9938651116236799,
            2.025667317692642,
            0.005379826732195497,
            1.9875909552035587,
            3.1479440174239186
        ]
    }
}