{
    "metadata": {
        "qaoaLayers": 4,
        "backend_name": "aer_simulator"
    },
    "result": {
        "instance_id": 32,
        "sampled_distribution": [
            [
                "0110",
                1294
            ],
            [
                "0101",
                1288
            ],
            [
                "1010",
                1263
            ],
            [
                "1001",
                1260
            ],
            [
                "1110",
                1044
            ],
            [
                "0111",
                1043
            ],
            [
                "1101",
                990
            ],
            [
                "1011",
                984
            ],
            [
                "1111",
                825
            ],
            [
                "1000",
                3
            ],
            [
                "1100",
                2
            ],
            [
                "0001",
                2
            ],
            [
                "0100",
                1
            ],
            [
                "0010",
                1
            ]
        ],
        "num_training_loops": 88,
        "final_training_cost": -4.40771484375,
        "optimal_params": [
            3.549489084728004,
            2.7033472886034176,
            1.6768215362483772,
            0.9287408145694861,
            -0.20031446798371186,
            0.9481021387043056,
            1.573808256762172,
            2.2343397250364987
        ]
    }
}