{
    "metadata": {
        "qaoaLayers": 2,
        "backend_name": "aer_simulator"
    },
    "result": {
        "instance_id": 41,
        "sampled_distribution": [
            [
                "1111",
                4497
            ],
            [
                "1011",
                1033
            ],
            [
                "1110",
                1023
            ],
            [
                "1101",
                953
            ],
            [
                "0111",
                907
            ],
            [
                "1010",
                249
            ],
            [
                "0101",
                241
            ],
            [
                "0011",
                234
            ],
            [
                "0110",
                225
            ],
            [
                "1001",
                220
            ],
            [
                "1100",
                203
            ],
            [
                "0010",
                58
            ],
            [
                "1000",
                57
            ],
            [
                "0001",
                50
            ],
            [
                "0100",
                42
            ],
            [
                "0000",
                8
            ]
        ],
        "num_training_loops": 35,
        "final_training_cost": -0.932373046875,
        "optimal_params": [
            4.259954855360253,
            1.590915722494524,
            0.9668014100931936,
            1.4358163697794344
        ]
    }
}