{
    "metadata": {
        "qaoaLayers": 4,
        "backend_name": "aer_simulator"
    },
    "result": {
        "instance_id": 31,
        "sampled_distribution": [
            [
                "1011",
                3321
            ],
            [
                "1110",
                1787
            ],
            [
                "0111",
                1771
            ],
            [
                "1111",
                1707
            ],
            [
                "1001",
                371
            ],
            [
                "1100",
                300
            ],
            [
                "0101",
                286
            ],
            [
                "1101",
                273
            ],
            [
                "0110",
                76
            ],
            [
                "0001",
                37
            ],
            [
                "0010",
                31
            ],
            [
                "1000",
                31
            ],
            [
                "0100",
                7
            ],
            [
                "0011",
                2
            ]
        ],
        "num_training_loops": 71,
        "final_training_cost": -8.247802734375,
        "optimal_params": [
            4.351547078657533,
            1.9974800324227515,
            1.391644379776275,
            1.2414049266524922,
            1.015752931837072,
            0.7545916615803673,
            1.5611029344480243,
            2.4203239424006484
        ]
    }
}