{
    "metadata": {
        "qaoaLayers": 4,
        "backend_name": "aer_simulator_from(fake_torino)"
    },
    "result": {
        "instance_id": 32,
        "sampled_distribution": [
            [
                "1111",
                3835
            ],
            [
                "1101",
                1147
            ],
            [
                "0111",
                1123
            ],
            [
                "1110",
                1103
            ],
            [
                "1011",
                1102
            ],
            [
                "0101",
                368
            ],
            [
                "1010",
                365
            ],
            [
                "0110",
                349
            ],
            [
                "1001",
                341
            ],
            [
                "0011",
                90
            ],
            [
                "1100",
                74
            ],
            [
                "0100",
                30
            ],
            [
                "1000",
                24
            ],
            [
                "0001",
                24
            ],
            [
                "0010",
                23
            ],
            [
                "0000",
                2
            ]
        ],
        "num_training_loops": 76,
        "final_training_cost": -3.573974609375,
        "optimal_params": [
            3.7664015288552037,
            2.900058762806733,
            1.1722694652695904,
            0.6242874347566347,
            -0.26725859264328544,
            1.775976203138433,
            1.3217074967421225,
            2.5723523447662893
        ]
    }
}