{
    "metadata": {
        "qaoaLayers": 2,
        "backend_name": "EMU:15Q:LOGICAL_EARLY"
    },
    "result": {
        "instance_id": 43,
        "sampled_distribution": [
            [
                "0000",
                670
            ],
            [
                "1011",
                667
            ],
            [
                "1101",
                647
            ],
            [
                "0001",
                646
            ],
            [
                "0110",
                639
            ],
            [
                "1001",
                636
            ],
            [
                "0011",
                632
            ],
            [
                "0010",
                630
            ],
            [
                "1100",
                629
            ],
            [
                "1111",
                619
            ],
            [
                "0101",
                608
            ],
            [
                "1000",
                601
            ],
            [
                "0111",
                600
            ],
            [
                "1010",
                597
            ],
            [
                "1110",
                595
            ],
            [
                "0100",
                584
            ]
        ],
        "num_training_loops": 29,
        "final_training_cost": 0.024658203125,
        "optimal_params": [
            4.1407453985387885,
            1.5709966831041227,
            0.0004036342718204148,
            1.5710775661991638
        ]
    }
}