{
    "metadata": {
        "qaoaLayers": 2,
        "backend_name": "aer_simulator"
    },
    "result": {
        "instance_id": 94,
        "sampled_distribution": [
            [
                "1111",
                2767
            ],
            [
                "1110",
                1471
            ],
            [
                "1011",
                1468
            ],
            [
                "0111",
                1399
            ],
            [
                "1010",
                703
            ],
            [
                "0110",
                683
            ],
            [
                "0011",
                624
            ],
            [
                "1101",
                390
            ],
            [
                "0010",
                303
            ],
            [
                "0000",
                52
            ],
            [
                "1000",
                35
            ],
            [
                "0100",
                30
            ],
            [
                "1100",
                24
            ],
            [
                "0001",
                21
            ],
            [
                "1001",
                20
            ],
            [
                "0101",
                10
            ]
        ],
        "num_training_loops": 47,
        "final_training_cost": -6.121826171875,
        "optimal_params": [
            4.991003929627408,
            1.918938274008196,
            1.355748653691362,
            1.4334688855169748
        ]
    }
}