{
    "metadata": {
        "qaoaLayers": 1,
        "backend_name": "ionq_simulator"
    },
    "result": {
        "instance_id": 27,
        "sampled_distribution": [
            [
                "1111",
                8834
            ],
            [
                "0111",
                236
            ],
            [
                "1011",
                228
            ],
            [
                "1110",
                169
            ],
            [
                "1101",
                159
            ],
            [
                "0011",
                80
            ],
            [
                "0110",
                80
            ],
            [
                "1001",
                76
            ],
            [
                "0101",
                59
            ],
            [
                "1010",
                58
            ],
            [
                "0010",
                8
            ],
            [
                "1100",
                8
            ],
            [
                "0100",
                2
            ],
            [
                "0000",
                1
            ],
            [
                "0001",
                1
            ],
            [
                "1000",
                1
            ]
        ],
        "num_training_loops": 19,
        "final_training_cost": -10.277587890625,
        "optimal_params": [
            3.1422578657206843,
            0.0007466544186669905
        ]
    }
}