{
    "metadata": {
        "qaoaLayers": 4,
        "backend_name": "aer_simulator_from(fake_torino)"
    },
    "result": {
        "instance_id": 4,
        "sampled_distribution": [
            [
                "1111",
                6027
            ],
            [
                "1110",
                1060
            ],
            [
                "0111",
                938
            ],
            [
                "1011",
                553
            ],
            [
                "1101",
                537
            ],
            [
                "0110",
                349
            ],
            [
                "1010",
                114
            ],
            [
                "1100",
                108
            ],
            [
                "0101",
                94
            ],
            [
                "0011",
                91
            ],
            [
                "1001",
                42
            ],
            [
                "0010",
                32
            ],
            [
                "0100",
                30
            ],
            [
                "1000",
                11
            ],
            [
                "0001",
                11
            ],
            [
                "0000",
                3
            ]
        ],
        "num_training_loops": 71,
        "final_training_cost": -9.959716796875,
        "optimal_params": [
            3.0112470664529143,
            3.056289944412131,
            1.5500525868530552,
            1.6321236675752073,
            -0.39094675470029827,
            0.4898033862182761,
            3.1220656777780733,
            2.3725926652359757
        ]
    }
}