{
    "metadata": {
        "qaoaLayers": 1,
        "backend_name": "aer_simulator_from(fake_torino)"
    },
    "result": {
        "instance_id": 78,
        "sampled_distribution": [
            [
                "1111",
                9160
            ],
            [
                "1110",
                241
            ],
            [
                "1011",
                195
            ],
            [
                "0111",
                140
            ],
            [
                "1101",
                139
            ],
            [
                "1010",
                52
            ],
            [
                "1100",
                33
            ],
            [
                "0110",
                32
            ],
            [
                "0101",
                3
            ],
            [
                "0100",
                1
            ],
            [
                "0010",
                1
            ],
            [
                "1000",
                1
            ],
            [
                "0011",
                1
            ],
            [
                "1001",
                1
            ]
        ],
        "num_training_loops": 25,
        "final_training_cost": -5.479736328125,
        "optimal_params": [
            3.2002088295407582,
            1.1163533022696208
        ]
    }
}