{
    "metadata": {
        "qaoaLayers": 3,
        "backend_name": "aer_simulator_from(fake_torino)"
    },
    "result": {
        "instance_id": 50,
        "sampled_distribution": [
            [
                "1111",
                6780
            ],
            [
                "1101",
                991
            ],
            [
                "0111",
                628
            ],
            [
                "1011",
                497
            ],
            [
                "1110",
                312
            ],
            [
                "0101",
                184
            ],
            [
                "1100",
                182
            ],
            [
                "1001",
                165
            ],
            [
                "0011",
                140
            ],
            [
                "0110",
                32
            ],
            [
                "1010",
                25
            ],
            [
                "0001",
                23
            ],
            [
                "0100",
                16
            ],
            [
                "1000",
                16
            ],
            [
                "0010",
                5
            ],
            [
                "0000",
                4
            ]
        ],
        "num_training_loops": 54,
        "final_training_cost": -7.55419921875,
        "optimal_params": [
            3.1273985552973222,
            1.4512105556838122,
            1.3295531207146238,
            -0.47362718284275596,
            2.286865470308484,
            2.4248231562515254
        ]
    }
}