{
    "metadata": {
        "qaoaLayers": 2,
        "backend_name": "aer_simulator"
    },
    "result": {
        "instance_id": 79,
        "sampled_distribution": [
            [
                "1111",
                7699
            ],
            [
                "1110",
                544
            ],
            [
                "0111",
                540
            ],
            [
                "1101",
                513
            ],
            [
                "1011",
                477
            ],
            [
                "0101",
                46
            ],
            [
                "1001",
                43
            ],
            [
                "1100",
                36
            ],
            [
                "1010",
                36
            ],
            [
                "0110",
                31
            ],
            [
                "0011",
                27
            ],
            [
                "0100",
                4
            ],
            [
                "1000",
                2
            ],
            [
                "0001",
                2
            ]
        ],
        "num_training_loops": 45,
        "final_training_cost": -8.09326171875,
        "optimal_params": [
            4.823597284438398,
            1.288813922745578,
            0.0664692284844229,
            1.2626533844765608
        ]
    }
}