{
    "metadata": {
        "qaoaLayers": 1,
        "backend_name": "aer_simulator_from(fake_torino)"
    },
    "result": {
        "instance_id": 96,
        "sampled_distribution": [
            [
                "1111",
                6452
            ],
            [
                "0111",
                861
            ],
            [
                "1101",
                739
            ],
            [
                "1011",
                693
            ],
            [
                "1110",
                674
            ],
            [
                "0110",
                116
            ],
            [
                "0101",
                97
            ],
            [
                "1100",
                83
            ],
            [
                "1001",
                80
            ],
            [
                "1010",
                79
            ],
            [
                "0011",
                78
            ],
            [
                "1000",
                14
            ],
            [
                "0100",
                14
            ],
            [
                "0010",
                11
            ],
            [
                "0001",
                6
            ],
            [
                "0000",
                3
            ]
        ],
        "num_training_loops": 27,
        "final_training_cost": -3.173583984375,
        "optimal_params": [
            3.448116431566462,
            -0.18567566228077814
        ]
    }
}