{
    "metadata": {
        "qaoaLayers": 4,
        "backend_name": "ionq_simulator"
    },
    "result": {
        "instance_id": 74,
        "sampled_distribution": [
            [
                "1111",
                4400
            ],
            [
                "0111",
                946
            ],
            [
                "1101",
                909
            ],
            [
                "1110",
                900
            ],
            [
                "1011",
                844
            ],
            [
                "1010",
                372
            ],
            [
                "0011",
                295
            ],
            [
                "0110",
                284
            ],
            [
                "1001",
                272
            ],
            [
                "1100",
                271
            ],
            [
                "0101",
                213
            ],
            [
                "0010",
                88
            ],
            [
                "1000",
                81
            ],
            [
                "0100",
                53
            ],
            [
                "0001",
                43
            ],
            [
                "0000",
                29
            ]
        ],
        "num_training_loops": 61,
        "final_training_cost": -8.7978515625,
        "optimal_params": [
            3.1416418772950006,
            3.345136674063156,
            1.5706377055663168,
            1.782083801991192,
            1.250511915853549,
            0.7851015721961665,
            2.570324619576436,
            2.231885975673326
        ]
    }
}