{
    "metadata": {
        "qaoaLayers": 1,
        "backend_name": "aer_simulator"
    },
    "result": {
        "instance_id": 37,
        "sampled_distribution": [
            [
                "1111",
                8346
            ],
            [
                "0111",
                391
            ],
            [
                "1110",
                391
            ],
            [
                "1011",
                383
            ],
            [
                "1101",
                377
            ],
            [
                "1100",
                21
            ],
            [
                "0101",
                20
            ],
            [
                "1010",
                16
            ],
            [
                "0110",
                15
            ],
            [
                "1001",
                15
            ],
            [
                "0011",
                14
            ],
            [
                "0001",
                5
            ],
            [
                "0010",
                4
            ],
            [
                "0100",
                2
            ]
        ],
        "num_training_loops": 24,
        "final_training_cost": -8.07958984375,
        "optimal_params": [
            3.3568379871356875,
            0.11370721429318685
        ]
    }
}