{
    "metadata": {
        "qaoaLayers": 2,
        "backend_name": "EMU:15Q:LOGICAL_EARLY"
    },
    "result": {
        "instance_id": 10,
        "sampled_distribution": [
            [
                "1011",
                758
            ],
            [
                "1111",
                712
            ],
            [
                "0111",
                710
            ],
            [
                "0011",
                700
            ],
            [
                "0001",
                633
            ],
            [
                "0101",
                627
            ],
            [
                "0010",
                621
            ],
            [
                "1101",
                615
            ],
            [
                "1010",
                609
            ],
            [
                "1001",
                605
            ],
            [
                "1110",
                588
            ],
            [
                "0100",
                581
            ],
            [
                "0110",
                578
            ],
            [
                "0000",
                570
            ],
            [
                "1100",
                547
            ],
            [
                "1000",
                546
            ]
        ],
        "num_training_loops": 36,
        "final_training_cost": -0.170166015625,
        "optimal_params": [
            4.170950450188713,
            1.612600423721218,
            -0.04161047590297793,
            1.5777973694881982
        ]
    }
}