{
    "metadata": {
        "qaoaLayers": 4,
        "backend_name": "ionq_simulator"
    },
    "result": {
        "instance_id": 94,
        "sampled_distribution": [
            [
                "0010",
                3461
            ],
            [
                "0110",
                954
            ],
            [
                "1010",
                942
            ],
            [
                "0011",
                925
            ],
            [
                "0111",
                763
            ],
            [
                "1110",
                703
            ],
            [
                "1011",
                699
            ],
            [
                "1101",
                659
            ],
            [
                "1111",
                438
            ],
            [
                "0000",
                103
            ],
            [
                "1000",
                66
            ],
            [
                "1001",
                64
            ],
            [
                "1100",
                62
            ],
            [
                "0001",
                61
            ],
            [
                "0100",
                50
            ],
            [
                "0101",
                50
            ]
        ],
        "num_training_loops": 66,
        "final_training_cost": -6.642333984375,
        "optimal_params": [
            4.136907234349499,
            2.3549441113756715,
            1.5688462391045321,
            0.7883782218448863,
            -0.12424690288929126,
            0.7588597572237765,
            1.5780164745149188,
            2.3741834674548605
        ]
    }
}