{
    "metadata": {
        "qaoaLayers": 4,
        "backend_name": "aer_simulator"
    },
    "result": {
        "instance_id": 87,
        "sampled_distribution": [
            [
                "1111",
                5473
            ],
            [
                "1011",
                1522
            ],
            [
                "1101",
                1488
            ],
            [
                "1110",
                671
            ],
            [
                "0111",
                668
            ],
            [
                "1001",
                102
            ],
            [
                "0110",
                39
            ],
            [
                "1100",
                8
            ],
            [
                "0011",
                5
            ],
            [
                "0001",
                5
            ],
            [
                "0101",
                5
            ],
            [
                "0010",
                4
            ],
            [
                "0100",
                4
            ],
            [
                "1010",
                3
            ],
            [
                "1000",
                3
            ]
        ],
        "num_training_loops": 67,
        "final_training_cost": -10.838623046875,
        "optimal_params": [
            3.2000997601501466,
            3.3770845830942213,
            1.573481167399458,
            1.7367993377218411,
            1.2406582628159373,
            0.5381706572106709,
            2.5378836441656887,
            2.0795369980331726
        ]
    }
}