{
    "metadata": {
        "qaoaLayers": 4,
        "backend_name": "aer_simulator_from(fake_torino)"
    },
    "result": {
        "instance_id": 21,
        "sampled_distribution": [
            [
                "0110",
                4731
            ],
            [
                "1110",
                1205
            ],
            [
                "0111",
                1169
            ],
            [
                "0101",
                569
            ],
            [
                "1010",
                496
            ],
            [
                "0100",
                331
            ],
            [
                "1111",
                288
            ],
            [
                "0010",
                208
            ],
            [
                "1101",
                151
            ],
            [
                "1011",
                146
            ],
            [
                "1001",
                140
            ],
            [
                "0001",
                123
            ],
            [
                "1100",
                123
            ],
            [
                "1000",
                119
            ],
            [
                "0000",
                116
            ],
            [
                "0011",
                85
            ]
        ],
        "num_training_loops": 66,
        "final_training_cost": -5.609130859375,
        "optimal_params": [
            4.233773960843601,
            2.4238412549851898,
            1.5315141664884309,
            0.8514083247369009,
            1.1239652303348215,
            0.756878202255095,
            1.5185400542745124,
            2.312742586809816
        ]
    }
}