{
    "metadata": {
        "qaoaLayers": 4,
        "backend_name": "ionq_simulator"
    },
    "result": {
        "instance_id": 68,
        "sampled_distribution": [
            [
                "0011",
                6410
            ],
            [
                "0111",
                1076
            ],
            [
                "1011",
                913
            ],
            [
                "0001",
                298
            ],
            [
                "0010",
                296
            ],
            [
                "0110",
                261
            ],
            [
                "0101",
                243
            ],
            [
                "1111",
                159
            ],
            [
                "0000",
                74
            ],
            [
                "0100",
                69
            ],
            [
                "1001",
                56
            ],
            [
                "1010",
                53
            ],
            [
                "1110",
                42
            ],
            [
                "1101",
                34
            ],
            [
                "1100",
                9
            ],
            [
                "1000",
                7
            ]
        ],
        "num_training_loops": 63,
        "final_training_cost": -3.930419921875,
        "optimal_params": [
            3.105432870349212,
            2.326435575076294,
            1.5651955648107576,
            0.737517551539588,
            -0.15870104157951234,
            0.826402898481566,
            1.4960518523994373,
            2.2445500751447462
        ]
    }
}