{
    "metadata": {
        "qaoaLayers": 3,
        "backend_name": "ionq_simulator"
    },
    "result": {
        "instance_id": 19,
        "sampled_distribution": [
            [
                "1111",
                6964
            ],
            [
                "1101",
                889
            ],
            [
                "1011",
                884
            ],
            [
                "1110",
                540
            ],
            [
                "0111",
                537
            ],
            [
                "0011",
                71
            ],
            [
                "1100",
                68
            ],
            [
                "0110",
                35
            ],
            [
                "1001",
                12
            ]
        ],
        "num_training_loops": 56,
        "final_training_cost": -5.81787109375,
        "optimal_params": [
            3.4992055684348933,
            1.5283785837805774,
            0.9674603738978542,
            0.15943075605961723,
            1.9876744839822182,
            1.8620500838994074
        ]
    }
}