{
    "metadata": {
        "qaoaLayers": 4,
        "backend_name": "aer_simulator_from(fake_torino)"
    },
    "result": {
        "instance_id": 12,
        "sampled_distribution": [
            [
                "1111",
                7176
            ],
            [
                "1110",
                717
            ],
            [
                "0111",
                604
            ],
            [
                "1101",
                405
            ],
            [
                "1011",
                354
            ],
            [
                "0110",
                313
            ],
            [
                "1010",
                89
            ],
            [
                "0011",
                87
            ],
            [
                "1100",
                85
            ],
            [
                "0101",
                74
            ],
            [
                "0010",
                31
            ],
            [
                "0100",
                25
            ],
            [
                "1001",
                24
            ],
            [
                "1000",
                7
            ],
            [
                "0001",
                5
            ],
            [
                "0000",
                4
            ]
        ],
        "num_training_loops": 71,
        "final_training_cost": -10.05908203125,
        "optimal_params": [
            3.169138004073075,
            3.2543310849837,
            1.5617271812069875,
            1.6430627295033478,
            0.9268178903208015,
            1.7134694038858862,
            2.667909840060917,
            2.4095000148328287
        ]
    }
}