{
    "metadata": {
        "qaoaLayers": 1,
        "backend_name": "ionq_simulator"
    },
    "result": {
        "instance_id": 62,
        "sampled_distribution": [
            [
                "1111",
                8816
            ],
            [
                "1011",
                242
            ],
            [
                "1110",
                221
            ],
            [
                "0111",
                172
            ],
            [
                "1101",
                161
            ],
            [
                "1010",
                80
            ],
            [
                "0011",
                78
            ],
            [
                "1001",
                73
            ],
            [
                "1100",
                71
            ],
            [
                "0110",
                67
            ],
            [
                "0100",
                7
            ],
            [
                "0001",
                3
            ],
            [
                "0010",
                3
            ],
            [
                "1000",
                3
            ],
            [
                "0101",
                2
            ],
            [
                "0000",
                1
            ]
        ],
        "num_training_loops": 19,
        "final_training_cost": -10.251220703125,
        "optimal_params": [
            3.1439889363922733,
            1.1250290959680957
        ]
    }
}