{
    "metadata": {
        "qaoaLayers": 3,
        "backend_name": "aer_simulator"
    },
    "result": {
        "instance_id": 63,
        "sampled_distribution": [
            [
                "1111",
                3048
            ],
            [
                "1110",
                1983
            ],
            [
                "1011",
                1834
            ],
            [
                "1101",
                1793
            ],
            [
                "0111",
                702
            ],
            [
                "0101",
                271
            ],
            [
                "0011",
                241
            ],
            [
                "0110",
                57
            ],
            [
                "1010",
                17
            ],
            [
                "1001",
                13
            ],
            [
                "1100",
                12
            ],
            [
                "0010",
                11
            ],
            [
                "0100",
                7
            ],
            [
                "1000",
                5
            ],
            [
                "0000",
                3
            ],
            [
                "0001",
                3
            ]
        ],
        "num_training_loops": 61,
        "final_training_cost": -8.64208984375,
        "optimal_params": [
            3.4632681490655144,
            1.8174773401160726,
            1.4485810286855156,
            -0.12890577040021522,
            1.0828429265818977,
            2.0531622616662144
        ]
    }
}