{
    "metadata": {
        "qaoaLayers": 2,
        "backend_name": "ionq_simulator"
    },
    "result": {
        "instance_id": 2,
        "sampled_distribution": [
            [
                "1111",
                8033
            ],
            [
                "0111",
                510
            ],
            [
                "1110",
                503
            ],
            [
                "1011",
                491
            ],
            [
                "1101",
                463
            ]
        ],
        "num_training_loops": 39,
        "final_training_cost": -13.207275390625,
        "optimal_params": [
            4.917048716562895,
            1.1593626418202747,
            -0.31281440859572224,
            2.593804559340604
        ]
    }
}