{
    "metadata": {
        "qaoaLayers": 4,
        "backend_name": "ionq_simulator"
    },
    "result": {
        "instance_id": 59,
        "sampled_distribution": [
            [
                "0101",
                3044
            ],
            [
                "1101",
                1307
            ],
            [
                "0111",
                1275
            ],
            [
                "1100",
                634
            ],
            [
                "0011",
                604
            ],
            [
                "1111",
                359
            ],
            [
                "1110",
                357
            ],
            [
                "0000",
                342
            ],
            [
                "1011",
                329
            ],
            [
                "0100",
                315
            ],
            [
                "0001",
                311
            ],
            [
                "0110",
                281
            ],
            [
                "1001",
                243
            ],
            [
                "1010",
                238
            ],
            [
                "0010",
                183
            ],
            [
                "1000",
                178
            ]
        ],
        "num_training_loops": 51,
        "final_training_cost": -4.220458984375,
        "optimal_params": [
            4.156586606609951,
            2.3556777079098854,
            1.5753548632568632,
            0.7855342198935377,
            0.0001957514470753097,
            0.7859402569047725,
            1.5711518111875968,
            2.355220698714405
        ]
    }
}