{
    "metadata": {
        "qaoaLayers": 4,
        "backend_name": "aer_simulator"
    },
    "result": {
        "instance_id": 79,
        "sampled_distribution": [
            [
                "1011",
                2941
            ],
            [
                "1111",
                2464
            ],
            [
                "1101",
                1754
            ],
            [
                "0111",
                1752
            ],
            [
                "1110",
                541
            ],
            [
                "1100",
                175
            ],
            [
                "0110",
                175
            ],
            [
                "1010",
                101
            ],
            [
                "1001",
                30
            ],
            [
                "0011",
                27
            ],
            [
                "0001",
                14
            ],
            [
                "0010",
                12
            ],
            [
                "0101",
                8
            ],
            [
                "1000",
                6
            ]
        ],
        "num_training_loops": 71,
        "final_training_cost": -8.549560546875,
        "optimal_params": [
            4.283465175759156,
            1.9543547740025409,
            1.3527316930770126,
            1.3705049748134925,
            1.1282560936312154,
            0.6163428232857661,
            1.7221198007055232,
            2.394977116406359
        ]
    }
}