{
    "metadata": {
        "qaoaLayers": 1,
        "backend_name": "aer_simulator"
    },
    "result": {
        "instance_id": 16,
        "sampled_distribution": [
            [
                "1111",
                8223
            ],
            [
                "1101",
                420
            ],
            [
                "0111",
                414
            ],
            [
                "1011",
                407
            ],
            [
                "1110",
                402
            ],
            [
                "1001",
                25
            ],
            [
                "1010",
                23
            ],
            [
                "0101",
                21
            ],
            [
                "1100",
                21
            ],
            [
                "0110",
                19
            ],
            [
                "0011",
                19
            ],
            [
                "1000",
                3
            ],
            [
                "0001",
                2
            ],
            [
                "0100",
                1
            ]
        ],
        "num_training_loops": 24,
        "final_training_cost": -8.107177734375,
        "optimal_params": [
            3.36043615255392,
            0.1324071037891041
        ]
    }
}