{
    "metadata": {
        "qaoaLayers": 3,
        "backend_name": "aer_simulator"
    },
    "result": {
        "instance_id": 38,
        "sampled_distribution": [
            [
                "1111",
                8132
            ],
            [
                "1110",
                642
            ],
            [
                "0111",
                600
            ],
            [
                "1101",
                128
            ],
            [
                "1011",
                128
            ],
            [
                "0110",
                64
            ],
            [
                "1010",
                39
            ],
            [
                "0101",
                39
            ],
            [
                "0001",
                38
            ],
            [
                "1000",
                37
            ],
            [
                "1100",
                36
            ],
            [
                "0011",
                27
            ],
            [
                "0010",
                27
            ],
            [
                "0000",
                25
            ],
            [
                "0100",
                21
            ],
            [
                "1001",
                17
            ]
        ],
        "num_training_loops": 50,
        "final_training_cost": -10.255859375,
        "optimal_params": [
            3.2130997043688603,
            1.968933087163021,
            1.1049626245981183,
            -0.13598450775213,
            1.249032252281872,
            1.9478924917090408
        ]
    }
}