{
    "metadata": {
        "qaoaLayers": 2,
        "backend_name": "aer_simulator_from(fake_torino)"
    },
    "result": {
        "instance_id": 18,
        "sampled_distribution": [
            [
                "1111",
                7728
            ],
            [
                "1110",
                552
            ],
            [
                "1101",
                498
            ],
            [
                "0111",
                497
            ],
            [
                "1011",
                451
            ],
            [
                "1010",
                62
            ],
            [
                "0110",
                58
            ],
            [
                "0101",
                50
            ],
            [
                "0011",
                29
            ],
            [
                "1100",
                29
            ],
            [
                "1001",
                24
            ],
            [
                "0100",
                9
            ],
            [
                "0010",
                8
            ],
            [
                "1000",
                3
            ],
            [
                "0001",
                2
            ]
        ],
        "num_training_loops": 39,
        "final_training_cost": -5.5302734375,
        "optimal_params": [
            4.539263924099511,
            1.4817936439801966,
            -0.40880646309473534,
            1.2420951218649263
        ]
    }
}