{
    "metadata": {
        "qaoaLayers": 1,
        "backend_name": "aer_simulator"
    },
    "result": {
        "instance_id": 18,
        "sampled_distribution": [
            [
                "1111",
                7746
            ],
            [
                "0111",
                542
            ],
            [
                "1110",
                527
            ],
            [
                "1011",
                517
            ],
            [
                "1101",
                458
            ],
            [
                "0011",
                43
            ],
            [
                "1001",
                35
            ],
            [
                "0101",
                34
            ],
            [
                "0110",
                34
            ],
            [
                "1010",
                33
            ],
            [
                "1100",
                24
            ],
            [
                "1000",
                3
            ],
            [
                "0100",
                3
            ],
            [
                "0010",
                1
            ]
        ],
        "num_training_loops": 20,
        "final_training_cost": -5.640380859375,
        "optimal_params": [
            3.392321873977085,
            0.12568427891006376
        ]
    }
}