{
    "metadata": {
        "qaoaLayers": 4,
        "backend_name": "ionq_simulator"
    },
    "result": {
        "instance_id": 82,
        "sampled_distribution": [
            [
                "1111",
                5686
            ],
            [
                "1011",
                683
            ],
            [
                "1101",
                677
            ],
            [
                "1110",
                674
            ],
            [
                "0111",
                635
            ],
            [
                "0011",
                288
            ],
            [
                "0101",
                269
            ],
            [
                "0110",
                265
            ],
            [
                "1001",
                237
            ],
            [
                "1010",
                230
            ],
            [
                "0001",
                95
            ],
            [
                "1100",
                82
            ],
            [
                "0010",
                81
            ],
            [
                "0100",
                43
            ],
            [
                "1000",
                43
            ],
            [
                "0000",
                12
            ]
        ],
        "num_training_loops": 75,
        "final_training_cost": -9.001708984375,
        "optimal_params": [
            3.108539014676734,
            3.360905754329388,
            1.5699876923186118,
            1.7590906773994308,
            1.014283790653506,
            1.7805949128668317,
            2.707415795310396,
            2.4075383423861347
        ]
    }
}