{
    "metadata": {
        "qaoaLayers": 3,
        "backend_name": "ionq_simulator"
    },
    "result": {
        "instance_id": 72,
        "sampled_distribution": [
            [
                "1111",
                2956
            ],
            [
                "1101",
                2231
            ],
            [
                "1011",
                1649
            ],
            [
                "1110",
                1621
            ],
            [
                "0111",
                827
            ],
            [
                "0011",
                339
            ],
            [
                "0110",
                298
            ],
            [
                "0101",
                56
            ],
            [
                "1000",
                23
            ]
        ],
        "num_training_loops": 80,
        "final_training_cost": -8.633056640625,
        "optimal_params": [
            3.5421401496327123,
            1.7964085839842305,
            1.674855181423397,
            1.01033487269065,
            1.1310391961383708,
            2.3394394259115923
        ]
    }
}