{
    "metadata": {
        "qaoaLayers": 4,
        "backend_name": "ionq_simulator"
    },
    "result": {
        "instance_id": 10,
        "sampled_distribution": [
            [
                "0100",
                4050
            ],
            [
                "1100",
                903
            ],
            [
                "0110",
                902
            ],
            [
                "0101",
                845
            ],
            [
                "1110",
                704
            ],
            [
                "1101",
                693
            ],
            [
                "0111",
                644
            ],
            [
                "1111",
                570
            ],
            [
                "1011",
                356
            ],
            [
                "0001",
                81
            ],
            [
                "0010",
                80
            ],
            [
                "1000",
                65
            ],
            [
                "0011",
                35
            ],
            [
                "1001",
                33
            ],
            [
                "1010",
                31
            ],
            [
                "0000",
                8
            ]
        ],
        "num_training_loops": 66,
        "final_training_cost": -6.9892578125,
        "optimal_params": [
            4.164681172040781,
            2.326476071647762,
            1.5969111155567588,
            0.746819146564759,
            0.9605350753427974,
            0.7667882463447151,
            1.5995121814873086,
            2.3663732489792784
        ]
    }
}