{
    "metadata": {
        "qaoaLayers": 4,
        "backend_name": "EMU:15Q:LOGICAL_EARLY"
    },
    "result": {
        "instance_id": 64,
        "sampled_distribution": [
            [
                "0001",
                668
            ],
            [
                "1001",
                647
            ],
            [
                "0010",
                643
            ],
            [
                "0110",
                641
            ],
            [
                "1110",
                640
            ],
            [
                "1100",
                639
            ],
            [
                "1010",
                634
            ],
            [
                "0011",
                632
            ],
            [
                "1000",
                628
            ],
            [
                "0111",
                627
            ],
            [
                "1101",
                612
            ],
            [
                "1011",
                611
            ],
            [
                "0000",
                605
            ],
            [
                "0100",
                595
            ],
            [
                "0101",
                590
            ],
            [
                "1111",
                588
            ]
        ],
        "num_training_loops": 48,
        "final_training_cost": -0.14990234375,
        "optimal_params": [
            3.142373267360774,
            2.355669056680299,
            1.5705126355008396,
            0.785233046340905,
            6.33025963975133e-05,
            0.7853962971935448,
            1.570848908111139,
            2.3562009613624846
        ]
    }
}