{
    "metadata": {
        "qaoaLayers": 1,
        "backend_name": "ionq_simulator"
    },
    "result": {
        "instance_id": 15,
        "sampled_distribution": [
            [
                "1111",
                9029
            ],
            [
                "1101",
                251
            ],
            [
                "1011",
                171
            ],
            [
                "1110",
                161
            ],
            [
                "0111",
                82
            ],
            [
                "1100",
                79
            ],
            [
                "1001",
                76
            ],
            [
                "0101",
                72
            ],
            [
                "1010",
                64
            ],
            [
                "0001",
                5
            ],
            [
                "0010",
                3
            ],
            [
                "0011",
                3
            ],
            [
                "1000",
                2
            ],
            [
                "0000",
                1
            ],
            [
                "0100",
                1
            ]
        ],
        "num_training_loops": 19,
        "final_training_cost": -7.79638671875,
        "optimal_params": [
            3.142637880448335,
            1.1256815542749263
        ]
    }
}