{
    "metadata": {
        "qaoaLayers": 20,
        "backend_name": "ionq_simulator"
    },
    "result": {
        "instance_id": 32,
        "sampled_distribution": [
            [
                "1001",
                2538
            ],
            [
                "1010",
                2538
            ],
            [
                "0110",
                2473
            ],
            [
                "0101",
                2451
            ]
        ],
        "num_training_loops": 253,
        "final_training_cost": -5.0,
        "optimal_params": [
            4.133340474852302,
            3.908840300535443,
            2.850864467549516,
            2.774785937397857,
            2.55337477789928,
            2.3509738305401573,
            2.2055755951830553,
            3.015052061983847,
            1.8970489116679945,
            2.745002028437231,
            2.5612872231463784,
            1.404136400882011,
            1.3778899660659332,
            1.0801786837564138,
            0.9285734811796821,
            0.7854021573178894,
            0.6258066915127947,
            0.6471945005688902,
            0.15945420358388945,
            0.14557705550107858,
            0.9996220594928735,
            0.15598114787000025,
            0.30870437362704906,
            0.465527785885639,
            0.625117663191006,
            0.7852647180909355,
            0.9422122595009708,
            1.0956537890455755,
            1.252977095821078,
            1.4134552240150593,
            1.5704280206446424,
            1.7253258998795429,
            1.8829029924511569,
            2.0363330306538883,
            2.1993028319665586,
            2.353954241236728,
            2.5128923804858907,
            2.667077943783964,
            2.826120942852598,
            2.9789913131801873
        ]
    }
}