{
    "metadata": {
        "qaoaLayers": 20,
        "backend_name": "ionq_simulator"
    },
    "result": {
        "instance_id": 83,
        "sampled_distribution": [
            [
                "1100",
                1820
            ],
            [
                "0011",
                1751
            ],
            [
                "1110",
                1482
            ],
            [
                "1101",
                1471
            ],
            [
                "1011",
                1468
            ],
            [
                "0111",
                1459
            ],
            [
                "1111",
                549
            ]
        ],
        "num_training_loops": 473,
        "final_training_cost": -9.284912109375,
        "optimal_params": [
            4.171179772126203,
            2.983497996268821,
            2.743156258873042,
            2.6477423138666922,
            3.539066553363143,
            2.347405833288875,
            2.231398688138025,
            1.953312489618029,
            1.8829114596531975,
            1.70214701729587,
            1.5725181383547675,
            1.4352512018786496,
            1.0548948407122518,
            1.091751447889949,
            1.8719865595642502,
            0.793663379385428,
            0.581245637419117,
            0.4594651115399382,
            0.0714054556054895,
            0.10131795539630453,
            0.006101269211610859,
            0.39630190489424777,
            0.7306060702161578,
            0.2194453002216732,
            0.6397243038250603,
            1.7862260191030233,
            0.9617965633784646,
            1.068341434924753,
            1.2514378555082695,
            1.39972866923424,
            1.5448070952690407,
            1.707899605209802,
            1.8660021235410633,
            2.033057641882661,
            2.1899596364882714,
            2.3669652442727696,
            2.530891538907668,
            2.667046597080413,
            2.832411537087669,
            2.9805754412334364
        ]
    }
}