{
    "metadata": {
        "qaoaLayers": 4,
        "backend_name": "ionq_simulator"
    },
    "result": {
        "instance_id": 75,
        "sampled_distribution": [
            [
                "1111",
                3202
            ],
            [
                "1101",
                2038
            ],
            [
                "1011",
                1578
            ],
            [
                "0111",
                1479
            ],
            [
                "1110",
                394
            ],
            [
                "0101",
                283
            ],
            [
                "1001",
                245
            ],
            [
                "1100",
                219
            ],
            [
                "1010",
                186
            ],
            [
                "0110",
                175
            ],
            [
                "0011",
                171
            ],
            [
                "0001",
                16
            ],
            [
                "0010",
                14
            ]
        ],
        "num_training_loops": 77,
        "final_training_cost": -7.79541015625,
        "optimal_params": [
            4.147440746533654,
            2.192524570459398,
            1.50477378204942,
            1.0827021425018948,
            0.002900400069310879,
            0.6761976244872114,
            1.5412839652329935,
            2.42816179263197
        ]
    }
}