{
    "metadata": {
        "qaoaLayers": 1,
        "backend_name": "aer_simulator_from(fake_torino)"
    },
    "result": {
        "instance_id": 95,
        "sampled_distribution": [
            [
                "1111",
                6715
            ],
            [
                "1011",
                815
            ],
            [
                "0111",
                675
            ],
            [
                "1110",
                674
            ],
            [
                "1101",
                603
            ],
            [
                "0011",
                95
            ],
            [
                "0110",
                90
            ],
            [
                "1001",
                86
            ],
            [
                "1010",
                79
            ],
            [
                "0101",
                67
            ],
            [
                "1100",
                66
            ],
            [
                "0010",
                13
            ],
            [
                "1000",
                9
            ],
            [
                "0001",
                8
            ],
            [
                "0100",
                4
            ],
            [
                "0000",
                1
            ]
        ],
        "num_training_loops": 21,
        "final_training_cost": -5.616455078125,
        "optimal_params": [
            2.860923459863821,
            0.9953292033614392
        ]
    }
}