{
    "metadata": {
        "qaoaLayers": 3,
        "backend_name": "EMU:15Q:LOGICAL_EARLY"
    },
    "result": {
        "instance_id": 10,
        "sampled_distribution": [
            [
                "1001",
                683
            ],
            [
                "1111",
                678
            ],
            [
                "1110",
                660
            ],
            [
                "0110",
                660
            ],
            [
                "1011",
                652
            ],
            [
                "0001",
                643
            ],
            [
                "0111",
                633
            ],
            [
                "0101",
                620
            ],
            [
                "0100",
                613
            ],
            [
                "0000",
                610
            ],
            [
                "0010",
                608
            ],
            [
                "1010",
                606
            ],
            [
                "1000",
                599
            ],
            [
                "1101",
                584
            ],
            [
                "0011",
                581
            ],
            [
                "1100",
                570
            ]
        ],
        "num_training_loops": 39,
        "final_training_cost": -0.365234375,
        "optimal_params": [
            3.1409323398755182,
            2.094250496322689,
            2.0466582617964053,
            1.0003983529313083,
            1.0473404416203878,
            2.0946655447990046
        ]
    }
}