{
    "metadata": {
        "qaoaLayers": 3,
        "backend_name": "EMU:15Q:LOGICAL_EARLY"
    },
    "result": {
        "instance_id": 1,
        "sampled_distribution": [
            [
                "0011",
                664
            ],
            [
                "0111",
                661
            ],
            [
                "0010",
                649
            ],
            [
                "0101",
                647
            ],
            [
                "0110",
                646
            ],
            [
                "1011",
                635
            ],
            [
                "1001",
                634
            ],
            [
                "1010",
                632
            ],
            [
                "1110",
                626
            ],
            [
                "0001",
                626
            ],
            [
                "1101",
                621
            ],
            [
                "1100",
                610
            ],
            [
                "1111",
                609
            ],
            [
                "0100",
                593
            ],
            [
                "1000",
                583
            ],
            [
                "0000",
                564
            ]
        ],
        "num_training_loops": 48,
        "final_training_cost": -0.47412109375,
        "optimal_params": [
            4.45368259967315,
            1.836163163245892,
            0.4060579690612163,
            -0.03408377773230392,
            0.44073741017173584,
            3.3390073583653193
        ]
    }
}