{
    "metadata": {
        "qaoaLayers": 20,
        "backend_name": "aer_simulator"
    },
    "result": {
        "instance_id": 44,
        "sampled_distribution": [
            [
                "1000",
                5006
            ],
            [
                "0100",
                4940
            ],
            [
                "0110",
                14
            ],
            [
                "0101",
                14
            ],
            [
                "1001",
                13
            ],
            [
                "1010",
                11
            ],
            [
                "1100",
                2
            ]
        ],
        "num_training_loops": 353,
        "final_training_cost": -3.49560546875,
        "optimal_params": [
            3.123436491613841,
            3.9685221168105915,
            2.8681784692983374,
            3.654980216709852,
            2.5650387456539385,
            2.39620562041885,
            2.2585620553972916,
            2.098678945954692,
            2.857212367380604,
            1.7515920109513217,
            1.6199057206239924,
            1.3392836252860425,
            1.3529365317566628,
            1.0759591334292866,
            0.9675140717355972,
            0.7875858899734689,
            0.5984891414469033,
            0.35469790404152257,
            0.28500144717042103,
            0.0901568324656356,
            1.2191797788576788,
            1.1631170392681291,
            0.3608638502693763,
            1.5158636912076942,
            0.5749719121601807,
            1.7375187983285607,
            0.9424515554010849,
            1.1132028218542904,
            1.3006526270897396,
            1.428977134328845,
            1.6183589864259376,
            1.7401555175395522,
            1.887436612650382,
            2.0369510850379973,
            2.2302594190231257,
            2.368834389498137,
            2.4892498454421257,
            2.669173722970479,
            2.8039393784514504,
            2.9662092380536165
        ]
    }
}