{
    "metadata": {
        "qaoaLayers": 4,
        "backend_name": "EMU:15Q:LOGICAL_EARLY"
    },
    "result": {
        "instance_id": 16,
        "sampled_distribution": [
            [
                "1100",
                693
            ],
            [
                "0011",
                666
            ],
            [
                "1001",
                664
            ],
            [
                "0100",
                653
            ],
            [
                "1110",
                642
            ],
            [
                "0111",
                641
            ],
            [
                "0110",
                631
            ],
            [
                "1010",
                628
            ],
            [
                "1101",
                626
            ],
            [
                "0101",
                619
            ],
            [
                "0010",
                597
            ],
            [
                "1011",
                596
            ],
            [
                "1111",
                595
            ],
            [
                "1000",
                588
            ],
            [
                "0000",
                581
            ],
            [
                "0001",
                580
            ]
        ],
        "num_training_loops": 64,
        "final_training_cost": -0.464599609375,
        "optimal_params": [
            4.0493030635349445,
            2.358518524531409,
            1.4489256042913472,
            0.838145598579598,
            0.7895535056557841,
            0.9071696757411842,
            1.5074621499539398,
            2.3748978327540655
        ]
    }
}