{
    "metadata": {
        "qaoaLayers": 4,
        "backend_name": "ionq_simulator"
    },
    "result": {
        "instance_id": 62,
        "sampled_distribution": [
            [
                "1111",
                4065
            ],
            [
                "1110",
                1058
            ],
            [
                "1011",
                976
            ],
            [
                "1101",
                785
            ],
            [
                "0111",
                756
            ],
            [
                "1010",
                402
            ],
            [
                "0011",
                297
            ],
            [
                "1001",
                282
            ],
            [
                "1100",
                270
            ],
            [
                "0110",
                264
            ],
            [
                "1000",
                182
            ],
            [
                "0010",
                176
            ],
            [
                "0101",
                147
            ],
            [
                "0001",
                146
            ],
            [
                "0100",
                119
            ],
            [
                "0000",
                75
            ]
        ],
        "num_training_loops": 63,
        "final_training_cost": -7.754150390625,
        "optimal_params": [
            4.233661309455904,
            3.3213183435741755,
            2.3964019384969113,
            0.9587454525859795,
            0.8567898014096722,
            0.6851079176555173,
            1.5642792782512915,
            2.498681907889927
        ]
    }
}