{
    "metadata": {
        "qaoaLayers": 3,
        "backend_name": "ionq_simulator"
    },
    "result": {
        "instance_id": 92,
        "sampled_distribution": [
            [
                "1111",
                4302
            ],
            [
                "1101",
                1439
            ],
            [
                "1011",
                1231
            ],
            [
                "0111",
                1195
            ],
            [
                "1110",
                1096
            ],
            [
                "0101",
                372
            ],
            [
                "1001",
                346
            ],
            [
                "0011",
                14
            ],
            [
                "1100",
                5
            ]
        ],
        "num_training_loops": 54,
        "final_training_cost": -8.60791015625,
        "optimal_params": [
            2.8253900833119396,
            1.476952242258189,
            1.285901036864609,
            0.0641707203252515,
            2.0894434875219248,
            2.4826193272240533
        ]
    }
}