{
    "metadata": {
        "qaoaLayers": 2,
        "backend_name": "EMU:15Q:LOGICAL_EARLY"
    },
    "result": {
        "instance_id": 33,
        "sampled_distribution": [
            [
                "0111",
                784
            ],
            [
                "1111",
                738
            ],
            [
                "0101",
                719
            ],
            [
                "1101",
                717
            ],
            [
                "0011",
                711
            ],
            [
                "0001",
                694
            ],
            [
                "1011",
                693
            ],
            [
                "1001",
                670
            ],
            [
                "1110",
                588
            ],
            [
                "0100",
                577
            ],
            [
                "1100",
                549
            ],
            [
                "0110",
                543
            ],
            [
                "1010",
                538
            ],
            [
                "0000",
                511
            ],
            [
                "0010",
                484
            ],
            [
                "1000",
                484
            ]
        ],
        "num_training_loops": 30,
        "final_training_cost": -0.69921875,
        "optimal_params": [
            4.141909062698076,
            1.5707832133799278,
            0.0009439231916213847,
            1.5707029334179228
        ]
    }
}