{
    "metadata": {
        "qaoaLayers": 20,
        "backend_name": "aer_simulator"
    },
    "result": {
        "instance_id": 77,
        "sampled_distribution": [
            [
                "0110",
                2739
            ],
            [
                "0011",
                2678
            ],
            [
                "1101",
                1586
            ],
            [
                "1111",
                1335
            ],
            [
                "1110",
                532
            ],
            [
                "1011",
                451
            ],
            [
                "1010",
                188
            ],
            [
                "0101",
                140
            ],
            [
                "0010",
                120
            ],
            [
                "1000",
                80
            ],
            [
                "0111",
                61
            ],
            [
                "0000",
                42
            ],
            [
                "0001",
                27
            ],
            [
                "0100",
                13
            ],
            [
                "1001",
                6
            ],
            [
                "1100",
                2
            ]
        ],
        "num_training_loops": 289,
        "final_training_cost": -8.528564453125,
        "optimal_params": [
            4.557359769689663,
            3.9761699827516734,
            3.832760826208897,
            2.7049997270876522,
            2.5365118943330196,
            2.3425184377179615,
            3.2122803398902278,
            2.111121615840555,
            1.914298378412121,
            1.7054128050991764,
            1.5756387911278544,
            1.692043855342725,
            1.2438839069653376,
            1.0727013079537029,
            0.9431605761615144,
            0.756446681469467,
            0.6133635324133538,
            0.4277614266986881,
            0.30109169102756644,
            0.19337784092414076,
            -0.03346733890689571,
            0.16342978329917848,
            0.326584050823908,
            0.4637896515988923,
            0.6180528308188453,
            0.7966231520388734,
            0.9047388279451711,
            1.153677534306671,
            1.2530781619755866,
            1.3989633228306524,
            1.582939614510535,
            1.727839841932328,
            1.8901138627666025,
            2.033989460367606,
            2.205011103825921,
            3.3497543626476074,
            2.499346149510678,
            2.6560834348646187,
            3.824332518240734,
            2.961046394667763
        ]
    }
}