{
    "metadata": {
        "qaoaLayers": 3,
        "backend_name": "EMU:15Q:LOGICAL_EARLY"
    },
    "result": {
        "instance_id": 47,
        "sampled_distribution": [
            [
                "0011",
                680
            ],
            [
                "0001",
                644
            ],
            [
                "0111",
                641
            ],
            [
                "1011",
                637
            ],
            [
                "1101",
                635
            ],
            [
                "1010",
                635
            ],
            [
                "1110",
                632
            ],
            [
                "1100",
                627
            ],
            [
                "0100",
                626
            ],
            [
                "0101",
                624
            ],
            [
                "0010",
                617
            ],
            [
                "0110",
                612
            ],
            [
                "1001",
                605
            ],
            [
                "1111",
                600
            ],
            [
                "1000",
                596
            ],
            [
                "0000",
                589
            ]
        ],
        "num_training_loops": 50,
        "final_training_cost": -0.145751953125,
        "optimal_params": [
            3.141438071993283,
            2.094926910340503,
            1.0466555567972218,
            -0.001032739430164422,
            2.046536678519134,
            2.094173603487629
        ]
    }
}