{
    "metadata": {
        "qaoaLayers": 4,
        "backend_name": "aer_simulator"
    },
    "result": {
        "instance_id": 99,
        "sampled_distribution": [
            [
                "1111",
                2188
            ],
            [
                "1011",
                1578
            ],
            [
                "1110",
                1572
            ],
            [
                "1101",
                1539
            ],
            [
                "0111",
                1457
            ],
            [
                "1001",
                784
            ],
            [
                "0110",
                764
            ],
            [
                "0101",
                35
            ],
            [
                "1100",
                31
            ],
            [
                "1010",
                19
            ],
            [
                "0011",
                14
            ],
            [
                "0000",
                12
            ],
            [
                "1000",
                4
            ],
            [
                "0100",
                2
            ],
            [
                "0001",
                1
            ]
        ],
        "num_training_loops": 77,
        "final_training_cost": -8.750732421875,
        "optimal_params": [
            4.346112295395841,
            2.21299934850206,
            1.557170364721768,
            0.6955067249800071,
            -0.2081764511680965,
            1.728957491084665,
            1.5672012253862222,
            2.2364167458672584
        ]
    }
}