{
    "metadata": {
        "qaoaLayers": 20,
        "backend_name": "aer_simulator"
    },
    "result": {
        "instance_id": 49,
        "sampled_distribution": [
            [
                "0001",
                4893
            ],
            [
                "1000",
                4783
            ],
            [
                "1001",
                136
            ],
            [
                "1010",
                48
            ],
            [
                "0101",
                44
            ],
            [
                "1100",
                41
            ],
            [
                "0011",
                37
            ],
            [
                "0000",
                14
            ],
            [
                "1101",
                2
            ],
            [
                "1110",
                1
            ],
            [
                "1011",
                1
            ]
        ],
        "num_training_loops": 360,
        "final_training_cost": -3.449462890625,
        "optimal_params": [
            3.132256715029438,
            3.981336161835582,
            2.7837285100733205,
            3.681941075120215,
            2.500071234479186,
            2.3317924190202137,
            2.2052071862444986,
            2.060527754106233,
            2.855294375711829,
            1.7525509756563054,
            1.5287204036383741,
            1.2817719311692295,
            1.2577131222251126,
            1.0796841379897566,
            0.9247654373048427,
            0.7521840844284028,
            0.6674680582227673,
            0.7603075403454045,
            0.3019497274340521,
            0.1102516444909753,
            1.2712294185696102,
            1.1879994255014228,
            0.2857342203356326,
            1.5267997811218912,
            0.5590440067776093,
            1.874781309183754,
            0.9564500654601211,
            1.097196166548455,
            1.2256802726041574,
            1.3815829719607353,
            1.5863751792565532,
            1.685373221485467,
            1.8581779886987557,
            2.0384151628398235,
            2.1657546471862745,
            2.305753609634714,
            2.4977921276464574,
            2.651044531158203,
            2.8600837686824403,
            2.984588370074077
        ]
    }
}