{
    "metadata": {
        "qaoaLayers": 3,
        "backend_name": "ionq_simulator"
    },
    "result": {
        "instance_id": 32,
        "sampled_distribution": [
            [
                "1111",
                3238
            ],
            [
                "1101",
                1247
            ],
            [
                "1011",
                1201
            ],
            [
                "1110",
                1166
            ],
            [
                "0111",
                1152
            ],
            [
                "0101",
                511
            ],
            [
                "0110",
                494
            ],
            [
                "1010",
                485
            ],
            [
                "1001",
                481
            ],
            [
                "1100",
                13
            ],
            [
                "0011",
                12
            ]
        ],
        "num_training_loops": 56,
        "final_training_cost": -3.855712890625,
        "optimal_params": [
            3.4867373385865115,
            2.0110772847138665,
            0.8120357700482151,
            1.097306806706616,
            1.7023387040831155,
            1.9494717171557523
        ]
    }
}