{
    "metadata": {
        "qaoaLayers": 3,
        "backend_name": "ionq_simulator"
    },
    "result": {
        "instance_id": 36,
        "sampled_distribution": [
            [
                "1011",
                1910
            ],
            [
                "1101",
                1852
            ],
            [
                "1110",
                1849
            ],
            [
                "1111",
                1306
            ],
            [
                "0101",
                621
            ],
            [
                "0011",
                609
            ],
            [
                "0110",
                599
            ],
            [
                "0111",
                434
            ],
            [
                "1010",
                191
            ],
            [
                "1100",
                191
            ],
            [
                "1001",
                142
            ],
            [
                "1000",
                108
            ],
            [
                "0100",
                53
            ],
            [
                "0010",
                51
            ],
            [
                "0000",
                42
            ],
            [
                "0001",
                42
            ]
        ],
        "num_training_loops": 49,
        "final_training_cost": -5.607177734375,
        "optimal_params": [
            3.4141316459687046,
            1.8948858823551393,
            1.3810723414629327,
            0.9665156046766296,
            1.0888999193570552,
            2.100982127695075
        ]
    }
}