{
    "metadata": {
        "qaoaLayers": 20,
        "backend_name": "aer_simulator"
    },
    "result": {
        "instance_id": 59,
        "sampled_distribution": [
            [
                "1011",
                3294
            ],
            [
                "1110",
                3235
            ],
            [
                "0101",
                2650
            ],
            [
                "1111",
                507
            ],
            [
                "0111",
                79
            ],
            [
                "1101",
                57
            ],
            [
                "0011",
                46
            ],
            [
                "1100",
                46
            ],
            [
                "1010",
                44
            ],
            [
                "1001",
                18
            ],
            [
                "0110",
                15
            ],
            [
                "0000",
                6
            ],
            [
                "0001",
                1
            ],
            [
                "1000",
                1
            ],
            [
                "0010",
                1
            ]
        ],
        "num_training_loops": 346,
        "final_training_cost": -6.625732421875,
        "optimal_params": [
            4.140821179979111,
            3.9668877576136485,
            2.933128969943136,
            2.487991316730325,
            2.5443058263464686,
            2.3987157320475765,
            2.2272809387836463,
            2.047247379710277,
            1.887515964496599,
            1.7803177008497701,
            1.5774887948668412,
            1.3840309186193755,
            1.2745652491249513,
            1.1602305960840231,
            0.8804839429486704,
            0.8156481248598375,
            0.6363221681580773,
            0.4615752480989252,
            0.3255246398851075,
            1.164632398421703,
            0.9517883413747534,
            0.1421823069346501,
            0.3411345562003219,
            0.44948721032739547,
            0.6290789801137542,
            0.7948558373731988,
            0.9773465496691162,
            1.0911520417590956,
            1.264768728263359,
            1.4223023571068731,
            1.6155999241240284,
            1.7553580868759473,
            1.9088515480077617,
            2.0468875465431613,
            2.22126256103455,
            2.332255726987004,
            2.5220955562429146,
            2.674258047308027,
            2.7971405142678316,
            2.9701788544126777
        ]
    }
}