{
    "metadata": {
        "qaoaLayers": 2,
        "backend_name": "ionq_simulator"
    },
    "result": {
        "instance_id": 91,
        "sampled_distribution": [
            [
                "1111",
                6522
            ],
            [
                "1011",
                809
            ],
            [
                "1101",
                781
            ],
            [
                "0111",
                739
            ],
            [
                "1110",
                660
            ],
            [
                "1100",
                94
            ],
            [
                "1001",
                92
            ],
            [
                "0101",
                85
            ],
            [
                "1010",
                80
            ],
            [
                "0011",
                72
            ],
            [
                "0110",
                66
            ]
        ],
        "num_training_loops": 42,
        "final_training_cost": -5.606201171875,
        "optimal_params": [
            4.533829298274057,
            1.4186063530858661,
            -0.23838899071493233,
            1.3255357224540736
        ]
    }
}