{
    "metadata": {
        "qaoaLayers": 2,
        "backend_name": "ionq_simulator"
    },
    "result": {
        "instance_id": 13,
        "sampled_distribution": [
            [
                "1111",
                4051
            ],
            [
                "1110",
                1207
            ],
            [
                "0111",
                1104
            ],
            [
                "1101",
                1097
            ],
            [
                "1011",
                907
            ],
            [
                "1010",
                267
            ],
            [
                "1001",
                265
            ],
            [
                "0011",
                239
            ],
            [
                "1100",
                217
            ],
            [
                "0110",
                194
            ],
            [
                "0101",
                189
            ],
            [
                "0100",
                103
            ],
            [
                "0010",
                55
            ],
            [
                "0001",
                47
            ],
            [
                "1000",
                38
            ],
            [
                "0000",
                20
            ]
        ],
        "num_training_loops": 34,
        "final_training_cost": -2.953369140625,
        "optimal_params": [
            5.123674604748079,
            1.4095767414316722,
            -0.25890465051139394,
            1.5688896156884156
        ]
    }
}