{
    "metadata": {
        "qaoaLayers": 2,
        "backend_name": "aer_simulator_from(fake_torino)"
    },
    "result": {
        "instance_id": 76,
        "sampled_distribution": [
            [
                "1111",
                3448
            ],
            [
                "0111",
                1483
            ],
            [
                "1110",
                1464
            ],
            [
                "1101",
                928
            ],
            [
                "1011",
                685
            ],
            [
                "0110",
                456
            ],
            [
                "1100",
                435
            ],
            [
                "0101",
                394
            ],
            [
                "0100",
                174
            ],
            [
                "1001",
                159
            ],
            [
                "0010",
                121
            ],
            [
                "1010",
                83
            ],
            [
                "0011",
                79
            ],
            [
                "0000",
                47
            ],
            [
                "1000",
                23
            ],
            [
                "0001",
                21
            ]
        ],
        "num_training_loops": 40,
        "final_training_cost": -3.375244140625,
        "optimal_params": [
            5.0473561618575715,
            1.22240682983328,
            0.9232142953954019,
            1.6155990983802044
        ]
    }
}