{
    "metadata": {
        "qaoaLayers": 2,
        "backend_name": "aer_simulator"
    },
    "result": {
        "instance_id": 78,
        "sampled_distribution": [
            [
                "1110",
                3897
            ],
            [
                "1111",
                3818
            ],
            [
                "1101",
                704
            ],
            [
                "1011",
                699
            ],
            [
                "0111",
                673
            ],
            [
                "0011",
                42
            ],
            [
                "0101",
                41
            ],
            [
                "1001",
                35
            ],
            [
                "0010",
                26
            ],
            [
                "1000",
                25
            ],
            [
                "0100",
                20
            ],
            [
                "0110",
                9
            ],
            [
                "0001",
                4
            ],
            [
                "1010",
                3
            ],
            [
                "1100",
                3
            ],
            [
                "0000",
                1
            ]
        ],
        "num_training_loops": 48,
        "final_training_cost": -6.015625,
        "optimal_params": [
            5.116369520706442,
            1.182463130268606,
            0.10802669270568933,
            0.7904805475600966
        ]
    }
}