{
    "metadata": {
        "qaoaLayers": 4,
        "backend_name": "ionq_simulator"
    },
    "result": {
        "instance_id": 21,
        "sampled_distribution": [
            [
                "0110",
                3603
            ],
            [
                "0111",
                1272
            ],
            [
                "1110",
                1171
            ],
            [
                "1010",
                628
            ],
            [
                "0101",
                579
            ],
            [
                "1111",
                412
            ],
            [
                "0100",
                324
            ],
            [
                "0010",
                312
            ],
            [
                "1101",
                255
            ],
            [
                "0000",
                238
            ],
            [
                "1011",
                231
            ],
            [
                "1001",
                225
            ],
            [
                "1000",
                206
            ],
            [
                "0011",
                200
            ],
            [
                "1100",
                177
            ],
            [
                "0001",
                167
            ]
        ],
        "num_training_loops": 63,
        "final_training_cost": -4.640380859375,
        "optimal_params": [
            4.193638937171919,
            2.414949215153524,
            1.5321437103747124,
            0.8614146323981097,
            1.0006226343049505,
            0.7532820367373939,
            1.5053977666105391,
            2.310497569074682
        ]
    }
}