{
    "metadata": {
        "qaoaLayers": 20,
        "backend_name": "aer_simulator"
    },
    "result": {
        "instance_id": 97,
        "sampled_distribution": [
            [
                "0011",
                3912
            ],
            [
                "1100",
                3803
            ],
            [
                "1111",
                810
            ],
            [
                "0111",
                363
            ],
            [
                "1011",
                359
            ],
            [
                "1110",
                352
            ],
            [
                "1101",
                351
            ],
            [
                "0101",
                15
            ],
            [
                "1001",
                14
            ],
            [
                "1010",
                10
            ],
            [
                "0110",
                9
            ],
            [
                "0000",
                2
            ]
        ],
        "num_training_loops": 317,
        "final_training_cost": -9.63525390625,
        "optimal_params": [
            4.163753139308046,
            2.9954273435035628,
            2.819381776504042,
            2.6573436479316785,
            3.2668616257445344,
            2.3513880125120106,
            3.185854226839255,
            2.0574412382148934,
            1.8844046365429552,
            1.7289016132280606,
            1.5407268726338372,
            1.404437142901404,
            1.2597749206553814,
            1.0979461563060688,
            0.9752511529259295,
            0.7919844195010367,
            0.6376773814593372,
            0.4504855166977741,
            0.29547480083840016,
            0.16347584157561762,
            0.010700521463287049,
            0.153260210577648,
            0.31434224128472016,
            0.45931333650800227,
            0.6223994235172464,
            0.7810642483093234,
            0.9375203631987964,
            1.095551490073072,
            1.2540917710134512,
            2.4217305111301224,
            1.5544601173916464,
            1.7341491641201046,
            1.8803062264213004,
            2.0393174807146695,
            2.190584336140226,
            2.36035422022758,
            2.516327337214953,
            2.6753979686715206,
            2.828305376099086,
            4.00862546089426
        ]
    }
}