{
    "metadata": {
        "qaoaLayers": 1,
        "backend_name": "aer_simulator"
    },
    "result": {
        "instance_id": 19,
        "sampled_distribution": [
            [
                "1111",
                7319
            ],
            [
                "1110",
                624
            ],
            [
                "0111",
                599
            ],
            [
                "1101",
                591
            ],
            [
                "1011",
                573
            ],
            [
                "1010",
                53
            ],
            [
                "0101",
                48
            ],
            [
                "1001",
                48
            ],
            [
                "1100",
                47
            ],
            [
                "0110",
                43
            ],
            [
                "0011",
                35
            ],
            [
                "0010",
                9
            ],
            [
                "0001",
                5
            ],
            [
                "1000",
                3
            ],
            [
                "0100",
                3
            ]
        ],
        "num_training_loops": 25,
        "final_training_cost": -5.6435546875,
        "optimal_params": [
            3.4178499709259844,
            0.12529561262361083
        ]
    }
}