{
    "metadata": {
        "qaoaLayers": 2,
        "backend_name": "aer_simulator"
    },
    "result": {
        "instance_id": 67,
        "sampled_distribution": [
            [
                "1111",
                7055
            ],
            [
                "1101",
                1091
            ],
            [
                "0111",
                1067
            ],
            [
                "1110",
                215
            ],
            [
                "1011",
                199
            ],
            [
                "0101",
                186
            ],
            [
                "1001",
                55
            ],
            [
                "0110",
                47
            ],
            [
                "0011",
                33
            ],
            [
                "1100",
                31
            ],
            [
                "0001",
                10
            ],
            [
                "0100",
                9
            ],
            [
                "0010",
                1
            ],
            [
                "1010",
                1
            ]
        ],
        "num_training_loops": 36,
        "final_training_cost": -5.73095703125,
        "optimal_params": [
            4.836232052990366,
            1.281294987246924,
            1.0109225001054685,
            1.6518800838809962
        ]
    }
}