{
    "metadata": {
        "qaoaLayers": 3,
        "backend_name": "aer_simulator"
    },
    "result": {
        "instance_id": 2,
        "sampled_distribution": [
            [
                "1111",
                3548
            ],
            [
                "1011",
                1670
            ],
            [
                "1110",
                1592
            ],
            [
                "1101",
                1586
            ],
            [
                "0111",
                1569
            ],
            [
                "0100",
                10
            ],
            [
                "0010",
                9
            ],
            [
                "0001",
                7
            ],
            [
                "1000",
                5
            ],
            [
                "1100",
                1
            ],
            [
                "1001",
                1
            ],
            [
                "0101",
                1
            ],
            [
                "0110",
                1
            ]
        ],
        "num_training_loops": 54,
        "final_training_cost": -13.520263671875,
        "optimal_params": [
            4.530730832228566,
            3.3654003158341665,
            1.4509425245272367,
            -0.12030280294241845,
            0.9843447251954363,
            2.2999709944885893
        ]
    }
}