{
    "metadata": {
        "qaoaLayers": 2,
        "backend_name": "ionq_simulator"
    },
    "result": {
        "instance_id": 100,
        "sampled_distribution": [
            [
                "1111",
                2979
            ],
            [
                "1011",
                2718
            ],
            [
                "0111",
                1302
            ],
            [
                "1101",
                1294
            ],
            [
                "0101",
                406
            ],
            [
                "1110",
                305
            ],
            [
                "1010",
                294
            ],
            [
                "1001",
                177
            ],
            [
                "0011",
                174
            ],
            [
                "0110",
                141
            ],
            [
                "1100",
                126
            ],
            [
                "0100",
                38
            ],
            [
                "0010",
                27
            ],
            [
                "1000",
                19
            ]
        ],
        "num_training_loops": 39,
        "final_training_cost": -3.435546875,
        "optimal_params": [
            5.218692006056699,
            1.818942819935321,
            1.4026285095432252,
            2.6073138363926573
        ]
    }
}