{
    "metadata": {
        "qaoaLayers": 2,
        "backend_name": "aer_simulator_from(fake_torino)"
    },
    "result": {
        "instance_id": 34,
        "sampled_distribution": [
            [
                "1111",
                4435
            ],
            [
                "1110",
                1434
            ],
            [
                "1101",
                1080
            ],
            [
                "1011",
                1078
            ],
            [
                "0111",
                846
            ],
            [
                "0110",
                285
            ],
            [
                "0011",
                217
            ],
            [
                "0101",
                206
            ],
            [
                "1001",
                154
            ],
            [
                "1100",
                75
            ],
            [
                "1010",
                69
            ],
            [
                "1000",
                54
            ],
            [
                "0001",
                27
            ],
            [
                "0000",
                14
            ],
            [
                "0010",
                14
            ],
            [
                "0100",
                12
            ]
        ],
        "num_training_loops": 37,
        "final_training_cost": -3.4130859375,
        "optimal_params": [
            5.044225038530805,
            1.312806679735278,
            0.023852781474678033,
            1.5631334036645184
        ]
    }
}