{
    "metadata": {
        "qaoaLayers": 2,
        "backend_name": "ionq_simulator"
    },
    "result": {
        "instance_id": 84,
        "sampled_distribution": [
            [
                "1111",
                6592
            ],
            [
                "0111",
                857
            ],
            [
                "1011",
                794
            ],
            [
                "1110",
                792
            ],
            [
                "1101",
                518
            ],
            [
                "0110",
                99
            ],
            [
                "1010",
                90
            ],
            [
                "0011",
                87
            ],
            [
                "1001",
                59
            ],
            [
                "0101",
                56
            ],
            [
                "1100",
                56
            ]
        ],
        "num_training_loops": 38,
        "final_training_cost": -5.6357421875,
        "optimal_params": [
            4.573238743571232,
            1.3695375397877252,
            -0.0002676287029411071,
            1.2986706609927074
        ]
    }
}