{
    "metadata": {
        "qaoaLayers": 4,
        "backend_name": "ionq_simulator"
    },
    "result": {
        "instance_id": 3,
        "sampled_distribution": [
            [
                "1100",
                6300
            ],
            [
                "1101",
                929
            ],
            [
                "1110",
                667
            ],
            [
                "1010",
                441
            ],
            [
                "0110",
                420
            ],
            [
                "0100",
                341
            ],
            [
                "1000",
                330
            ],
            [
                "0010",
                110
            ],
            [
                "0000",
                101
            ],
            [
                "1111",
                86
            ],
            [
                "1011",
                76
            ],
            [
                "0111",
                75
            ],
            [
                "0101",
                47
            ],
            [
                "1001",
                44
            ],
            [
                "0001",
                18
            ],
            [
                "0011",
                15
            ]
        ],
        "num_training_loops": 67,
        "final_training_cost": -3.900634765625,
        "optimal_params": [
            3.1312132366311953,
            2.278102058287263,
            1.5760159833493463,
            0.8006828378099913,
            -0.07579545393871837,
            2.0711095004655715,
            1.4835114678076882,
            2.2171818919375665
        ]
    }
}