{
    "metadata": {
        "qaoaLayers": 4,
        "backend_name": "aer_simulator"
    },
    "result": {
        "instance_id": 59,
        "sampled_distribution": [
            [
                "0101",
                3608
            ],
            [
                "0111",
                1796
            ],
            [
                "1101",
                1693
            ],
            [
                "1111",
                553
            ],
            [
                "1100",
                460
            ],
            [
                "0011",
                458
            ],
            [
                "1110",
                417
            ],
            [
                "1011",
                349
            ],
            [
                "0110",
                142
            ],
            [
                "1001",
                138
            ],
            [
                "0001",
                126
            ],
            [
                "0100",
                111
            ],
            [
                "1010",
                91
            ],
            [
                "0010",
                26
            ],
            [
                "1000",
                25
            ],
            [
                "0000",
                7
            ]
        ],
        "num_training_loops": 77,
        "final_training_cost": -6.23486328125,
        "optimal_params": [
            4.19947349786834,
            2.3592414806088615,
            1.5523209611282112,
            0.9108552675163494,
            0.9964789821665622,
            0.7637399264970656,
            1.540311168614375,
            2.3325867424309803
        ]
    }
}