{
    "metadata": {
        "qaoaLayers": 3,
        "backend_name": "ionq_simulator"
    },
    "result": {
        "instance_id": 37,
        "sampled_distribution": [
            [
                "1111",
                7288
            ],
            [
                "1011",
                672
            ],
            [
                "0111",
                430
            ],
            [
                "1110",
                423
            ],
            [
                "1101",
                303
            ],
            [
                "1010",
                215
            ],
            [
                "0011",
                186
            ],
            [
                "1001",
                183
            ],
            [
                "0110",
                171
            ],
            [
                "0010",
                38
            ],
            [
                "0101",
                18
            ],
            [
                "1000",
                18
            ],
            [
                "1100",
                18
            ],
            [
                "0001",
                17
            ],
            [
                "0100",
                13
            ],
            [
                "0000",
                7
            ]
        ],
        "num_training_loops": 54,
        "final_training_cost": -7.36279296875,
        "optimal_params": [
            3.118524426201308,
            1.4932556865261182,
            1.6063281677543229,
            0.8254160033988932,
            0.6510461642047588,
            2.2650223298199674
        ]
    }
}