{
    "metadata": {
        "qaoaLayers": 2,
        "backend_name": "aer_simulator"
    },
    "result": {
        "instance_id": 74,
        "sampled_distribution": [
            [
                "1111",
                6804
            ],
            [
                "1011",
                1003
            ],
            [
                "1110",
                965
            ],
            [
                "0111",
                571
            ],
            [
                "1101",
                515
            ],
            [
                "1010",
                42
            ],
            [
                "0101",
                39
            ],
            [
                "1001",
                17
            ],
            [
                "1100",
                14
            ],
            [
                "0011",
                13
            ],
            [
                "0110",
                13
            ],
            [
                "1000",
                3
            ],
            [
                "0010",
                1
            ]
        ],
        "num_training_loops": 54,
        "final_training_cost": -10.743896484375,
        "optimal_params": [
            4.419421910443447,
            1.3859729188732126,
            1.2374393223903295,
            3.084471736325802
        ]
    }
}