{
    "metadata": {
        "qaoaLayers": 3,
        "backend_name": "aer_simulator"
    },
    "result": {
        "instance_id": 12,
        "sampled_distribution": [
            [
                "1111",
                5595
            ],
            [
                "1011",
                1156
            ],
            [
                "1101",
                1125
            ],
            [
                "1110",
                670
            ],
            [
                "0111",
                660
            ],
            [
                "1001",
                350
            ],
            [
                "0100",
                86
            ],
            [
                "0000",
                84
            ],
            [
                "0010",
                68
            ],
            [
                "0011",
                38
            ],
            [
                "0101",
                37
            ],
            [
                "1100",
                37
            ],
            [
                "1010",
                30
            ],
            [
                "0001",
                29
            ],
            [
                "1000",
                26
            ],
            [
                "0110",
                9
            ]
        ],
        "num_training_loops": 62,
        "final_training_cost": -10.0615234375,
        "optimal_params": [
            3.268043133415749,
            2.025089239750443,
            0.891549652446782,
            -0.014442847526914286,
            1.0829719086918546,
            1.9427860056226505
        ]
    }
}