{
    "metadata": {
        "qaoaLayers": 20,
        "backend_name": "aer_simulator"
    },
    "result": {
        "instance_id": 88,
        "sampled_distribution": [
            [
                "1010",
                2144
            ],
            [
                "0110",
                2142
            ],
            [
                "1100",
                2009
            ],
            [
                "1110",
                1052
            ],
            [
                "0111",
                775
            ],
            [
                "1101",
                771
            ],
            [
                "1011",
                689
            ],
            [
                "1111",
                409
            ],
            [
                "0001",
                5
            ],
            [
                "0000",
                2
            ],
            [
                "0101",
                1
            ],
            [
                "1000",
                1
            ]
        ],
        "num_training_loops": 363,
        "final_training_cost": -7.091796875,
        "optimal_params": [
            3.1665150339907595,
            3.9719697375080396,
            2.805989047016532,
            2.674797068374759,
            2.5340987948091604,
            2.3557161685414862,
            2.197682860747807,
            2.080349466057654,
            2.842494526533707,
            1.72661578582533,
            1.560847432743637,
            1.3669559557525985,
            1.2630119725897595,
            1.0938002814693801,
            1.914954965870516,
            0.7731839972276849,
            0.632225694147809,
            0.47187847218711304,
            0.3387596453656729,
            0.07460641515853929,
            0.9732163381583173,
            0.1822085949696402,
            0.29544329186788865,
            0.489732071681679,
            0.6325746923063913,
            0.7782582039827795,
            0.9419205059777032,
            1.1057521723592514,
            1.260580159860402,
            1.4248560896190303,
            1.5725860154324107,
            1.7325702901415492,
            1.9013916434902323,
            2.0449576709758412,
            2.1968507140804627,
            2.3504853427057735,
            2.514201581798736,
            2.66505671787367,
            2.819598769454328,
            3.986442422441772
        ]
    }
}