{
    "metadata": {
        "qaoaLayers": 20,
        "backend_name": "aer_simulator"
    },
    "result": {
        "instance_id": 38,
        "sampled_distribution": [
            [
                "1110",
                2676
            ],
            [
                "0111",
                2618
            ],
            [
                "0110",
                1836
            ],
            [
                "1111",
                970
            ],
            [
                "1101",
                831
            ],
            [
                "1011",
                799
            ],
            [
                "0010",
                73
            ],
            [
                "1001",
                73
            ],
            [
                "0100",
                60
            ],
            [
                "0011",
                17
            ],
            [
                "1010",
                11
            ],
            [
                "1000",
                11
            ],
            [
                "1100",
                9
            ],
            [
                "0101",
                8
            ],
            [
                "0001",
                7
            ],
            [
                "0000",
                1
            ]
        ],
        "num_training_loops": 328,
        "final_training_cost": -11.2080078125,
        "optimal_params": [
            4.130189367456017,
            3.005102181916982,
            2.8815044852664844,
            2.6713959826316303,
            3.524744815621216,
            2.3906103678357296,
            2.179659590700644,
            3.025979237769859,
            1.8836523121862274,
            1.7073747636385501,
            2.49515500431474,
            1.4983550203731792,
            1.4370416431324253,
            1.2571760761503983,
            0.9561035546894364,
            0.7716488376772384,
            0.6031210524965087,
            0.46894095479125325,
            0.33088906804726403,
            0.13094113683754208,
            0.015233114121968119,
            0.15289497664817384,
            0.3119729787846904,
            0.4682213173829758,
            0.6319769486157544,
            0.779316811914605,
            0.9332970641140402,
            1.0932534665888964,
            1.2843743045942961,
            1.4093530502926301,
            1.5230395909917787,
            1.7243662733247989,
            1.8813160608627433,
            2.0762662605278615,
            2.1921112446999467,
            2.35106935704014,
            2.5138457001723378,
            2.6683899159701747,
            2.8264155289256188,
            2.9730952261982373
        ]
    }
}