{
    "metadata": {
        "qaoaLayers": 20,
        "backend_name": "aer_simulator"
    },
    "result": {
        "instance_id": 30,
        "sampled_distribution": [
            [
                "1011",
                1977
            ],
            [
                "1100",
                1374
            ],
            [
                "0101",
                1258
            ],
            [
                "0111",
                1060
            ],
            [
                "1110",
                1041
            ],
            [
                "1101",
                1036
            ],
            [
                "1111",
                969
            ],
            [
                "0100",
                357
            ],
            [
                "1001",
                352
            ],
            [
                "0110",
                152
            ],
            [
                "1010",
                142
            ],
            [
                "0011",
                118
            ],
            [
                "0010",
                111
            ],
            [
                "0000",
                19
            ],
            [
                "0001",
                18
            ],
            [
                "1000",
                16
            ]
        ],
        "num_training_loops": 320,
        "final_training_cost": -7.515625,
        "optimal_params": [
            4.200629440173613,
            3.9904912547988562,
            3.828897361435203,
            2.6267992055984313,
            2.65586336948065,
            2.31347329020974,
            3.2038261997955138,
            1.9517782468205296,
            1.7879377183373817,
            1.6526446877559293,
            1.599587735179503,
            1.3468891842576003,
            1.1866963878886119,
            1.0198766039676954,
            0.9260252521412242,
            0.6317277216324927,
            0.6204811063029931,
            0.3150033013669135,
            0.5286749101345084,
            0.1040047415086069,
            1.0678919232009427,
            0.11345143933637952,
            0.294397952235264,
            0.45662469873534994,
            0.6283313189012238,
            0.7478011154793847,
            0.9319345834893304,
            1.089209052680855,
            1.174181584022347,
            1.3684200608346373,
            1.5494350419929757,
            1.6792381408760773,
            1.8554826139920801,
            2.006986159055517,
            2.1640334415653713,
            3.3797678916592884,
            2.4945961872288485,
            2.6507210808983563,
            3.832926425305823,
            2.8626333465414295
        ]
    }
}