{
    "metadata": {
        "qaoaLayers": 1,
        "backend_name": "aer_simulator_from(fake_torino)"
    },
    "result": {
        "instance_id": 60,
        "sampled_distribution": [
            [
                "1111",
                8107
            ],
            [
                "1110",
                552
            ],
            [
                "0111",
                402
            ],
            [
                "1101",
                400
            ],
            [
                "1011",
                358
            ],
            [
                "1010",
                47
            ],
            [
                "0110",
                37
            ],
            [
                "0101",
                26
            ],
            [
                "1100",
                22
            ],
            [
                "1001",
                18
            ],
            [
                "0011",
                15
            ],
            [
                "0010",
                7
            ],
            [
                "1000",
                4
            ],
            [
                "0100",
                3
            ],
            [
                "0001",
                2
            ]
        ],
        "num_training_loops": 22,
        "final_training_cost": -5.579833984375,
        "optimal_params": [
            2.9562915146434317,
            0.999045179704394
        ]
    }
}