{
    "metadata": {
        "qaoaLayers": 2,
        "backend_name": "ionq_simulator"
    },
    "result": {
        "instance_id": 65,
        "sampled_distribution": [
            [
                "1111",
                7767
            ],
            [
                "1110",
                546
            ],
            [
                "0111",
                523
            ],
            [
                "1011",
                492
            ],
            [
                "1101",
                492
            ],
            [
                "0011",
                37
            ],
            [
                "0101",
                32
            ],
            [
                "0110",
                32
            ],
            [
                "1100",
                30
            ],
            [
                "1010",
                26
            ],
            [
                "1001",
                23
            ]
        ],
        "num_training_loops": 48,
        "final_training_cost": -8.153564453125,
        "optimal_params": [
            4.642628150402124,
            1.770008934382676,
            -0.10294803905335811,
            1.2012295842704137
        ]
    }
}