{
    "metadata": {
        "qaoaLayers": 4,
        "backend_name": "ionq_simulator"
    },
    "result": {
        "instance_id": 36,
        "sampled_distribution": [
            [
                "1111",
                3574
            ],
            [
                "1110",
                2164
            ],
            [
                "1101",
                2041
            ],
            [
                "1011",
                1983
            ],
            [
                "1100",
                66
            ],
            [
                "1001",
                57
            ],
            [
                "1010",
                50
            ],
            [
                "0111",
                22
            ],
            [
                "1000",
                14
            ],
            [
                "0011",
                11
            ],
            [
                "0110",
                11
            ],
            [
                "0101",
                7
            ]
        ],
        "num_training_loops": 79,
        "final_training_cost": -5.94775390625,
        "optimal_params": [
            4.100704820989022,
            2.208313989153756,
            1.489279577047346,
            0.7325900163259772,
            0.00957908146289872,
            1.796392413794983,
            1.535146556530369,
            2.6090362269185046
        ]
    }
}