{
    "metadata": {
        "qaoaLayers": 4,
        "backend_name": "EMU:15Q:LOGICAL_EARLY"
    },
    "result": {
        "instance_id": 67,
        "sampled_distribution": [
            [
                "0101",
                667
            ],
            [
                "1010",
                667
            ],
            [
                "0000",
                657
            ],
            [
                "0001",
                653
            ],
            [
                "1011",
                652
            ],
            [
                "1000",
                645
            ],
            [
                "1101",
                638
            ],
            [
                "0011",
                629
            ],
            [
                "0110",
                624
            ],
            [
                "1111",
                618
            ],
            [
                "0100",
                610
            ],
            [
                "0010",
                599
            ],
            [
                "1110",
                597
            ],
            [
                "1100",
                587
            ],
            [
                "1001",
                580
            ],
            [
                "0111",
                577
            ]
        ],
        "num_training_loops": 59,
        "final_training_cost": 0.060791015625,
        "optimal_params": [
            4.2195339608984055,
            2.502045500738312,
            1.4422224750416759,
            0.7786527099868161,
            0.09716642204720516,
            0.7691703360718595,
            1.6299192613325117,
            2.283920280991983
        ]
    }
}