{
    "metadata": {
        "qaoaLayers": 1,
        "backend_name": "EMU:15Q:LOGICAL_EARLY"
    },
    "result": {
        "instance_id": 21,
        "sampled_distribution": [
            [
                "1111",
                966
            ],
            [
                "0011",
                850
            ],
            [
                "0111",
                850
            ],
            [
                "1011",
                831
            ],
            [
                "0101",
                828
            ],
            [
                "1001",
                782
            ],
            [
                "0001",
                775
            ],
            [
                "1101",
                773
            ],
            [
                "0110",
                465
            ],
            [
                "1110",
                452
            ],
            [
                "1010",
                441
            ],
            [
                "1100",
                409
            ],
            [
                "0100",
                401
            ],
            [
                "0000",
                398
            ],
            [
                "0010",
                391
            ],
            [
                "1000",
                388
            ]
        ],
        "num_training_loops": 19,
        "final_training_cost": -0.901611328125,
        "optimal_params": [
            3.1413444189860167,
            0.0009686999439908714
        ]
    }
}