{
    "metadata": {
        "qaoaLayers": 1,
        "backend_name": "aer_simulator"
    },
    "result": {
        "instance_id": 68,
        "sampled_distribution": [
            [
                "1111",
                6159
            ],
            [
                "1011",
                811
            ],
            [
                "1101",
                797
            ],
            [
                "0111",
                792
            ],
            [
                "1110",
                783
            ],
            [
                "0110",
                105
            ],
            [
                "0101",
                104
            ],
            [
                "1001",
                101
            ],
            [
                "1100",
                101
            ],
            [
                "0011",
                92
            ],
            [
                "1010",
                91
            ],
            [
                "0001",
                23
            ],
            [
                "0100",
                16
            ],
            [
                "1000",
                13
            ],
            [
                "0010",
                12
            ]
        ],
        "num_training_loops": 23,
        "final_training_cost": -3.208251953125,
        "optimal_params": [
            3.4860337040947185,
            -0.057293602969465875
        ]
    }
}