{
    "metadata": {
        "qaoaLayers": 2,
        "backend_name": "EMU:15Q:LOGICAL_EARLY"
    },
    "result": {
        "instance_id": 2,
        "sampled_distribution": [
            [
                "1111",
                728
            ],
            [
                "0011",
                689
            ],
            [
                "0101",
                667
            ],
            [
                "1011",
                647
            ],
            [
                "0111",
                644
            ],
            [
                "1101",
                640
            ],
            [
                "0110",
                637
            ],
            [
                "1001",
                624
            ],
            [
                "1100",
                614
            ],
            [
                "1110",
                613
            ],
            [
                "0010",
                607
            ],
            [
                "1000",
                598
            ],
            [
                "0000",
                582
            ],
            [
                "0001",
                580
            ],
            [
                "1010",
                568
            ],
            [
                "0100",
                562
            ]
        ],
        "num_training_loops": 30,
        "final_training_cost": -0.264892578125,
        "optimal_params": [
            4.141794975825908,
            1.5709445946503784,
            6.598672676671337e-05,
            1.5717621052931532
        ]
    }
}