{
    "metadata": {
        "qaoaLayers": 1,
        "backend_name": "aer_simulator"
    },
    "result": {
        "instance_id": 7,
        "sampled_distribution": [
            [
                "1111",
                8270
            ],
            [
                "1101",
                413
            ],
            [
                "1110",
                410
            ],
            [
                "1011",
                399
            ],
            [
                "0111",
                389
            ],
            [
                "1100",
                25
            ],
            [
                "0101",
                22
            ],
            [
                "1010",
                21
            ],
            [
                "0110",
                20
            ],
            [
                "0011",
                14
            ],
            [
                "1001",
                14
            ],
            [
                "0100",
                2
            ],
            [
                "0010",
                1
            ]
        ],
        "num_training_loops": 21,
        "final_training_cost": -10.587158203125,
        "optimal_params": [
            3.3561842384621143,
            0.16306532201931476
        ]
    }
}