{
    "metadata": {
        "qaoaLayers": 2,
        "backend_name": "ionq_simulator"
    },
    "result": {
        "instance_id": 32,
        "sampled_distribution": [
            [
                "1111",
                5198
            ],
            [
                "1110",
                962
            ],
            [
                "1101",
                956
            ],
            [
                "1011",
                951
            ],
            [
                "0111",
                946
            ],
            [
                "0101",
                180
            ],
            [
                "1010",
                174
            ],
            [
                "0110",
                172
            ],
            [
                "1001",
                168
            ],
            [
                "1100",
                110
            ],
            [
                "0011",
                94
            ],
            [
                "0100",
                26
            ],
            [
                "0010",
                22
            ],
            [
                "0001",
                21
            ],
            [
                "1000",
                20
            ]
        ],
        "num_training_loops": 35,
        "final_training_cost": -3.29833984375,
        "optimal_params": [
            4.3851989048497355,
            1.5006133557323913,
            0.024194105740424642,
            1.3614766986955438
        ]
    }
}