{
    "metadata": {
        "qaoaLayers": 3,
        "backend_name": "aer_simulator_from(fake_torino)"
    },
    "result": {
        "instance_id": 44,
        "sampled_distribution": [
            [
                "1100",
                2515
            ],
            [
                "0100",
                2336
            ],
            [
                "1000",
                2108
            ],
            [
                "1101",
                507
            ],
            [
                "1110",
                472
            ],
            [
                "0101",
                399
            ],
            [
                "0110",
                388
            ],
            [
                "1010",
                360
            ],
            [
                "1001",
                344
            ],
            [
                "0000",
                238
            ],
            [
                "1111",
                96
            ],
            [
                "1011",
                76
            ],
            [
                "0111",
                74
            ],
            [
                "0001",
                44
            ],
            [
                "0010",
                34
            ],
            [
                "0011",
                9
            ]
        ],
        "num_training_loops": 60,
        "final_training_cost": -2.55615234375,
        "optimal_params": [
            2.7547047807627743,
            1.7717141817764728,
            0.7396565955521602,
            1.2857159597491272,
            1.1562851959797666,
            1.5453251618222326
        ]
    }
}