{
    "metadata": {
        "qaoaLayers": 2,
        "backend_name": "aer_simulator"
    },
    "result": {
        "instance_id": 20,
        "sampled_distribution": [
            [
                "1111",
                7031
            ],
            [
                "1110",
                1078
            ],
            [
                "1011",
                1070
            ],
            [
                "1101",
                242
            ],
            [
                "0111",
                215
            ],
            [
                "1010",
                163
            ],
            [
                "0011",
                62
            ],
            [
                "1100",
                47
            ],
            [
                "0110",
                36
            ],
            [
                "1001",
                25
            ],
            [
                "0101",
                17
            ],
            [
                "0010",
                6
            ],
            [
                "1000",
                6
            ],
            [
                "0001",
                1
            ],
            [
                "0100",
                1
            ]
        ],
        "num_training_loops": 33,
        "final_training_cost": -5.730224609375,
        "optimal_params": [
            4.832064861269608,
            1.2816953666183595,
            0.0011321194697476175,
            1.6395887583796658
        ]
    }
}