{
    "metadata": {
        "qaoaLayers": 20,
        "backend_name": "aer_simulator"
    },
    "result": {
        "instance_id": 28,
        "sampled_distribution": [
            [
                "0011",
                3503
            ],
            [
                "1100",
                3377
            ],
            [
                "1111",
                805
            ],
            [
                "1101",
                526
            ],
            [
                "0111",
                519
            ],
            [
                "1110",
                518
            ],
            [
                "1011",
                484
            ],
            [
                "0101",
                61
            ],
            [
                "0110",
                53
            ],
            [
                "1010",
                48
            ],
            [
                "1001",
                47
            ],
            [
                "0001",
                15
            ],
            [
                "0010",
                13
            ],
            [
                "0000",
                12
            ],
            [
                "1000",
                11
            ],
            [
                "0100",
                8
            ]
        ],
        "num_training_loops": 322,
        "final_training_cost": -9.274169921875,
        "optimal_params": [
            4.107789297713224,
            2.9334861422657643,
            2.886603439895913,
            2.5816600241753056,
            3.3058349237608327,
            3.3233934519066417,
            2.1900516326307113,
            2.0332255226529723,
            1.8559093053086213,
            1.7055587924417088,
            1.5657885986003766,
            1.4204627625803063,
            1.2418434887343222,
            1.1168426297014247,
            1.9639977022308848,
            0.7692396677681913,
            0.5966214395383203,
            0.4661610931988113,
            0.30673267690095896,
            0.10890838885089527,
            -0.5020370663639654,
            0.14081732832613708,
            0.2733949210288086,
            0.47028059172170744,
            0.6325496639604116,
            1.7833066245825002,
            0.8947794811810926,
            1.079679738173537,
            1.2896270613000174,
            1.379067921478461,
            1.1582399594457868,
            2.0295430763449467,
            1.852805901245123,
            2.05951534315675,
            2.1590359630724776,
            3.347377390275991,
            2.500729968400107,
            3.709818051247113,
            3.827817425281227,
            2.97177709021085
        ]
    }
}