{
    "metadata": {
        "qaoaLayers": 3,
        "backend_name": "aer_simulator"
    },
    "result": {
        "instance_id": 42,
        "sampled_distribution": [
            [
                "1111",
                6759
            ],
            [
                "0111",
                1470
            ],
            [
                "1110",
                799
            ],
            [
                "1101",
                771
            ],
            [
                "1011",
                93
            ],
            [
                "0101",
                43
            ],
            [
                "0110",
                34
            ],
            [
                "1001",
                10
            ],
            [
                "1010",
                7
            ],
            [
                "0011",
                7
            ],
            [
                "0100",
                5
            ],
            [
                "1100",
                2
            ]
        ],
        "num_training_loops": 59,
        "final_training_cost": -8.22900390625,
        "optimal_params": [
            3.1978360226496005,
            1.7785893185726147,
            1.7447044920863417,
            1.019485743874964,
            0.9124508433336955,
            2.385163456051515
        ]
    }
}