{
    "metadata": {
        "qaoaLayers": 20,
        "backend_name": "aer_simulator"
    },
    "result": {
        "instance_id": 68,
        "sampled_distribution": [
            [
                "0100",
                9664
            ],
            [
                "0111",
                144
            ],
            [
                "0011",
                139
            ],
            [
                "1100",
                27
            ],
            [
                "0001",
                11
            ],
            [
                "0110",
                5
            ],
            [
                "0010",
                5
            ],
            [
                "0101",
                2
            ],
            [
                "1111",
                1
            ],
            [
                "0000",
                1
            ],
            [
                "1011",
                1
            ]
        ],
        "num_training_loops": 402,
        "final_training_cost": -5.931640625,
        "optimal_params": [
            4.195795277582608,
            4.04094880990717,
            3.7864497912302473,
            2.8322072690739533,
            2.449499836941216,
            2.424332287288499,
            2.239560746778705,
            2.011449636451573,
            1.8860909626024183,
            1.642654885408159,
            1.5847971044208327,
            1.4107790053944298,
            1.5190172675414144,
            1.285275097097872,
            0.6456324027327697,
            0.8354914234162506,
            0.6661317679854831,
            0.3383465272065428,
            0.2954551319897285,
            0.1530905299673857,
            0.9147675124927627,
            -0.1634019070678942,
            0.34514786185429075,
            0.5749231514542679,
            0.8066240636226814,
            0.605531713681922,
            1.1814140210559951,
            1.3554098540474724,
            1.2968965149588292,
            1.4755280931620156,
            1.5331109186212493,
            1.7042144991027313,
            1.917863179650761,
            2.048665518604107,
            2.306261287139978,
            2.4238746044326853,
            2.440449091008695,
            2.6497300844769156,
            2.876163443428821,
            3.003610622660382
        ]
    }
}