{
    "metadata": {
        "qaoaLayers": 2,
        "backend_name": "aer_simulator_from(fake_torino)"
    },
    "result": {
        "instance_id": 62,
        "sampled_distribution": [
            [
                "1111",
                8084
            ],
            [
                "1110",
                535
            ],
            [
                "0111",
                362
            ],
            [
                "1011",
                356
            ],
            [
                "1101",
                267
            ],
            [
                "1010",
                157
            ],
            [
                "1100",
                58
            ],
            [
                "0011",
                52
            ],
            [
                "1001",
                45
            ],
            [
                "0110",
                44
            ],
            [
                "0101",
                15
            ],
            [
                "0010",
                12
            ],
            [
                "1000",
                9
            ],
            [
                "0100",
                3
            ],
            [
                "0001",
                1
            ]
        ],
        "num_training_loops": 35,
        "final_training_cost": -10.3095703125,
        "optimal_params": [
            4.616271696219837,
            1.6118070302811003,
            1.226752057234916,
            1.1028637277200124
        ]
    }
}