{
    "metadata": {
        "qaoaLayers": 1,
        "backend_name": "ionq_simulator"
    },
    "result": {
        "instance_id": 31,
        "sampled_distribution": [
            [
                "1111",
                7847
            ],
            [
                "1011",
                509
            ],
            [
                "1110",
                439
            ],
            [
                "0111",
                429
            ],
            [
                "1101",
                380
            ],
            [
                "0011",
                105
            ],
            [
                "1010",
                85
            ],
            [
                "1001",
                70
            ],
            [
                "0110",
                67
            ],
            [
                "0101",
                22
            ],
            [
                "1100",
                17
            ],
            [
                "0010",
                11
            ],
            [
                "0001",
                9
            ],
            [
                "1000",
                7
            ],
            [
                "0100",
                2
            ],
            [
                "0000",
                1
            ]
        ],
        "num_training_loops": 25,
        "final_training_cost": -7.889404296875,
        "optimal_params": [
            3.3339898506553007,
            1.3506378781749881
        ]
    }
}