{
    "metadata": {
        "qaoaLayers": 4,
        "backend_name": "ionq_simulator"
    },
    "result": {
        "instance_id": 76,
        "sampled_distribution": [
            [
                "1001",
                6383
            ],
            [
                "1011",
                938
            ],
            [
                "1101",
                847
            ],
            [
                "0101",
                357
            ],
            [
                "1100",
                336
            ],
            [
                "1000",
                308
            ],
            [
                "0001",
                268
            ],
            [
                "1111",
                132
            ],
            [
                "0000",
                114
            ],
            [
                "0100",
                88
            ],
            [
                "1110",
                57
            ],
            [
                "1010",
                48
            ],
            [
                "0111",
                47
            ],
            [
                "0011",
                45
            ],
            [
                "0010",
                20
            ],
            [
                "0110",
                12
            ]
        ],
        "num_training_loops": 69,
        "final_training_cost": -3.9599609375,
        "optimal_params": [
            3.071575303968153,
            2.3180837695668566,
            1.6339562069562588,
            0.7252271865182719,
            0.008750730282468578,
            0.8007353994099852,
            1.4838495479800133,
            2.234774664346306
        ]
    }
}