{
    "metadata": {
        "qaoaLayers": 4,
        "backend_name": "ionq_simulator"
    },
    "result": {
        "instance_id": 14,
        "sampled_distribution": [
            [
                "1111",
                3113
            ],
            [
                "1110",
                1571
            ],
            [
                "1101",
                1169
            ],
            [
                "1011",
                1168
            ],
            [
                "1010",
                720
            ],
            [
                "1100",
                666
            ],
            [
                "1001",
                626
            ],
            [
                "0111",
                297
            ],
            [
                "1000",
                285
            ],
            [
                "0110",
                141
            ],
            [
                "0011",
                102
            ],
            [
                "0101",
                93
            ],
            [
                "0100",
                22
            ],
            [
                "0010",
                18
            ],
            [
                "0000",
                9
            ]
        ],
        "num_training_loops": 78,
        "final_training_cost": -7.616455078125,
        "optimal_params": [
            4.125917030012586,
            2.3063548597936907,
            1.7283361516640563,
            1.0926213630719608,
            -0.18244217038919416,
            0.6637166607310927,
            1.363086879094203,
            2.344620114706947
        ]
    }
}