{
    "metadata": {
        "qaoaLayers": 2,
        "backend_name": "ionq_simulator"
    },
    "result": {
        "instance_id": 10,
        "sampled_distribution": [
            [
                "1111",
                7084
            ],
            [
                "1101",
                779
            ],
            [
                "0111",
                749
            ],
            [
                "1110",
                720
            ],
            [
                "1011",
                302
            ],
            [
                "0110",
                83
            ],
            [
                "1100",
                72
            ],
            [
                "0101",
                69
            ],
            [
                "1001",
                60
            ],
            [
                "1010",
                45
            ],
            [
                "0011",
                37
            ]
        ],
        "num_training_loops": 40,
        "final_training_cost": -5.696533203125,
        "optimal_params": [
            5.06137924178152,
            1.2932273884772225,
            1.2467150539609868,
            1.277857491975843
        ]
    }
}