{
    "metadata": {
        "qaoaLayers": 4,
        "backend_name": "aer_simulator_from(fake_torino)"
    },
    "result": {
        "instance_id": 31,
        "sampled_distribution": [
            [
                "1111",
                3617
            ],
            [
                "1101",
                1644
            ],
            [
                "1011",
                1451
            ],
            [
                "1001",
                700
            ],
            [
                "0111",
                552
            ],
            [
                "1110",
                425
            ],
            [
                "0011",
                312
            ],
            [
                "1100",
                259
            ],
            [
                "0101",
                258
            ],
            [
                "1010",
                235
            ],
            [
                "0110",
                144
            ],
            [
                "0001",
                112
            ],
            [
                "1000",
                99
            ],
            [
                "0010",
                88
            ],
            [
                "0100",
                78
            ],
            [
                "0000",
                26
            ]
        ],
        "num_training_loops": 64,
        "final_training_cost": -6.76611328125,
        "optimal_params": [
            4.1151900533791945,
            2.3054761583178385,
            1.6268123978859812,
            1.1883979223247685,
            -0.11025164675151138,
            0.6558992940469544,
            1.5358175567175498,
            2.2425636145195917
        ]
    }
}