{
    "metadata": {
        "qaoaLayers": 3,
        "backend_name": "ionq_simulator"
    },
    "result": {
        "instance_id": 64,
        "sampled_distribution": [
            [
                "1111",
                6054
            ],
            [
                "1101",
                665
            ],
            [
                "1110",
                661
            ],
            [
                "0111",
                620
            ],
            [
                "1011",
                593
            ],
            [
                "0110",
                227
            ],
            [
                "0101",
                217
            ],
            [
                "1100",
                210
            ],
            [
                "1001",
                198
            ],
            [
                "1010",
                194
            ],
            [
                "0011",
                178
            ],
            [
                "1000",
                51
            ],
            [
                "0001",
                41
            ],
            [
                "0010",
                41
            ],
            [
                "0100",
                35
            ],
            [
                "0000",
                15
            ]
        ],
        "num_training_loops": 55,
        "final_training_cost": -11.659912109375,
        "optimal_params": [
            3.1363013639491206,
            2.0155095714610503,
            1.8915801784504493,
            -0.1681679768004936,
            0.9274778377498348,
            3.1331832931755974
        ]
    }
}