{
    "metadata": {
        "qaoaLayers": 3,
        "backend_name": "EMU:15Q:LOGICAL_EARLY"
    },
    "result": {
        "instance_id": 38,
        "sampled_distribution": [
            [
                "1001",
                686
            ],
            [
                "1100",
                668
            ],
            [
                "1000",
                662
            ],
            [
                "1111",
                651
            ],
            [
                "0011",
                643
            ],
            [
                "0000",
                630
            ],
            [
                "0101",
                623
            ],
            [
                "1110",
                622
            ],
            [
                "0010",
                617
            ],
            [
                "1011",
                616
            ],
            [
                "0100",
                611
            ],
            [
                "0111",
                607
            ],
            [
                "0001",
                603
            ],
            [
                "1010",
                595
            ],
            [
                "0110",
                592
            ],
            [
                "1101",
                574
            ]
        ],
        "num_training_loops": 41,
        "final_training_cost": 0.209716796875,
        "optimal_params": [
            3.1411456930908916,
            2.09492170043938,
            2.0477390789783723,
            0.0003426927926468226,
            2.0468785749032157,
            3.0942927097866693
        ]
    }
}