{
    "metadata": {
        "qaoaLayers": 1,
        "backend_name": "ionq_simulator"
    },
    "result": {
        "instance_id": 92,
        "sampled_distribution": [
            [
                "1111",
                7772
            ],
            [
                "1110",
                545
            ],
            [
                "1101",
                522
            ],
            [
                "1011",
                509
            ],
            [
                "0111",
                478
            ],
            [
                "0011",
                34
            ],
            [
                "0101",
                29
            ],
            [
                "0110",
                29
            ],
            [
                "1010",
                29
            ],
            [
                "1100",
                28
            ],
            [
                "1001",
                25
            ]
        ],
        "num_training_loops": 21,
        "final_training_cost": -8.128173828125,
        "optimal_params": [
            3.3937817918808824,
            0.03215689062473733
        ]
    }
}