{
    "metadata": {
        "qaoaLayers": 2,
        "backend_name": "ionq_simulator"
    },
    "result": {
        "instance_id": 19,
        "sampled_distribution": [
            [
                "1111",
                6383
            ],
            [
                "1101",
                1020
            ],
            [
                "1011",
                1016
            ],
            [
                "1110",
                426
            ],
            [
                "0111",
                421
            ],
            [
                "0101",
                189
            ],
            [
                "1010",
                174
            ],
            [
                "1001",
                144
            ],
            [
                "1100",
                66
            ],
            [
                "0011",
                54
            ],
            [
                "0001",
                36
            ],
            [
                "0110",
                24
            ],
            [
                "1000",
                18
            ],
            [
                "0010",
                15
            ],
            [
                "0100",
                8
            ],
            [
                "0000",
                6
            ]
        ],
        "num_training_loops": 40,
        "final_training_cost": -5.382080078125,
        "optimal_params": [
            4.422524280232928,
            1.6678851551618592,
            -0.04188709304681728,
            1.4316858425178778
        ]
    }
}