{
    "metadata": {
        "qaoaLayers": 20,
        "backend_name": "aer_simulator"
    },
    "result": {
        "instance_id": 74,
        "sampled_distribution": [
            [
                "0101",
                2337
            ],
            [
                "1111",
                1705
            ],
            [
                "0111",
                1538
            ],
            [
                "1101",
                1507
            ],
            [
                "1011",
                974
            ],
            [
                "1110",
                932
            ],
            [
                "1010",
                420
            ],
            [
                "1001",
                151
            ],
            [
                "0110",
                147
            ],
            [
                "0011",
                138
            ],
            [
                "1100",
                101
            ],
            [
                "0000",
                14
            ],
            [
                "0001",
                12
            ],
            [
                "0010",
                9
            ],
            [
                "0100",
                8
            ],
            [
                "1000",
                7
            ]
        ],
        "num_training_loops": 267,
        "final_training_cost": -10.50048828125,
        "optimal_params": [
            4.152960340851322,
            2.978532612908375,
            2.818353372712053,
            2.6715500704518993,
            3.514052071388283,
            2.355997673457857,
            2.19781455941943,
            3.105357640051363,
            1.8692213974803962,
            1.759187873108807,
            2.5850874858032182,
            1.4668536182624266,
            1.2473525590984331,
            1.0915138716758024,
            1.0151905451473848,
            0.7693083415654577,
            0.6205969705803366,
            0.3949833079494636,
            0.30838185876158697,
            0.19500769231017392,
            0.9709940116445015,
            0.1599687277231789,
            0.30276307923014617,
            0.4732616896272847,
            0.6185462646652784,
            0.7899213533353182,
            0.9328928335496541,
            1.095571303811877,
            1.2461366500664044,
            1.4151231509381499,
            1.5581879643236356,
            1.7256116611852994,
            1.8714905496267211,
            2.0394685278641065,
            2.1899890696956668,
            2.3543843856361315,
            2.5059227964356556,
            2.6646912497318196,
            2.8245568284454947,
            2.985405925225155
        ]
    }
}