{
    "metadata": {
        "qaoaLayers": 2,
        "backend_name": "aer_simulator"
    },
    "result": {
        "instance_id": 3,
        "sampled_distribution": [
            [
                "1111",
                3178
            ],
            [
                "1101",
                2737
            ],
            [
                "0111",
                1281
            ],
            [
                "1011",
                1247
            ],
            [
                "0011",
                396
            ],
            [
                "1110",
                276
            ],
            [
                "1100",
                233
            ],
            [
                "0101",
                181
            ],
            [
                "1001",
                158
            ],
            [
                "0110",
                124
            ],
            [
                "1010",
                121
            ],
            [
                "0010",
                39
            ],
            [
                "0100",
                14
            ],
            [
                "1000",
                13
            ],
            [
                "0001",
                2
            ]
        ],
        "num_training_loops": 45,
        "final_training_cost": -3.453125,
        "optimal_params": [
            5.214099421925551,
            1.8361565422370194,
            1.3109595978913258,
            2.600095060065201
        ]
    }
}