{
    "metadata": {
        "qaoaLayers": 1,
        "backend_name": "aer_simulator"
    },
    "result": {
        "instance_id": 56,
        "sampled_distribution": [
            [
                "1111",
                7868
            ],
            [
                "1101",
                487
            ],
            [
                "0111",
                484
            ],
            [
                "1011",
                481
            ],
            [
                "1110",
                477
            ],
            [
                "0110",
                38
            ],
            [
                "0101",
                34
            ],
            [
                "1010",
                33
            ],
            [
                "0011",
                31
            ],
            [
                "1100",
                30
            ],
            [
                "1001",
                29
            ],
            [
                "0100",
                3
            ],
            [
                "0010",
                2
            ],
            [
                "1000",
                2
            ],
            [
                "0001",
                1
            ]
        ],
        "num_training_loops": 24,
        "final_training_cost": -8.096923828125,
        "optimal_params": [
            3.3827526807167625,
            0.12149774345796215
        ]
    }
}