{
    "metadata": {
        "qaoaLayers": 2,
        "backend_name": "aer_simulator_from(fake_torino)"
    },
    "result": {
        "instance_id": 37,
        "sampled_distribution": [
            [
                "1111",
                7635
            ],
            [
                "1011",
                569
            ],
            [
                "0111",
                535
            ],
            [
                "1110",
                432
            ],
            [
                "1101",
                330
            ],
            [
                "1010",
                117
            ],
            [
                "1001",
                115
            ],
            [
                "0011",
                105
            ],
            [
                "0110",
                72
            ],
            [
                "1100",
                30
            ],
            [
                "0101",
                28
            ],
            [
                "0010",
                11
            ],
            [
                "1000",
                8
            ],
            [
                "0001",
                6
            ],
            [
                "0100",
                6
            ],
            [
                "0000",
                1
            ]
        ],
        "num_training_loops": 35,
        "final_training_cost": -7.83837890625,
        "optimal_params": [
            4.733067217941745,
            1.3996996397159465,
            0.048234044023324804,
            1.450373540781423
        ]
    }
}