{
    "metadata": {
        "qaoaLayers": 4,
        "backend_name": "aer_simulator_from(fake_torino)"
    },
    "result": {
        "instance_id": 44,
        "sampled_distribution": [
            [
                "0100",
                3401
            ],
            [
                "1000",
                3263
            ],
            [
                "1100",
                1450
            ],
            [
                "1010",
                328
            ],
            [
                "0101",
                310
            ],
            [
                "0110",
                299
            ],
            [
                "1001",
                288
            ],
            [
                "0000",
                279
            ],
            [
                "1101",
                143
            ],
            [
                "1110",
                133
            ],
            [
                "0111",
                27
            ],
            [
                "0010",
                24
            ],
            [
                "1011",
                24
            ],
            [
                "0001",
                20
            ],
            [
                "1111",
                6
            ],
            [
                "0011",
                5
            ]
        ],
        "num_training_loops": 85,
        "final_training_cost": -2.91357421875,
        "optimal_params": [
            3.5921957739251047,
            2.417820083532686,
            1.8905980108177634,
            0.5909926289544117,
            0.9028529484325595,
            0.39831095036547787,
            1.6504627193109624,
            2.253465018317132
        ]
    }
}