{
    "metadata": {
        "qaoaLayers": 2,
        "backend_name": "EMU:15Q:LOGICAL_EARLY"
    },
    "result": {
        "instance_id": 74,
        "sampled_distribution": [
            [
                "1001",
                713
            ],
            [
                "0011",
                706
            ],
            [
                "0001",
                701
            ],
            [
                "0101",
                693
            ],
            [
                "1101",
                678
            ],
            [
                "1011",
                675
            ],
            [
                "0111",
                671
            ],
            [
                "1111",
                670
            ],
            [
                "1110",
                582
            ],
            [
                "0110",
                574
            ],
            [
                "1100",
                569
            ],
            [
                "0000",
                565
            ],
            [
                "0100",
                557
            ],
            [
                "1000",
                556
            ],
            [
                "1010",
                556
            ],
            [
                "0010",
                534
            ]
        ],
        "num_training_loops": 33,
        "final_training_cost": -0.72412109375,
        "optimal_params": [
            4.636769820856829,
            1.5110140724710086,
            -0.0022901891235709146,
            1.5413771136168275
        ]
    }
}