{
    "metadata": {
        "qaoaLayers": 1,
        "backend_name": "aer_simulator_from(fake_torino)"
    },
    "result": {
        "instance_id": 54,
        "sampled_distribution": [
            [
                "1111",
                8370
            ],
            [
                "1101",
                458
            ],
            [
                "1110",
                386
            ],
            [
                "0111",
                245
            ],
            [
                "1011",
                243
            ],
            [
                "1100",
                149
            ],
            [
                "1010",
                39
            ],
            [
                "1001",
                32
            ],
            [
                "0101",
                30
            ],
            [
                "0110",
                27
            ],
            [
                "0011",
                6
            ],
            [
                "1000",
                6
            ],
            [
                "0100",
                5
            ],
            [
                "0001",
                3
            ],
            [
                "0000",
                1
            ]
        ],
        "num_training_loops": 24,
        "final_training_cost": -10.387939453125,
        "optimal_params": [
            3.263408317281086,
            0.9831638343853886
        ]
    }
}