{
    "metadata": {
        "qaoaLayers": 1,
        "backend_name": "EMU:15Q:LOGICAL_EARLY"
    },
    "result": {
        "instance_id": 69,
        "sampled_distribution": [
            [
                "1111",
                1094
            ],
            [
                "0111",
                938
            ],
            [
                "1101",
                904
            ],
            [
                "1011",
                863
            ],
            [
                "0101",
                862
            ],
            [
                "0011",
                794
            ],
            [
                "1001",
                761
            ],
            [
                "0001",
                663
            ],
            [
                "1110",
                468
            ],
            [
                "0110",
                437
            ],
            [
                "0100",
                424
            ],
            [
                "1010",
                403
            ],
            [
                "1100",
                397
            ],
            [
                "1000",
                347
            ],
            [
                "0010",
                334
            ],
            [
                "0000",
                311
            ]
        ],
        "num_training_loops": 19,
        "final_training_cost": -2.138916015625,
        "optimal_params": [
            3.141444148196317,
            0.0009889115977217099
        ]
    }
}