{
    "metadata": {
        "qaoaLayers": 4,
        "backend_name": "aer_simulator_from(fake_torino)"
    },
    "result": {
        "instance_id": 7,
        "sampled_distribution": [
            [
                "1111",
                6431
            ],
            [
                "1101",
                1082
            ],
            [
                "1011",
                1006
            ],
            [
                "1001",
                361
            ],
            [
                "1110",
                298
            ],
            [
                "0111",
                293
            ],
            [
                "0101",
                115
            ],
            [
                "0011",
                113
            ],
            [
                "1010",
                103
            ],
            [
                "1100",
                95
            ],
            [
                "1000",
                42
            ],
            [
                "0001",
                32
            ],
            [
                "0110",
                11
            ],
            [
                "0010",
                9
            ],
            [
                "0100",
                8
            ],
            [
                "0000",
                1
            ]
        ],
        "num_training_loops": 60,
        "final_training_cost": -9.882568359375,
        "optimal_params": [
            3.128082926149263,
            3.3290873673368564,
            1.5720007859890361,
            1.7837753753445997,
            0.994696626803102,
            0.7745486048623946,
            2.6923863658264673,
            2.3472179705735225
        ]
    }
}