{
    "metadata": {
        "qaoaLayers": 2,
        "backend_name": "aer_simulator"
    },
    "result": {
        "instance_id": 56,
        "sampled_distribution": [
            [
                "1111",
                7396
            ],
            [
                "1101",
                631
            ],
            [
                "0111",
                620
            ],
            [
                "1011",
                617
            ],
            [
                "1110",
                514
            ],
            [
                "0110",
                40
            ],
            [
                "0011",
                38
            ],
            [
                "1100",
                35
            ],
            [
                "0101",
                35
            ],
            [
                "1001",
                34
            ],
            [
                "1010",
                33
            ],
            [
                "0100",
                3
            ],
            [
                "0001",
                2
            ],
            [
                "0010",
                1
            ],
            [
                "1000",
                1
            ]
        ],
        "num_training_loops": 38,
        "final_training_cost": -8.137939453125,
        "optimal_params": [
            4.9445076136763255,
            1.524077109552863,
            1.1254604067374576,
            1.166894156281404
        ]
    }
}