{
    "metadata": {
        "qaoaLayers": 20,
        "backend_name": "ionq_simulator"
    },
    "result": {
        "instance_id": 92,
        "sampled_distribution": [
            [
                "1001",
                3528
            ],
            [
                "0101",
                3523
            ],
            [
                "1110",
                1697
            ],
            [
                "0001",
                260
            ],
            [
                "1100",
                259
            ],
            [
                "1111",
                195
            ],
            [
                "0011",
                120
            ],
            [
                "0110",
                86
            ],
            [
                "1010",
                74
            ],
            [
                "0111",
                57
            ],
            [
                "1011",
                56
            ],
            [
                "0010",
                43
            ],
            [
                "1101",
                40
            ],
            [
                "1000",
                26
            ],
            [
                "0100",
                24
            ],
            [
                "0000",
                12
            ]
        ],
        "num_training_loops": 310,
        "final_training_cost": -8.839599609375,
        "optimal_params": [
            4.554629631581074,
            3.9833244139228725,
            3.8536249897167654,
            2.6631040710982803,
            2.4950217052131505,
            2.344499657717847,
            3.1936022010581957,
            2.04985185458792,
            1.9249705930057466,
            1.629955265637063,
            1.5827345358005496,
            1.7894238111098222,
            1.257350959341,
            1.0933140825431045,
            0.9435713674243951,
            0.8203434982497128,
            0.6340399685669239,
            0.4531547799929051,
            0.302091573578778,
            0.10095509548674966,
            -0.001102796464458618,
            0.14774782509359166,
            0.3156979648374137,
            0.4764532828027847,
            0.575734329024397,
            0.8277312947687623,
            0.9311385167509478,
            1.1272706269104729,
            1.2553938681541719,
            1.4265373474786385,
            1.569568404209716,
            1.7096738271364802,
            1.8870743978202593,
            2.0314528310039566,
            2.192853642418348,
            3.3785605142208133,
            2.5339349805886475,
            2.6669542766720586,
            3.800871978708387,
            3.001228825555804
        ]
    }
}