{
    "metadata": {
        "qaoaLayers": 1,
        "backend_name": "EMU:15Q:LOGICAL_EARLY"
    },
    "result": {
        "instance_id": 66,
        "sampled_distribution": [
            [
                "1111",
                1177
            ],
            [
                "0111",
                1133
            ],
            [
                "1011",
                1129
            ],
            [
                "0011",
                1123
            ],
            [
                "1110",
                601
            ],
            [
                "0101",
                585
            ],
            [
                "1101",
                571
            ],
            [
                "1001",
                566
            ],
            [
                "1010",
                562
            ],
            [
                "0110",
                554
            ],
            [
                "0010",
                495
            ],
            [
                "0001",
                483
            ],
            [
                "1100",
                276
            ],
            [
                "0100",
                263
            ],
            [
                "1000",
                263
            ],
            [
                "0000",
                219
            ]
        ],
        "num_training_loops": 19,
        "final_training_cost": -1.83935546875,
        "optimal_params": [
            3.1414086591671477,
            0.0009829272874609957
        ]
    }
}