{
    "metadata": {
        "qaoaLayers": 4,
        "backend_name": "aer_simulator_from(fake_torino)"
    },
    "result": {
        "instance_id": 25,
        "sampled_distribution": [
            [
                "1111",
                6081
            ],
            [
                "1110",
                819
            ],
            [
                "1011",
                791
            ],
            [
                "1101",
                748
            ],
            [
                "0111",
                661
            ],
            [
                "1001",
                176
            ],
            [
                "1100",
                157
            ],
            [
                "0011",
                143
            ],
            [
                "1010",
                119
            ],
            [
                "0110",
                117
            ],
            [
                "0101",
                96
            ],
            [
                "0100",
                26
            ],
            [
                "1000",
                23
            ],
            [
                "0010",
                18
            ],
            [
                "0001",
                13
            ],
            [
                "0000",
                12
            ]
        ],
        "num_training_loops": 61,
        "final_training_cost": -12.322021484375,
        "optimal_params": [
            3.1603859447199643,
            3.328312067097739,
            1.7009896574624555,
            1.7464247873942935,
            1.0001933183062646,
            0.7854890557473911,
            2.568028346372565,
            2.365660980849109
        ]
    }
}