{
    "metadata": {
        "qaoaLayers": 2,
        "backend_name": "aer_simulator"
    },
    "result": {
        "instance_id": 25,
        "sampled_distribution": [
            [
                "1111",
                8610
            ],
            [
                "1011",
                336
            ],
            [
                "1110",
                335
            ],
            [
                "1101",
                326
            ],
            [
                "0111",
                309
            ],
            [
                "1010",
                18
            ],
            [
                "1001",
                16
            ],
            [
                "1100",
                14
            ],
            [
                "0101",
                14
            ],
            [
                "0011",
                12
            ],
            [
                "0110",
                6
            ],
            [
                "0100",
                2
            ],
            [
                "1000",
                1
            ],
            [
                "0010",
                1
            ]
        ],
        "num_training_loops": 39,
        "final_training_cost": -13.065185546875,
        "optimal_params": [
            4.644867940224248,
            1.3343866821631096,
            -0.0029041921113348006,
            1.6512559180455773
        ]
    }
}