{
    "metadata": {
        "qaoaLayers": 1,
        "backend_name": "EMU:15Q:LOGICAL_EARLY"
    },
    "result": {
        "instance_id": 22,
        "sampled_distribution": [
            [
                "0111",
                1206
            ],
            [
                "1111",
                1178
            ],
            [
                "1011",
                1106
            ],
            [
                "0011",
                1076
            ],
            [
                "1101",
                597
            ],
            [
                "1110",
                563
            ],
            [
                "1001",
                562
            ],
            [
                "0010",
                551
            ],
            [
                "0110",
                543
            ],
            [
                "0101",
                535
            ],
            [
                "0001",
                527
            ],
            [
                "1010",
                482
            ],
            [
                "0100",
                287
            ],
            [
                "1000",
                274
            ],
            [
                "1100",
                258
            ],
            [
                "0000",
                255
            ]
        ],
        "num_training_loops": 19,
        "final_training_cost": -2.63623046875,
        "optimal_params": [
            3.141786145340052,
            0.0009811019022413776
        ]
    }
}