{
    "metadata": {
        "qaoaLayers": 3,
        "backend_name": "aer_simulator"
    },
    "result": {
        "instance_id": 70,
        "sampled_distribution": [
            [
                "1111",
                3981
            ],
            [
                "1011",
                1485
            ],
            [
                "0111",
                1460
            ],
            [
                "1110",
                1245
            ],
            [
                "1101",
                963
            ],
            [
                "0101",
                336
            ],
            [
                "1001",
                300
            ],
            [
                "1100",
                111
            ],
            [
                "0110",
                45
            ],
            [
                "1010",
                41
            ],
            [
                "0011",
                8
            ],
            [
                "0010",
                8
            ],
            [
                "1000",
                7
            ],
            [
                "0100",
                5
            ],
            [
                "0001",
                4
            ],
            [
                "0000",
                1
            ]
        ],
        "num_training_loops": 59,
        "final_training_cost": -8.42724609375,
        "optimal_params": [
            3.5104951241096383,
            1.7432981308980908,
            1.638792720203251,
            0.9234475959025022,
            1.1326266893195167,
            2.211119968014612
        ]
    }
}