{
    "metadata": {
        "qaoaLayers": 1,
        "backend_name": "aer_simulator_from(fake_torino)"
    },
    "result": {
        "instance_id": 91,
        "sampled_distribution": [
            [
                "1111",
                8117
            ],
            [
                "1101",
                507
            ],
            [
                "1011",
                439
            ],
            [
                "0111",
                382
            ],
            [
                "1110",
                370
            ],
            [
                "1001",
                44
            ],
            [
                "1010",
                39
            ],
            [
                "0101",
                39
            ],
            [
                "1100",
                23
            ],
            [
                "0011",
                21
            ],
            [
                "0110",
                9
            ],
            [
                "1000",
                4
            ],
            [
                "0010",
                3
            ],
            [
                "0100",
                3
            ]
        ],
        "num_training_loops": 21,
        "final_training_cost": -5.54150390625,
        "optimal_params": [
            3.3287577859865705,
            0.030023887459068702
        ]
    }
}