{
    "metadata": {
        "qaoaLayers": 1,
        "backend_name": "ionq_simulator"
    },
    "result": {
        "instance_id": 35,
        "sampled_distribution": [
            [
                "1111",
                9031
            ],
            [
                "1101",
                228
            ],
            [
                "1011",
                184
            ],
            [
                "0111",
                152
            ],
            [
                "1110",
                104
            ],
            [
                "1100",
                88
            ],
            [
                "0011",
                72
            ],
            [
                "1001",
                68
            ],
            [
                "0101",
                62
            ],
            [
                "0001",
                5
            ],
            [
                "0100",
                2
            ],
            [
                "0000",
                1
            ],
            [
                "0110",
                1
            ],
            [
                "1000",
                1
            ],
            [
                "1010",
                1
            ]
        ],
        "num_training_loops": 22,
        "final_training_cost": -7.84375,
        "optimal_params": [
            3.1311077850344846,
            0.018261102203226375
        ]
    }
}