{
    "metadata": {
        "qaoaLayers": 3,
        "backend_name": "ionq_simulator"
    },
    "result": {
        "instance_id": 98,
        "sampled_distribution": [
            [
                "1111",
                8664
            ],
            [
                "1101",
                419
            ],
            [
                "1110",
                409
            ],
            [
                "0111",
                236
            ],
            [
                "1011",
                213
            ],
            [
                "1100",
                20
            ],
            [
                "1001",
                13
            ],
            [
                "0101",
                11
            ],
            [
                "1010",
                9
            ],
            [
                "0110",
                6
            ]
        ],
        "num_training_loops": 58,
        "final_training_cost": -10.5712890625,
        "optimal_params": [
            3.059926582805287,
            2.1566182970324013,
            2.1334590933642588,
            0.05934212133213617,
            1.034216412110908,
            3.1262684923858277
        ]
    }
}