{
    "metadata": {
        "qaoaLayers": 4,
        "backend_name": "aer_simulator_from(fake_torino)"
    },
    "result": {
        "instance_id": 18,
        "sampled_distribution": [
            [
                "1001",
                3670
            ],
            [
                "1011",
                1634
            ],
            [
                "1101",
                1474
            ],
            [
                "1111",
                518
            ],
            [
                "0011",
                412
            ],
            [
                "1100",
                404
            ],
            [
                "1000",
                333
            ],
            [
                "0111",
                271
            ],
            [
                "1110",
                269
            ],
            [
                "0001",
                252
            ],
            [
                "1010",
                173
            ],
            [
                "0101",
                159
            ],
            [
                "0010",
                143
            ],
            [
                "0100",
                116
            ],
            [
                "0110",
                114
            ],
            [
                "0000",
                58
            ]
        ],
        "num_training_loops": 61,
        "final_training_cost": -5.49609375,
        "optimal_params": [
            4.206980734530113,
            2.410409709546716,
            1.563278212455587,
            0.8888545907514583,
            0.9682812043584084,
            0.7642987096459354,
            1.5481466160169381,
            2.3186514286457447
        ]
    }
}