{
    "metadata": {
        "qaoaLayers": 2,
        "backend_name": "ionq_simulator"
    },
    "result": {
        "instance_id": 10,
        "sampled_distribution": [
            [
                "1111",
                5412
            ],
            [
                "1011",
                1185
            ],
            [
                "1101",
                846
            ],
            [
                "1110",
                832
            ],
            [
                "0111",
                824
            ],
            [
                "1001",
                186
            ],
            [
                "0011",
                156
            ],
            [
                "1010",
                144
            ],
            [
                "1100",
                121
            ],
            [
                "0110",
                113
            ],
            [
                "0101",
                103
            ],
            [
                "0010",
                26
            ],
            [
                "0100",
                18
            ],
            [
                "1000",
                16
            ],
            [
                "0001",
                14
            ],
            [
                "0000",
                4
            ]
        ],
        "num_training_loops": 45,
        "final_training_cost": -5.50439453125,
        "optimal_params": [
            4.4651382797756085,
            1.670314127641976,
            -0.26637291429771,
            0.9785727767473161
        ]
    }
}