{
    "metadata": {
        "qaoaLayers": 2,
        "backend_name": "ionq_simulator"
    },
    "result": {
        "instance_id": 51,
        "sampled_distribution": [
            [
                "1111",
                4721
            ],
            [
                "1110",
                1264
            ],
            [
                "0111",
                1064
            ],
            [
                "1011",
                1063
            ],
            [
                "1101",
                754
            ],
            [
                "1100",
                204
            ],
            [
                "1001",
                191
            ],
            [
                "0101",
                181
            ],
            [
                "0011",
                170
            ],
            [
                "0110",
                140
            ],
            [
                "1010",
                122
            ],
            [
                "0010",
                60
            ],
            [
                "0100",
                28
            ],
            [
                "0001",
                21
            ],
            [
                "1000",
                10
            ],
            [
                "0000",
                7
            ]
        ],
        "num_training_loops": 34,
        "final_training_cost": -3.14453125,
        "optimal_params": [
            5.023959003886994,
            1.3176975371707997,
            -0.053100283799593244,
            1.571028020437168
        ]
    }
}