{
    "metadata": {
        "qaoaLayers": 20,
        "backend_name": "aer_simulator"
    },
    "result": {
        "instance_id": 43,
        "sampled_distribution": [
            [
                "1011",
                3450
            ],
            [
                "1110",
                3416
            ],
            [
                "1010",
                1023
            ],
            [
                "0111",
                641
            ],
            [
                "1101",
                619
            ],
            [
                "1111",
                510
            ],
            [
                "0101",
                243
            ],
            [
                "1000",
                29
            ],
            [
                "0001",
                20
            ],
            [
                "0010",
                15
            ],
            [
                "0100",
                15
            ],
            [
                "0110",
                7
            ],
            [
                "0011",
                5
            ],
            [
                "1001",
                4
            ],
            [
                "1100",
                3
            ]
        ],
        "num_training_loops": 315,
        "final_training_cost": -11.194091796875,
        "optimal_params": [
            4.104042317565632,
            3.04629450772184,
            2.9326163582381697,
            2.6708780046555614,
            3.517304671741551,
            2.3548425227195025,
            2.2168648008144536,
            3.0064420616988103,
            1.87753590206273,
            1.6604844697532584,
            2.5891845844812047,
            1.4266025396919013,
            1.268719323790214,
            1.1147766620796915,
            0.9529563056059952,
            0.8326122475069395,
            0.6435062137688474,
            0.4605322735835573,
            0.34692977555327853,
            0.07161656789244654,
            1.0231727460054227,
            0.1551806347987115,
            0.3196241815574134,
            0.4727537312138057,
            0.6286978054949289,
            0.7854529343625848,
            0.9440531226730233,
            1.17525526051764,
            1.1585785453383988,
            1.4138771018765137,
            1.568095267370741,
            1.724325382313397,
            1.8840032795262023,
            2.035699152063594,
            2.193233771632196,
            2.355817746950087,
            2.5114539837988183,
            2.6695755725634407,
            2.8254763931150855,
            2.9857543335403838
        ]
    }
}