{
    "metadata": {
        "qaoaLayers": 2,
        "backend_name": "aer_simulator_from(fake_torino)"
    },
    "result": {
        "instance_id": 97,
        "sampled_distribution": [
            [
                "1111",
                5826
            ],
            [
                "1011",
                986
            ],
            [
                "1101",
                888
            ],
            [
                "1110",
                872
            ],
            [
                "0111",
                859
            ],
            [
                "0011",
                124
            ],
            [
                "1100",
                115
            ],
            [
                "1010",
                86
            ],
            [
                "1001",
                80
            ],
            [
                "0110",
                67
            ],
            [
                "0101",
                52
            ],
            [
                "0010",
                14
            ],
            [
                "0100",
                11
            ],
            [
                "0001",
                10
            ],
            [
                "1000",
                9
            ],
            [
                "0000",
                1
            ]
        ],
        "num_training_loops": 45,
        "final_training_cost": -8.092529296875,
        "optimal_params": [
            4.5060286132752925,
            1.679452647831718,
            -0.055387658086999525,
            2.805346866299345
        ]
    }
}