{
    "metadata": {
        "qaoaLayers": 3,
        "backend_name": "EMU:15Q:LOGICAL_EARLY"
    },
    "result": {
        "instance_id": 54,
        "sampled_distribution": [
            [
                "1011",
                680
            ],
            [
                "0011",
                653
            ],
            [
                "1001",
                647
            ],
            [
                "0001",
                646
            ],
            [
                "0000",
                642
            ],
            [
                "1000",
                634
            ],
            [
                "1111",
                630
            ],
            [
                "1110",
                623
            ],
            [
                "1101",
                623
            ],
            [
                "0101",
                618
            ],
            [
                "1010",
                617
            ],
            [
                "0111",
                609
            ],
            [
                "0100",
                608
            ],
            [
                "1100",
                596
            ],
            [
                "0010",
                593
            ],
            [
                "0110",
                581
            ]
        ],
        "num_training_loops": 47,
        "final_training_cost": -0.0859375,
        "optimal_params": [
            3.1393732226136235,
            2.0970169083396764,
            1.044916732183368,
            0.0019837740751128276,
            1.0425239643399895,
            2.091608849182238
        ]
    }
}