{
    "metadata": {
        "qaoaLayers": 3,
        "backend_name": "EMU:15Q:LOGICAL_EARLY"
    },
    "result": {
        "instance_id": 12,
        "sampled_distribution": [
            [
                "1001",
                685
            ],
            [
                "0011",
                652
            ],
            [
                "1010",
                644
            ],
            [
                "0000",
                640
            ],
            [
                "0101",
                639
            ],
            [
                "1111",
                634
            ],
            [
                "0001",
                632
            ],
            [
                "0100",
                628
            ],
            [
                "0111",
                626
            ],
            [
                "1011",
                625
            ],
            [
                "1100",
                625
            ],
            [
                "0010",
                616
            ],
            [
                "1000",
                611
            ],
            [
                "1110",
                603
            ],
            [
                "0110",
                573
            ],
            [
                "1101",
                567
            ]
        ],
        "num_training_loops": 42,
        "final_training_cost": 0.151611328125,
        "optimal_params": [
            4.14191495644533,
            2.094016380161461,
            1.0471136401999295,
            0.0008046926270520251,
            1.0469136929252074,
            2.094262650353301
        ]
    }
}