{
    "metadata": {
        "qaoaLayers": 2,
        "backend_name": "ionq_simulator"
    },
    "result": {
        "instance_id": 23,
        "sampled_distribution": [
            [
                "1111",
                4392
            ],
            [
                "1011",
                2005
            ],
            [
                "1101",
                890
            ],
            [
                "1110",
                855
            ],
            [
                "0111",
                832
            ],
            [
                "1001",
                437
            ],
            [
                "1100",
                188
            ],
            [
                "0101",
                187
            ],
            [
                "0110",
                81
            ],
            [
                "0011",
                43
            ],
            [
                "0010",
                33
            ],
            [
                "1010",
                29
            ],
            [
                "0100",
                28
            ]
        ],
        "num_training_loops": 38,
        "final_training_cost": -3.506591796875,
        "optimal_params": [
            5.07065097476196,
            1.2947370052511327,
            -0.03192953548991458,
            1.526959131903868
        ]
    }
}