{
    "metadata": {
        "qaoaLayers": 1,
        "backend_name": "ionq_simulator"
    },
    "result": {
        "instance_id": 95,
        "sampled_distribution": [
            [
                "1111",
                7279
            ],
            [
                "0111",
                591
            ],
            [
                "1011",
                577
            ],
            [
                "1101",
                576
            ],
            [
                "1110",
                529
            ],
            [
                "0011",
                104
            ],
            [
                "0110",
                99
            ],
            [
                "1001",
                72
            ],
            [
                "0101",
                47
            ],
            [
                "1100",
                43
            ],
            [
                "1010",
                34
            ],
            [
                "0001",
                17
            ],
            [
                "0010",
                14
            ],
            [
                "1000",
                8
            ],
            [
                "0100",
                7
            ],
            [
                "0000",
                3
            ]
        ],
        "num_training_loops": 21,
        "final_training_cost": -5.468994140625,
        "optimal_params": [
            2.892369746647665,
            1.0034406641264086
        ]
    }
}