{
    "metadata": {
        "qaoaLayers": 2,
        "backend_name": "aer_simulator_from(fake_torino)"
    },
    "result": {
        "instance_id": 58,
        "sampled_distribution": [
            [
                "1111",
                7112
            ],
            [
                "1101",
                646
            ],
            [
                "1011",
                616
            ],
            [
                "0111",
                530
            ],
            [
                "1110",
                506
            ],
            [
                "1001",
                126
            ],
            [
                "1100",
                119
            ],
            [
                "0101",
                100
            ],
            [
                "0011",
                96
            ],
            [
                "1010",
                69
            ],
            [
                "0110",
                34
            ],
            [
                "0001",
                17
            ],
            [
                "0100",
                14
            ],
            [
                "0010",
                7
            ],
            [
                "1000",
                5
            ],
            [
                "0000",
                3
            ]
        ],
        "num_training_loops": 36,
        "final_training_cost": -7.843994140625,
        "optimal_params": [
            4.573039307860682,
            1.7069561216959737,
            -0.3759574224812409,
            1.228743256989131
        ]
    }
}