{
    "metadata": {
        "qaoaLayers": 3,
        "backend_name": "ionq_simulator"
    },
    "result": {
        "instance_id": 67,
        "sampled_distribution": [
            [
                "1111",
                6868
            ],
            [
                "1011",
                746
            ],
            [
                "1110",
                712
            ],
            [
                "1101",
                438
            ],
            [
                "0111",
                418
            ],
            [
                "1001",
                213
            ],
            [
                "1010",
                199
            ],
            [
                "0110",
                197
            ],
            [
                "0011",
                55
            ],
            [
                "1100",
                41
            ],
            [
                "0010",
                35
            ],
            [
                "1000",
                27
            ],
            [
                "0101",
                26
            ],
            [
                "0001",
                10
            ],
            [
                "0100",
                9
            ],
            [
                "0000",
                6
            ]
        ],
        "num_training_loops": 60,
        "final_training_cost": -5.188720703125,
        "optimal_params": [
            2.972971894427864,
            1.546674871593508,
            1.4813939631983706,
            0.8281137859111107,
            1.1253038613731907,
            2.19501884056683
        ]
    }
}