{
    "metadata": {
        "qaoaLayers": 3,
        "backend_name": "ionq_simulator"
    },
    "result": {
        "instance_id": 95,
        "sampled_distribution": [
            [
                "1111",
                6757
            ],
            [
                "1011",
                662
            ],
            [
                "0111",
                661
            ],
            [
                "1101",
                566
            ],
            [
                "1110",
                493
            ],
            [
                "0011",
                209
            ],
            [
                "1001",
                195
            ],
            [
                "0110",
                185
            ],
            [
                "0101",
                67
            ],
            [
                "1100",
                51
            ],
            [
                "1010",
                50
            ],
            [
                "0010",
                36
            ],
            [
                "0001",
                25
            ],
            [
                "1000",
                18
            ],
            [
                "0100",
                16
            ],
            [
                "0000",
                9
            ]
        ],
        "num_training_loops": 53,
        "final_training_cost": -5.162841796875,
        "optimal_params": [
            3.140618888035879,
            1.3697269479821856,
            1.5267897038268305,
            0.23349690978008014,
            2.043719667087365,
            2.2264961656109623
        ]
    }
}