{
    "metadata": {
        "qaoaLayers": 4,
        "backend_name": "EMU:15Q:LOGICAL_EARLY"
    },
    "result": {
        "instance_id": 83,
        "sampled_distribution": [
            [
                "0000",
                707
            ],
            [
                "0011",
                640
            ],
            [
                "0100",
                638
            ],
            [
                "1111",
                632
            ],
            [
                "1010",
                627
            ],
            [
                "1110",
                627
            ],
            [
                "1001",
                626
            ],
            [
                "0111",
                626
            ],
            [
                "0001",
                623
            ],
            [
                "1011",
                620
            ],
            [
                "0110",
                619
            ],
            [
                "0010",
                616
            ],
            [
                "0101",
                614
            ],
            [
                "1000",
                605
            ],
            [
                "1101",
                599
            ],
            [
                "1100",
                581
            ]
        ],
        "num_training_loops": 55,
        "final_training_cost": -0.074462890625,
        "optimal_params": [
            4.141833949678961,
            2.355897589225957,
            1.570480036184649,
            0.7857785589084056,
            -0.00010826176535146048,
            0.8346568064025278,
            1.4556337579548115,
            2.35593527591226
        ]
    }
}