{
    "metadata": {
        "qaoaLayers": 1,
        "backend_name": "aer_simulator_from(fake_torino)"
    },
    "result": {
        "instance_id": 17,
        "sampled_distribution": [
            [
                "1111",
                8107
            ],
            [
                "1011",
                519
            ],
            [
                "1110",
                431
            ],
            [
                "0111",
                346
            ],
            [
                "1101",
                287
            ],
            [
                "1010",
                118
            ],
            [
                "0110",
                48
            ],
            [
                "1100",
                44
            ],
            [
                "1001",
                37
            ],
            [
                "0011",
                31
            ],
            [
                "0101",
                10
            ],
            [
                "0010",
                7
            ],
            [
                "1000",
                6
            ],
            [
                "0001",
                6
            ],
            [
                "0100",
                3
            ]
        ],
        "num_training_loops": 25,
        "final_training_cost": -10.389892578125,
        "optimal_params": [
            3.2960803683183957,
            -0.16086846334314125
        ]
    }
}