{
    "metadata": {
        "qaoaLayers": 2,
        "backend_name": "ionq_simulator"
    },
    "result": {
        "instance_id": 27,
        "sampled_distribution": [
            [
                "1111",
                6743
            ],
            [
                "0111",
                1171
            ],
            [
                "1011",
                1123
            ],
            [
                "1110",
                416
            ],
            [
                "1101",
                403
            ],
            [
                "0011",
                87
            ],
            [
                "1100",
                23
            ],
            [
                "1010",
                11
            ],
            [
                "0110",
                9
            ],
            [
                "0101",
                8
            ],
            [
                "1001",
                6
            ]
        ],
        "num_training_loops": 38,
        "final_training_cost": -10.749267578125,
        "optimal_params": [
            4.525594278359936,
            1.3762785718200865,
            -0.30593124708984243,
            1.0917480182536343
        ]
    }
}