{
    "metadata": {
        "qaoaLayers": 4,
        "backend_name": "ionq_simulator"
    },
    "result": {
        "instance_id": 88,
        "sampled_distribution": [
            [
                "1111",
                3391
            ],
            [
                "1101",
                1623
            ],
            [
                "1011",
                1609
            ],
            [
                "0111",
                1606
            ],
            [
                "0001",
                406
            ],
            [
                "1001",
                381
            ],
            [
                "0011",
                375
            ],
            [
                "0101",
                369
            ],
            [
                "1110",
                70
            ],
            [
                "1010",
                47
            ],
            [
                "1100",
                44
            ],
            [
                "0110",
                43
            ],
            [
                "0100",
                12
            ],
            [
                "1000",
                10
            ],
            [
                "0000",
                7
            ],
            [
                "0010",
                7
            ]
        ],
        "num_training_loops": 68,
        "final_training_cost": -3.960693359375,
        "optimal_params": [
            4.1836807463965515,
            2.3237919137007017,
            1.6128687275506401,
            0.6077997386545305,
            -0.014705984976845622,
            1.7761388108277227,
            1.497761400131406,
            2.5634910551925447
        ]
    }
}