{
    "metadata": {
        "qaoaLayers": 1,
        "backend_name": "ionq_simulator"
    },
    "result": {
        "instance_id": 92,
        "sampled_distribution": [
            [
                "1111",
                9024
            ],
            [
                "1110",
                233
            ],
            [
                "1011",
                166
            ],
            [
                "0111",
                151
            ],
            [
                "1101",
                104
            ],
            [
                "0110",
                82
            ],
            [
                "1010",
                82
            ],
            [
                "0011",
                77
            ],
            [
                "1100",
                71
            ],
            [
                "0010",
                3
            ],
            [
                "0001",
                2
            ],
            [
                "1001",
                2
            ],
            [
                "0000",
                1
            ],
            [
                "0100",
                1
            ],
            [
                "1000",
                1
            ]
        ],
        "num_training_loops": 22,
        "final_training_cost": -7.80712890625,
        "optimal_params": [
            3.149072658516085,
            -0.13783702709801388
        ]
    }
}