{
    "metadata": {
        "qaoaLayers": 3,
        "backend_name": "ionq_simulator"
    },
    "result": {
        "instance_id": 100,
        "sampled_distribution": [
            [
                "1110",
                2195
            ],
            [
                "1111",
                1927
            ],
            [
                "1100",
                947
            ],
            [
                "0110",
                881
            ],
            [
                "1101",
                797
            ],
            [
                "0111",
                791
            ],
            [
                "1010",
                719
            ],
            [
                "1011",
                587
            ],
            [
                "0100",
                459
            ],
            [
                "0101",
                362
            ],
            [
                "0010",
                88
            ],
            [
                "1000",
                83
            ],
            [
                "0011",
                81
            ],
            [
                "1001",
                67
            ],
            [
                "0000",
                16
            ]
        ],
        "num_training_loops": 55,
        "final_training_cost": -3.8251953125,
        "optimal_params": [
            2.868173525073455,
            1.4373106994169176,
            1.0016199875329905,
            1.2759897600066716,
            1.9279730458066835,
            1.4461436627617332
        ]
    }
}