{
    "metadata": {
        "qaoaLayers": 1,
        "backend_name": "ionq_simulator"
    },
    "result": {
        "instance_id": 72,
        "sampled_distribution": [
            [
                "1111",
                8614
            ],
            [
                "1101",
                328
            ],
            [
                "1011",
                271
            ],
            [
                "1110",
                258
            ],
            [
                "0111",
                220
            ],
            [
                "1010",
                72
            ],
            [
                "1001",
                71
            ],
            [
                "0101",
                69
            ],
            [
                "1100",
                68
            ],
            [
                "0110",
                9
            ],
            [
                "1000",
                8
            ],
            [
                "0001",
                4
            ],
            [
                "0010",
                3
            ],
            [
                "0011",
                3
            ],
            [
                "0100",
                2
            ]
        ],
        "num_training_loops": 24,
        "final_training_cost": -7.826416015625,
        "optimal_params": [
            3.0221400899996604,
            0.22514532975027413
        ]
    }
}