{
    "metadata": {
        "qaoaLayers": 2,
        "backend_name": "aer_simulator_from(fake_torino)"
    },
    "result": {
        "instance_id": 54,
        "sampled_distribution": [
            [
                "1111",
                8238
            ],
            [
                "0111",
                412
            ],
            [
                "1011",
                326
            ],
            [
                "1101",
                299
            ],
            [
                "1110",
                229
            ],
            [
                "1001",
                88
            ],
            [
                "0011",
                86
            ],
            [
                "0101",
                82
            ],
            [
                "1100",
                81
            ],
            [
                "0110",
                78
            ],
            [
                "1010",
                50
            ],
            [
                "0100",
                9
            ],
            [
                "0010",
                9
            ],
            [
                "1000",
                5
            ],
            [
                "0001",
                5
            ],
            [
                "0000",
                3
            ]
        ],
        "num_training_loops": 40,
        "final_training_cost": -10.27294921875,
        "optimal_params": [
            4.687127344781339,
            1.5358117297205311,
            -0.25273385438900203,
            1.3822722802579555
        ]
    }
}