{
    "metadata": {
        "qaoaLayers": 1,
        "backend_name": "aer_simulator_from(fake_torino)"
    },
    "result": {
        "instance_id": 100,
        "sampled_distribution": [
            [
                "1111",
                6325
            ],
            [
                "0111",
                828
            ],
            [
                "1101",
                771
            ],
            [
                "1011",
                739
            ],
            [
                "1110",
                717
            ],
            [
                "0011",
                113
            ],
            [
                "1001",
                105
            ],
            [
                "1100",
                94
            ],
            [
                "0110",
                90
            ],
            [
                "0101",
                86
            ],
            [
                "1010",
                82
            ],
            [
                "1000",
                13
            ],
            [
                "0100",
                12
            ],
            [
                "0010",
                12
            ],
            [
                "0001",
                11
            ],
            [
                "0000",
                2
            ]
        ],
        "num_training_loops": 23,
        "final_training_cost": -3.220458984375,
        "optimal_params": [
            3.453003013387294,
            0.0017890158304269136
        ]
    }
}