{
    "metadata": {
        "qaoaLayers": 3,
        "backend_name": "ionq_simulator"
    },
    "result": {
        "instance_id": 84,
        "sampled_distribution": [
            [
                "1111",
                7107
            ],
            [
                "0111",
                616
            ],
            [
                "1011",
                593
            ],
            [
                "1110",
                579
            ],
            [
                "1101",
                263
            ],
            [
                "0011",
                240
            ],
            [
                "1010",
                233
            ],
            [
                "0110",
                220
            ],
            [
                "0010",
                46
            ],
            [
                "1100",
                28
            ],
            [
                "0101",
                26
            ],
            [
                "1001",
                23
            ],
            [
                "0100",
                9
            ],
            [
                "1000",
                8
            ],
            [
                "0001",
                6
            ],
            [
                "0000",
                3
            ]
        ],
        "num_training_loops": 47,
        "final_training_cost": -5.020263671875,
        "optimal_params": [
            3.216934475345344,
            1.7768258419129177,
            1.5806825183813515,
            1.3764361740904414,
            2.0482852124987296,
            2.4340821484806496
        ]
    }
}