{
    "metadata": {
        "qaoaLayers": 3,
        "backend_name": "EMU:15Q:LOGICAL_EARLY"
    },
    "result": {
        "instance_id": 84,
        "sampled_distribution": [
            [
                "0111",
                673
            ],
            [
                "1011",
                659
            ],
            [
                "0110",
                643
            ],
            [
                "0010",
                640
            ],
            [
                "1100",
                639
            ],
            [
                "1110",
                637
            ],
            [
                "1111",
                632
            ],
            [
                "0101",
                631
            ],
            [
                "0011",
                622
            ],
            [
                "1001",
                618
            ],
            [
                "0000",
                616
            ],
            [
                "1000",
                612
            ],
            [
                "1010",
                605
            ],
            [
                "0001",
                601
            ],
            [
                "1101",
                594
            ],
            [
                "0100",
                578
            ]
        ],
        "num_training_loops": 40,
        "final_training_cost": -0.20458984375,
        "optimal_params": [
            3.141713550251133,
            2.0941106921299113,
            2.0466162436546464,
            -0.00016312084067482706,
            1.047233032084257,
            2.095129070402739
        ]
    }
}