{
    "metadata": {
        "qaoaLayers": 4,
        "backend_name": "aer_simulator"
    },
    "result": {
        "instance_id": 5,
        "sampled_distribution": [
            [
                "0100",
                3149
            ],
            [
                "0101",
                915
            ],
            [
                "0110",
                895
            ],
            [
                "1011",
                891
            ],
            [
                "1100",
                843
            ],
            [
                "0111",
                777
            ],
            [
                "1110",
                749
            ],
            [
                "1101",
                742
            ],
            [
                "1111",
                466
            ],
            [
                "0011",
                124
            ],
            [
                "1001",
                109
            ],
            [
                "1010",
                107
            ],
            [
                "0001",
                65
            ],
            [
                "1000",
                62
            ],
            [
                "0010",
                57
            ],
            [
                "0000",
                49
            ]
        ],
        "num_training_loops": 62,
        "final_training_cost": -6.7275390625,
        "optimal_params": [
            4.132143210919837,
            2.3721110532453276,
            1.5747132067619827,
            0.7916121821021995,
            0.008428862234251934,
            0.7608585657502307,
            1.5989266302172453,
            2.380696746448389
        ]
    }
}