{
    "metadata": {
        "qaoaLayers": 4,
        "backend_name": "aer_simulator_from(fake_torino)"
    },
    "result": {
        "instance_id": 37,
        "sampled_distribution": [
            [
                "1111",
                5871
            ],
            [
                "1011",
                1082
            ],
            [
                "0111",
                847
            ],
            [
                "1110",
                683
            ],
            [
                "1101",
                436
            ],
            [
                "0011",
                284
            ],
            [
                "1001",
                173
            ],
            [
                "1010",
                167
            ],
            [
                "0110",
                143
            ],
            [
                "0010",
                79
            ],
            [
                "0101",
                75
            ],
            [
                "1100",
                57
            ],
            [
                "1000",
                40
            ],
            [
                "0001",
                39
            ],
            [
                "0100",
                15
            ],
            [
                "0000",
                9
            ]
        ],
        "num_training_loops": 54,
        "final_training_cost": -7.41845703125,
        "optimal_params": [
            4.317846510374803,
            2.0208761295667252,
            1.4359526992232425,
            1.2485999251019066,
            1.0029153586278434,
            0.6585221149679018,
            1.4278957785026254,
            2.5508665698322983
        ]
    }
}