{
    "metadata": {
        "qaoaLayers": 3,
        "backend_name": "EMU:15Q:LOGICAL_EARLY"
    },
    "result": {
        "instance_id": 13,
        "sampled_distribution": [
            [
                "1001",
                698
            ],
            [
                "0011",
                687
            ],
            [
                "0111",
                684
            ],
            [
                "1011",
                681
            ],
            [
                "0101",
                667
            ],
            [
                "1101",
                643
            ],
            [
                "0001",
                642
            ],
            [
                "1111",
                634
            ],
            [
                "1010",
                633
            ],
            [
                "0010",
                608
            ],
            [
                "0110",
                604
            ],
            [
                "0100",
                583
            ],
            [
                "1110",
                578
            ],
            [
                "0000",
                556
            ],
            [
                "1000",
                554
            ],
            [
                "1100",
                548
            ]
        ],
        "num_training_loops": 40,
        "final_training_cost": -0.265380859375,
        "optimal_params": [
            3.1417668356041557,
            2.095191321289545,
            1.0471949262784472,
            -1.9158172169285117e-06,
            1.0466406520904517,
            2.094554942688465
        ]
    }
}