{
    "metadata": {
        "qaoaLayers": 2,
        "backend_name": "aer_simulator_from(fake_torino)"
    },
    "result": {
        "instance_id": 28,
        "sampled_distribution": [
            [
                "1111",
                8053
            ],
            [
                "1011",
                513
            ],
            [
                "1110",
                428
            ],
            [
                "0111",
                361
            ],
            [
                "1101",
                348
            ],
            [
                "1001",
                69
            ],
            [
                "0110",
                61
            ],
            [
                "1010",
                60
            ],
            [
                "0101",
                58
            ],
            [
                "0011",
                17
            ],
            [
                "1100",
                15
            ],
            [
                "0010",
                6
            ],
            [
                "0001",
                4
            ],
            [
                "0100",
                3
            ],
            [
                "1000",
                3
            ],
            [
                "0000",
                1
            ]
        ],
        "num_training_loops": 39,
        "final_training_cost": -7.943115234375,
        "optimal_params": [
            4.898293409705666,
            1.4984563318362376,
            1.383022344179728,
            1.2793076177557152
        ]
    }
}