{
    "metadata": {
        "qaoaLayers": 3,
        "backend_name": "ionq_simulator"
    },
    "result": {
        "instance_id": 88,
        "sampled_distribution": [
            [
                "1111",
                3764
            ],
            [
                "1110",
                2568
            ],
            [
                "1011",
                571
            ],
            [
                "1101",
                566
            ],
            [
                "0111",
                511
            ],
            [
                "0110",
                385
            ],
            [
                "1100",
                383
            ],
            [
                "1010",
                375
            ],
            [
                "1001",
                157
            ],
            [
                "0101",
                125
            ],
            [
                "0001",
                122
            ],
            [
                "0011",
                120
            ],
            [
                "0010",
                100
            ],
            [
                "0100",
                90
            ],
            [
                "1000",
                85
            ],
            [
                "0000",
                78
            ]
        ],
        "num_training_loops": 48,
        "final_training_cost": -5.017333984375,
        "optimal_params": [
            3.0918052084451975,
            1.8848052617703392,
            1.0685076083012706,
            0.011021396631648715,
            1.0572094264402707,
            1.9779419912171752
        ]
    }
}