{
    "metadata": {
        "qaoaLayers": 2,
        "backend_name": "aer_simulator_from(fake_torino)"
    },
    "result": {
        "instance_id": 46,
        "sampled_distribution": [
            [
                "1111",
                7821
            ],
            [
                "0111",
                708
            ],
            [
                "1101",
                653
            ],
            [
                "1110",
                333
            ],
            [
                "0101",
                142
            ],
            [
                "1011",
                138
            ],
            [
                "0110",
                57
            ],
            [
                "1100",
                56
            ],
            [
                "1010",
                52
            ],
            [
                "1001",
                11
            ],
            [
                "0011",
                9
            ],
            [
                "1000",
                8
            ],
            [
                "0010",
                7
            ],
            [
                "0100",
                4
            ],
            [
                "0000",
                1
            ]
        ],
        "num_training_loops": 37,
        "final_training_cost": -7.912353515625,
        "optimal_params": [
            4.850393344717657,
            1.4813045342784363,
            -0.03205794171885728,
            2.8444304518619097
        ]
    }
}