{
    "metadata": {
        "qaoaLayers": 2,
        "backend_name": "EMU:15Q:LOGICAL_EARLY"
    },
    "result": {
        "instance_id": 27,
        "sampled_distribution": [
            [
                "0111",
                755
            ],
            [
                "1111",
                719
            ],
            [
                "1011",
                709
            ],
            [
                "0011",
                706
            ],
            [
                "1110",
                670
            ],
            [
                "0101",
                632
            ],
            [
                "0001",
                632
            ],
            [
                "1101",
                626
            ],
            [
                "0110",
                622
            ],
            [
                "1001",
                616
            ],
            [
                "0010",
                615
            ],
            [
                "1010",
                557
            ],
            [
                "1000",
                543
            ],
            [
                "0000",
                543
            ],
            [
                "1100",
                529
            ],
            [
                "0100",
                526
            ]
        ],
        "num_training_loops": 29,
        "final_training_cost": -0.870849609375,
        "optimal_params": [
            4.635900184145679,
            1.501674033217814,
            -0.00396881881725059,
            1.5646709313732299
        ]
    }
}