{
    "metadata": {
        "qaoaLayers": 1,
        "backend_name": "aer_simulator"
    },
    "result": {
        "instance_id": 88,
        "sampled_distribution": [
            [
                "1111",
                7723
            ],
            [
                "1110",
                521
            ],
            [
                "1011",
                512
            ],
            [
                "1101",
                509
            ],
            [
                "0111",
                490
            ],
            [
                "1010",
                54
            ],
            [
                "0011",
                48
            ],
            [
                "0101",
                37
            ],
            [
                "0110",
                34
            ],
            [
                "1100",
                32
            ],
            [
                "1001",
                31
            ],
            [
                "1000",
                5
            ],
            [
                "0010",
                3
            ],
            [
                "0001",
                1
            ]
        ],
        "num_training_loops": 25,
        "final_training_cost": -5.626953125,
        "optimal_params": [
            3.3943762920930864,
            0.13062295143866529
        ]
    }
}