{
    "metadata": {
        "qaoaLayers": 1,
        "backend_name": "EMU:15Q:LOGICAL_EARLY"
    },
    "result": {
        "instance_id": 29,
        "sampled_distribution": [
            [
                "1111",
                988
            ],
            [
                "0111",
                928
            ],
            [
                "0011",
                900
            ],
            [
                "1011",
                881
            ],
            [
                "0001",
                827
            ],
            [
                "0101",
                803
            ],
            [
                "1101",
                791
            ],
            [
                "1001",
                782
            ],
            [
                "1110",
                456
            ],
            [
                "0110",
                409
            ],
            [
                "0000",
                405
            ],
            [
                "0010",
                390
            ],
            [
                "1010",
                385
            ],
            [
                "1100",
                370
            ],
            [
                "0100",
                366
            ],
            [
                "1000",
                319
            ]
        ],
        "num_training_loops": 19,
        "final_training_cost": -3.022216796875,
        "optimal_params": [
            3.141356715394991,
            0.0009717680629829013
        ]
    }
}