{
    "metadata": {
        "qaoaLayers": 20,
        "backend_name": "aer_simulator"
    },
    "result": {
        "instance_id": 6,
        "sampled_distribution": [
            [
                "1010",
                3488
            ],
            [
                "1111",
                3324
            ],
            [
                "1011",
                1174
            ],
            [
                "1110",
                1140
            ],
            [
                "1101",
                149
            ],
            [
                "0010",
                143
            ],
            [
                "0111",
                141
            ],
            [
                "1000",
                135
            ],
            [
                "1001",
                67
            ],
            [
                "0011",
                62
            ],
            [
                "1100",
                52
            ],
            [
                "0110",
                51
            ],
            [
                "0101",
                40
            ],
            [
                "0001",
                16
            ],
            [
                "0100",
                14
            ],
            [
                "0000",
                4
            ]
        ],
        "num_training_loops": 330,
        "final_training_cost": -10.601806640625,
        "optimal_params": [
            3.4867649793767215,
            2.9886363296352756,
            3.5323654049228783,
            2.6578119939949567,
            3.563710982918532,
            2.3765482777968994,
            3.197412390207943,
            3.112619306333681,
            2.8142121896701733,
            1.8415215353878844,
            1.5794690099370723,
            1.3575673946637892,
            1.2043272819320392,
            1.0766995727571869,
            0.9286313757082297,
            0.7100223814389237,
            0.613155464978601,
            0.4504733075377695,
            0.2076255058213934,
            0.08725422776741942,
            1.1923530035028973,
            0.16873136959960625,
            0.305209742932541,
            0.44648832388131854,
            0.6320488813049686,
            0.7851857036209257,
            0.8427343714526511,
            0.9972809431975003,
            1.1429602381661994,
            1.387567464940556,
            1.4876113372608522,
            1.6812179202579818,
            1.8400716218164044,
            1.8720057190732406,
            2.174930748661448,
            2.307421040956404,
            2.4973727744449232,
            2.646743329796082,
            2.7982199128123946,
            4.145946057679637
        ]
    }
}