{
    "metadata": {
        "qaoaLayers": 3,
        "backend_name": "EMU:15Q:LOGICAL_EARLY"
    },
    "result": {
        "instance_id": 78,
        "sampled_distribution": [
            [
                "0001",
                718
            ],
            [
                "0101",
                677
            ],
            [
                "1111",
                672
            ],
            [
                "1011",
                662
            ],
            [
                "1101",
                657
            ],
            [
                "0111",
                649
            ],
            [
                "0011",
                630
            ],
            [
                "1000",
                614
            ],
            [
                "1110",
                604
            ],
            [
                "0000",
                600
            ],
            [
                "1001",
                596
            ],
            [
                "0100",
                595
            ],
            [
                "0010",
                586
            ],
            [
                "1100",
                586
            ],
            [
                "1010",
                577
            ],
            [
                "0110",
                577
            ]
        ],
        "num_training_loops": 47,
        "final_training_cost": -0.339111328125,
        "optimal_params": [
            3.1172096541296725,
            1.8810872120757076,
            1.9134958211144981,
            0.16092872693838844,
            1.448717851712681,
            3.069194547525429
        ]
    }
}