{
    "metadata": {
        "qaoaLayers": 3,
        "backend_name": "aer_simulator_from(fake_torino)"
    },
    "result": {
        "instance_id": 41,
        "sampled_distribution": [
            [
                "1000",
                4019
            ],
            [
                "0010",
                3980
            ],
            [
                "1010",
                1249
            ],
            [
                "0000",
                295
            ],
            [
                "0011",
                113
            ],
            [
                "1100",
                104
            ],
            [
                "1001",
                88
            ],
            [
                "0110",
                87
            ],
            [
                "1011",
                27
            ],
            [
                "1110",
                23
            ],
            [
                "0001",
                6
            ],
            [
                "1101",
                4
            ],
            [
                "0100",
                3
            ],
            [
                "0111",
                2
            ]
        ],
        "num_training_loops": 61,
        "final_training_cost": -3.081787109375,
        "optimal_params": [
            2.55002986414817,
            1.9413062919602915,
            0.6346260143015953,
            1.4004677473073102,
            1.1592068627392746,
            1.539680857664989
        ]
    }
}