{
    "metadata": {
        "qaoaLayers": 4,
        "backend_name": "ionq_simulator"
    },
    "result": {
        "instance_id": 88,
        "sampled_distribution": [
            [
                "1111",
                4826
            ],
            [
                "1011",
                1722
            ],
            [
                "0111",
                1691
            ],
            [
                "1101",
                1688
            ],
            [
                "0001",
                53
            ],
            [
                "1110",
                20
            ]
        ],
        "num_training_loops": 61,
        "final_training_cost": -5.845703125,
        "optimal_params": [
            4.164371360814362,
            2.3010823034184167,
            1.5626064383939275,
            0.6482881372624597,
            1.247253700228619,
            1.7904812094011013,
            1.5184794189428188,
            2.581138216155842
        ]
    }
}