{
    "metadata": {
        "qaoaLayers": 1,
        "backend_name": "aer_simulator"
    },
    "result": {
        "instance_id": 34,
        "sampled_distribution": [
            [
                "1111",
                5593
            ],
            [
                "0111",
                900
            ],
            [
                "1110",
                883
            ],
            [
                "1011",
                877
            ],
            [
                "1101",
                851
            ],
            [
                "1100",
                157
            ],
            [
                "1010",
                142
            ],
            [
                "0011",
                139
            ],
            [
                "1001",
                123
            ],
            [
                "0101",
                120
            ],
            [
                "0110",
                119
            ],
            [
                "0001",
                27
            ],
            [
                "0010",
                23
            ],
            [
                "1000",
                22
            ],
            [
                "0100",
                16
            ],
            [
                "0000",
                8
            ]
        ],
        "num_training_loops": 25,
        "final_training_cost": -3.187255859375,
        "optimal_params": [
            3.5193519066691965,
            0.12970288539979186
        ]
    }
}