{
    "metadata": {
        "qaoaLayers": 3,
        "backend_name": "aer_simulator"
    },
    "result": {
        "instance_id": 31,
        "sampled_distribution": [
            [
                "1111",
                4075
            ],
            [
                "1011",
                2394
            ],
            [
                "1110",
                1384
            ],
            [
                "0111",
                1381
            ],
            [
                "1101",
                335
            ],
            [
                "1001",
                137
            ],
            [
                "1100",
                70
            ],
            [
                "0101",
                69
            ],
            [
                "1010",
                57
            ],
            [
                "0011",
                42
            ],
            [
                "0010",
                36
            ],
            [
                "0001",
                8
            ],
            [
                "1000",
                5
            ],
            [
                "0110",
                5
            ],
            [
                "0000",
                2
            ]
        ],
        "num_training_loops": 55,
        "final_training_cost": -8.24365234375,
        "optimal_params": [
            3.2407215761804267,
            2.042994277255739,
            1.7750926827169586,
            0.9260378921624343,
            2.1733166396418278,
            2.3868703539986806
        ]
    }
}