{
    "metadata": {
        "qaoaLayers": 1,
        "backend_name": "aer_simulator"
    },
    "result": {
        "instance_id": 6,
        "sampled_distribution": [
            [
                "1111",
                8318
            ],
            [
                "1110",
                408
            ],
            [
                "0111",
                400
            ],
            [
                "1011",
                385
            ],
            [
                "1101",
                382
            ],
            [
                "0101",
                24
            ],
            [
                "1100",
                23
            ],
            [
                "1010",
                18
            ],
            [
                "0110",
                16
            ],
            [
                "0011",
                15
            ],
            [
                "1001",
                9
            ],
            [
                "1000",
                1
            ],
            [
                "0100",
                1
            ]
        ],
        "num_training_loops": 23,
        "final_training_cost": -10.550048828125,
        "optimal_params": [
            3.355681708953186,
            0.10242915051136414
        ]
    }
}