{
    "metadata": {
        "qaoaLayers": 4,
        "backend_name": "EMU:15Q:LOGICAL_EARLY"
    },
    "result": {
        "instance_id": 52,
        "sampled_distribution": [
            [
                "0011",
                679
            ],
            [
                "1101",
                672
            ],
            [
                "1110",
                654
            ],
            [
                "1010",
                648
            ],
            [
                "1111",
                626
            ],
            [
                "0010",
                623
            ],
            [
                "0110",
                620
            ],
            [
                "1001",
                620
            ],
            [
                "1100",
                619
            ],
            [
                "0001",
                617
            ],
            [
                "0000",
                616
            ],
            [
                "1011",
                615
            ],
            [
                "1000",
                608
            ],
            [
                "0100",
                596
            ],
            [
                "0111",
                595
            ],
            [
                "0101",
                592
            ]
        ],
        "num_training_loops": 61,
        "final_training_cost": -0.47119140625,
        "optimal_params": [
            3.138487275422017,
            2.355193858165744,
            2.5697717899415053,
            0.7854510291431023,
            -0.0009977554846660106,
            1.7861936261449443,
            1.5706283069611706,
            2.3572773766171404
        ]
    }
}