{
    "metadata": {
        "qaoaLayers": 4,
        "backend_name": "ionq_simulator"
    },
    "result": {
        "instance_id": 95,
        "sampled_distribution": [
            [
                "1100",
                3292
            ],
            [
                "1110",
                1301
            ],
            [
                "1101",
                1253
            ],
            [
                "0101",
                638
            ],
            [
                "1010",
                539
            ],
            [
                "1111",
                378
            ],
            [
                "1011",
                339
            ],
            [
                "0111",
                332
            ],
            [
                "0100",
                295
            ],
            [
                "1000",
                290
            ],
            [
                "0011",
                274
            ],
            [
                "0000",
                220
            ],
            [
                "1001",
                220
            ],
            [
                "0001",
                214
            ],
            [
                "0110",
                210
            ],
            [
                "0010",
                205
            ]
        ],
        "num_training_loops": 60,
        "final_training_cost": -4.3193359375,
        "optimal_params": [
            4.155702683712589,
            2.340107975190966,
            1.5307929607752782,
            0.7766742366669686,
            1.0009761217837068,
            0.7755680044162986,
            1.555628174251259,
            2.339826003727725
        ]
    }
}