{
    "metadata": {
        "qaoaLayers": 1,
        "backend_name": "ionq_simulator"
    },
    "result": {
        "instance_id": 6,
        "sampled_distribution": [
            [
                "1111",
                7853
            ],
            [
                "0111",
                518
            ],
            [
                "1101",
                515
            ],
            [
                "1110",
                476
            ],
            [
                "1011",
                466
            ],
            [
                "0101",
                36
            ],
            [
                "0011",
                34
            ],
            [
                "1001",
                32
            ],
            [
                "0110",
                31
            ],
            [
                "1010",
                21
            ],
            [
                "1100",
                18
            ]
        ],
        "num_training_loops": 21,
        "final_training_cost": -10.598388671875,
        "optimal_params": [
            3.3927755658484386,
            0.030827962602648973
        ]
    }
}