{
    "metadata": {
        "qaoaLayers": 2,
        "backend_name": "aer_simulator"
    },
    "result": {
        "instance_id": 22,
        "sampled_distribution": [
            [
                "1111",
                7700
            ],
            [
                "1101",
                947
            ],
            [
                "1110",
                473
            ],
            [
                "0111",
                445
            ],
            [
                "1011",
                258
            ],
            [
                "0101",
                67
            ],
            [
                "1100",
                61
            ],
            [
                "1001",
                24
            ],
            [
                "0110",
                11
            ],
            [
                "1010",
                7
            ],
            [
                "0011",
                6
            ],
            [
                "0010",
                1
            ]
        ],
        "num_training_loops": 44,
        "final_training_cost": -8.17431640625,
        "optimal_params": [
            4.545360318294786,
            1.228802606114484,
            1.237626402855072,
            1.190118102886304
        ]
    }
}