{
    "metadata": {
        "qaoaLayers": 1,
        "backend_name": "aer_simulator"
    },
    "result": {
        "instance_id": 60,
        "sampled_distribution": [
            [
                "1111",
                7782
            ],
            [
                "1110",
                548
            ],
            [
                "0111",
                509
            ],
            [
                "1101",
                497
            ],
            [
                "1011",
                484
            ],
            [
                "1100",
                31
            ],
            [
                "0101",
                31
            ],
            [
                "0011",
                30
            ],
            [
                "0110",
                28
            ],
            [
                "1010",
                25
            ],
            [
                "1001",
                23
            ],
            [
                "0100",
                5
            ],
            [
                "1000",
                4
            ],
            [
                "0010",
                3
            ]
        ],
        "num_training_loops": 22,
        "final_training_cost": -5.624755859375,
        "optimal_params": [
            3.3942243690925546,
            0.11756030741921095
        ]
    }
}