{
    "metadata": {
        "qaoaLayers": 3,
        "backend_name": "ionq_simulator"
    },
    "result": {
        "instance_id": 39,
        "sampled_distribution": [
            [
                "1111",
                3895
            ],
            [
                "1101",
                1364
            ],
            [
                "1011",
                1112
            ],
            [
                "1110",
                1083
            ],
            [
                "0111",
                944
            ],
            [
                "0011",
                256
            ],
            [
                "0110",
                245
            ],
            [
                "1010",
                244
            ],
            [
                "1100",
                225
            ],
            [
                "1001",
                207
            ],
            [
                "0101",
                184
            ],
            [
                "1000",
                91
            ],
            [
                "0001",
                59
            ],
            [
                "0100",
                43
            ],
            [
                "0010",
                33
            ],
            [
                "0000",
                15
            ]
        ],
        "num_training_loops": 51,
        "final_training_cost": -7.388916015625,
        "optimal_params": [
            3.427939829092119,
            1.7848849343232733,
            1.561555195336019,
            -0.0023635781078711134,
            1.07564581501042,
            1.9125241495052498
        ]
    }
}