{
    "metadata": {
        "qaoaLayers": 3,
        "backend_name": "ionq_simulator"
    },
    "result": {
        "instance_id": 8,
        "sampled_distribution": [
            [
                "1111",
                7308
            ],
            [
                "0111",
                662
            ],
            [
                "1101",
                429
            ],
            [
                "1110",
                418
            ],
            [
                "1011",
                318
            ],
            [
                "0011",
                190
            ],
            [
                "1100",
                186
            ],
            [
                "0101",
                182
            ],
            [
                "0110",
                173
            ],
            [
                "0100",
                37
            ],
            [
                "1001",
                29
            ],
            [
                "0010",
                21
            ],
            [
                "1010",
                18
            ],
            [
                "0001",
                14
            ],
            [
                "1000",
                10
            ],
            [
                "0000",
                5
            ]
        ],
        "num_training_loops": 50,
        "final_training_cost": -7.39306640625,
        "optimal_params": [
            3.1006922374265953,
            1.5874872487344107,
            1.6689105019156403,
            1.256468567541974,
            0.7611320299829124,
            2.2779151705445853
        ]
    }
}