{
    "metadata": {
        "qaoaLayers": 1,
        "backend_name": "aer_simulator"
    },
    "result": {
        "instance_id": 77,
        "sampled_distribution": [
            [
                "1111",
                8665
            ],
            [
                "1110",
                333
            ],
            [
                "1011",
                324
            ],
            [
                "1101",
                310
            ],
            [
                "0111",
                301
            ],
            [
                "0011",
                14
            ],
            [
                "1010",
                14
            ],
            [
                "1001",
                10
            ],
            [
                "1100",
                9
            ],
            [
                "0110",
                9
            ],
            [
                "0101",
                9
            ],
            [
                "0100",
                1
            ],
            [
                "0010",
                1
            ]
        ],
        "num_training_loops": 23,
        "final_training_cost": -8.0791015625,
        "optimal_params": [
            3.326651056061231,
            0.028275538552098425
        ]
    }
}