{
    "metadata": {
        "qaoaLayers": 1,
        "backend_name": "EMU:15Q:LOGICAL_EARLY"
    },
    "result": {
        "instance_id": 5,
        "sampled_distribution": [
            [
                "1111",
                1102
            ],
            [
                "0111",
                1094
            ],
            [
                "1011",
                1080
            ],
            [
                "0011",
                1040
            ],
            [
                "1001",
                608
            ],
            [
                "1010",
                580
            ],
            [
                "0001",
                570
            ],
            [
                "1101",
                570
            ],
            [
                "0110",
                563
            ],
            [
                "0101",
                554
            ],
            [
                "1110",
                544
            ],
            [
                "0010",
                530
            ],
            [
                "0000",
                296
            ],
            [
                "1000",
                292
            ],
            [
                "1100",
                292
            ],
            [
                "0100",
                285
            ]
        ],
        "num_training_loops": 19,
        "final_training_cost": -1.09814453125,
        "optimal_params": [
            3.1413576260916014,
            0.0009719887216906448
        ]
    }
}