{
    "metadata": {
        "qaoaLayers": 4,
        "backend_name": "aer_simulator"
    },
    "result": {
        "instance_id": 84,
        "sampled_distribution": [
            [
                "1111",
                3038
            ],
            [
                "1110",
                2013
            ],
            [
                "0111",
                1928
            ],
            [
                "1011",
                1882
            ],
            [
                "1101",
                194
            ],
            [
                "0110",
                176
            ],
            [
                "0011",
                168
            ],
            [
                "1010",
                148
            ],
            [
                "1001",
                138
            ],
            [
                "1100",
                128
            ],
            [
                "0101",
                120
            ],
            [
                "0010",
                32
            ],
            [
                "1000",
                16
            ],
            [
                "0100",
                8
            ],
            [
                "0000",
                7
            ],
            [
                "0001",
                4
            ]
        ],
        "num_training_loops": 77,
        "final_training_cost": -5.628662109375,
        "optimal_params": [
            4.043136012616702,
            2.3045655200087904,
            1.5186980838403115,
            0.7358673080615087,
            0.03276935463396028,
            1.8169946600931925,
            1.5721767438425178,
            2.41019162419479
        ]
    }
}