{
    "metadata": {
        "qaoaLayers": 1,
        "backend_name": "ionq_simulator"
    },
    "result": {
        "instance_id": 84,
        "sampled_distribution": [
            [
                "1111",
                7731
            ],
            [
                "1011",
                557
            ],
            [
                "1101",
                529
            ],
            [
                "0111",
                510
            ],
            [
                "1110",
                489
            ],
            [
                "0101",
                44
            ],
            [
                "0011",
                30
            ],
            [
                "1001",
                30
            ],
            [
                "1100",
                30
            ],
            [
                "0110",
                28
            ],
            [
                "1010",
                22
            ]
        ],
        "num_training_loops": 22,
        "final_training_cost": -5.64599609375,
        "optimal_params": [
            3.395392412561597,
            -0.017254191988578985
        ]
    }
}