{
    "metadata": {
        "qaoaLayers": 20,
        "backend_name": "aer_simulator"
    },
    "result": {
        "instance_id": 40,
        "sampled_distribution": [
            [
                "1100",
                4001
            ],
            [
                "0011",
                3882
            ],
            [
                "1111",
                1619
            ],
            [
                "1011",
                125
            ],
            [
                "0111",
                113
            ],
            [
                "1101",
                111
            ],
            [
                "1110",
                107
            ],
            [
                "0000",
                31
            ],
            [
                "0110",
                2
            ],
            [
                "1001",
                2
            ],
            [
                "0100",
                2
            ],
            [
                "0101",
                2
            ],
            [
                "1010",
                1
            ],
            [
                "0001",
                1
            ],
            [
                "0010",
                1
            ]
        ],
        "num_training_loops": 332,
        "final_training_cost": -9.445068359375,
        "optimal_params": [
            4.149215801915496,
            2.9990416778508666,
            2.8330484859280283,
            2.813671524588138,
            3.5065073816073533,
            2.3652919232929985,
            3.1535861880698355,
            2.0301720899483,
            1.9106269044931445,
            1.8799108013853092,
            1.6371844464561562,
            1.4301340529423259,
            1.2693617158431134,
            1.1615255881818511,
            0.931287717841897,
            0.8099251924603146,
            0.5736404573276481,
            0.43630641907798234,
            0.27624687604629083,
            0.14110250434748658,
            0.038561684019320024,
            0.19849404162564038,
            0.3215482065140552,
            0.5134119278605522,
            0.6506264761672765,
            0.8361993249710692,
            0.9482806380071857,
            1.1157538328421253,
            1.4128437976308812,
            2.3295366204444212,
            1.5716903351549498,
            1.6933825739244246,
            1.8614522349653788,
            2.029178177950474,
            2.1759351865206322,
            2.3215613118230998,
            2.4970391053542538,
            2.64416260748016,
            2.812115657201905,
            2.968450969203585
        ]
    }
}