{
    "metadata": {
        "qaoaLayers": 1,
        "backend_name": "EMU:15Q:LOGICAL_EARLY"
    },
    "result": {
        "instance_id": 7,
        "sampled_distribution": [
            [
                "1111",
                891
            ],
            [
                "0011",
                884
            ],
            [
                "1011",
                863
            ],
            [
                "0111",
                844
            ],
            [
                "0101",
                800
            ],
            [
                "0001",
                795
            ],
            [
                "1001",
                792
            ],
            [
                "1101",
                771
            ],
            [
                "0010",
                471
            ],
            [
                "0110",
                448
            ],
            [
                "1010",
                442
            ],
            [
                "1000",
                428
            ],
            [
                "1110",
                415
            ],
            [
                "0100",
                398
            ],
            [
                "1100",
                384
            ],
            [
                "0000",
                374
            ]
        ],
        "num_training_loops": 19,
        "final_training_cost": -1.885009765625,
        "optimal_params": [
            3.142319699032499,
            -0.0006865893417759831
        ]
    }
}