{
    "metadata": {
        "qaoaLayers": 4,
        "backend_name": "EMU:15Q:LOGICAL_EARLY"
    },
    "result": {
        "instance_id": 58,
        "sampled_distribution": [
            [
                "1110",
                674
            ],
            [
                "0111",
                667
            ],
            [
                "1100",
                647
            ],
            [
                "1111",
                643
            ],
            [
                "1001",
                638
            ],
            [
                "1101",
                632
            ],
            [
                "0011",
                630
            ],
            [
                "1010",
                623
            ],
            [
                "1011",
                622
            ],
            [
                "0000",
                619
            ],
            [
                "0010",
                617
            ],
            [
                "1000",
                617
            ],
            [
                "0001",
                614
            ],
            [
                "0100",
                602
            ],
            [
                "0101",
                583
            ],
            [
                "0110",
                572
            ]
        ],
        "num_training_loops": 57,
        "final_training_cost": -0.11083984375,
        "optimal_params": [
            4.196710970910699,
            2.2758176836636514,
            1.624048379032303,
            1.2582642891499933,
            1.0016640977060838,
            0.7342672418948136,
            1.4939116771313397,
            2.281880429958236
        ]
    }
}