{
    "metadata": {
        "qaoaLayers": 3,
        "backend_name": "EMU:15Q:LOGICAL_EARLY"
    },
    "result": {
        "instance_id": 63,
        "sampled_distribution": [
            [
                "1110",
                676
            ],
            [
                "0110",
                661
            ],
            [
                "0010",
                660
            ],
            [
                "0100",
                649
            ],
            [
                "1010",
                637
            ],
            [
                "0011",
                629
            ],
            [
                "0001",
                623
            ],
            [
                "0000",
                621
            ],
            [
                "1011",
                616
            ],
            [
                "1101",
                613
            ],
            [
                "1000",
                611
            ],
            [
                "0101",
                609
            ],
            [
                "1100",
                604
            ],
            [
                "1001",
                601
            ],
            [
                "0111",
                596
            ],
            [
                "1111",
                594
            ]
        ],
        "num_training_loops": 43,
        "final_training_cost": 0.124755859375,
        "optimal_params": [
            4.14482248568456,
            2.093171539874147,
            1.0471592577082165,
            -0.002516714770226678,
            1.0491624264730703,
            2.1006141426934137
        ]
    }
}