{
    "metadata": {
        "qaoaLayers": 2,
        "backend_name": "aer_simulator_from(fake_torino)"
    },
    "result": {
        "instance_id": 67,
        "sampled_distribution": [
            [
                "1111",
                7964
            ],
            [
                "1110",
                526
            ],
            [
                "1011",
                522
            ],
            [
                "0111",
                396
            ],
            [
                "1101",
                361
            ],
            [
                "1010",
                59
            ],
            [
                "0110",
                56
            ],
            [
                "1001",
                43
            ],
            [
                "1100",
                25
            ],
            [
                "0101",
                19
            ],
            [
                "0011",
                16
            ],
            [
                "0100",
                4
            ],
            [
                "0010",
                4
            ],
            [
                "0001",
                3
            ],
            [
                "1000",
                2
            ]
        ],
        "num_training_loops": 40,
        "final_training_cost": -5.575439453125,
        "optimal_params": [
            4.618970782297332,
            1.474788600415646,
            1.3757071549389759,
            1.3371102551036367
        ]
    }
}