{
    "metadata": {
        "qaoaLayers": 1,
        "backend_name": "ionq_simulator"
    },
    "result": {
        "instance_id": 75,
        "sampled_distribution": [
            [
                "1111",
                7149
            ],
            [
                "1101",
                643
            ],
            [
                "0111",
                573
            ],
            [
                "1011",
                564
            ],
            [
                "1110",
                509
            ],
            [
                "1001",
                118
            ],
            [
                "0101",
                110
            ],
            [
                "1100",
                106
            ],
            [
                "0011",
                99
            ],
            [
                "0110",
                45
            ],
            [
                "1010",
                34
            ],
            [
                "0001",
                21
            ],
            [
                "1000",
                15
            ],
            [
                "0100",
                8
            ],
            [
                "0010",
                5
            ],
            [
                "0000",
                1
            ]
        ],
        "num_training_loops": 22,
        "final_training_cost": -7.78759765625,
        "optimal_params": [
            3.3838206912119664,
            -0.010746296074134618
        ]
    }
}