{
    "metadata": {
        "qaoaLayers": 4,
        "backend_name": "EMU:15Q:LOGICAL_EARLY"
    },
    "result": {
        "instance_id": 81,
        "sampled_distribution": [
            [
                "0001",
                675
            ],
            [
                "0000",
                662
            ],
            [
                "1100",
                653
            ],
            [
                "1001",
                652
            ],
            [
                "0011",
                650
            ],
            [
                "1011",
                644
            ],
            [
                "1010",
                637
            ],
            [
                "1110",
                625
            ],
            [
                "1000",
                617
            ],
            [
                "0010",
                615
            ],
            [
                "1111",
                612
            ],
            [
                "0100",
                607
            ],
            [
                "0110",
                600
            ],
            [
                "0101",
                593
            ],
            [
                "0111",
                590
            ],
            [
                "1101",
                568
            ]
        ],
        "num_training_loops": 62,
        "final_training_cost": -0.313720703125,
        "optimal_params": [
            4.220797414461265,
            2.282742747117125,
            1.5941305061790398,
            0.663227000947083,
            -0.11722817113256435,
            0.7953970709983422,
            1.6149481886386337,
            2.1719714050956456
        ]
    }
}