{
    "metadata": {
        "qaoaLayers": 1,
        "backend_name": "aer_simulator_from(fake_torino)"
    },
    "result": {
        "instance_id": 27,
        "sampled_distribution": [
            [
                "1111",
                7859
            ],
            [
                "0111",
                511
            ],
            [
                "1011",
                488
            ],
            [
                "1101",
                402
            ],
            [
                "1110",
                369
            ],
            [
                "0011",
                80
            ],
            [
                "0101",
                78
            ],
            [
                "1001",
                70
            ],
            [
                "1010",
                54
            ],
            [
                "0110",
                47
            ],
            [
                "1100",
                21
            ],
            [
                "0010",
                10
            ],
            [
                "0001",
                5
            ],
            [
                "0100",
                4
            ],
            [
                "1000",
                1
            ],
            [
                "0000",
                1
            ]
        ],
        "num_training_loops": 25,
        "final_training_cost": -10.34375,
        "optimal_params": [
            3.322371932939597,
            -0.07344438657676433
        ]
    }
}