{
    "metadata": {
        "qaoaLayers": 4,
        "backend_name": "EMU:15Q:LOGICAL_EARLY"
    },
    "result": {
        "instance_id": 63,
        "sampled_distribution": [
            [
                "0101",
                670
            ],
            [
                "0010",
                641
            ],
            [
                "0000",
                639
            ],
            [
                "1101",
                638
            ],
            [
                "0111",
                635
            ],
            [
                "0011",
                631
            ],
            [
                "0001",
                629
            ],
            [
                "1110",
                622
            ],
            [
                "0100",
                620
            ],
            [
                "1111",
                617
            ],
            [
                "0110",
                616
            ],
            [
                "1011",
                613
            ],
            [
                "1000",
                610
            ],
            [
                "1100",
                609
            ],
            [
                "1001",
                606
            ],
            [
                "1010",
                604
            ]
        ],
        "num_training_loops": 56,
        "final_training_cost": 0.273681640625,
        "optimal_params": [
            4.141990759804018,
            2.3590689358962256,
            2.5693223545542963,
            0.7847751278012856,
            -4.741603984932704e-05,
            0.7880071123499232,
            1.571370423061029,
            2.3556028382134073
        ]
    }
}