{
    "metadata": {
        "qaoaLayers": 1,
        "backend_name": "aer_simulator"
    },
    "result": {
        "instance_id": 64,
        "sampled_distribution": [
            [
                "1111",
                8568
            ],
            [
                "1101",
                355
            ],
            [
                "1110",
                351
            ],
            [
                "1011",
                341
            ],
            [
                "0111",
                313
            ],
            [
                "0101",
                16
            ],
            [
                "1100",
                12
            ],
            [
                "0110",
                11
            ],
            [
                "1001",
                11
            ],
            [
                "1010",
                10
            ],
            [
                "0011",
                9
            ],
            [
                "0010",
                2
            ],
            [
                "0001",
                1
            ]
        ],
        "num_training_loops": 27,
        "final_training_cost": -13.05517578125,
        "optimal_params": [
            2.948254258223631,
            0.17250217731666528
        ]
    }
}