{
    "metadata": {
        "qaoaLayers": 3,
        "backend_name": "ionq_simulator"
    },
    "result": {
        "instance_id": 65,
        "sampled_distribution": [
            [
                "1111",
                3979
            ],
            [
                "0111",
                1107
            ],
            [
                "1011",
                1106
            ],
            [
                "1101",
                1070
            ],
            [
                "1110",
                1062
            ],
            [
                "1001",
                267
            ],
            [
                "0110",
                256
            ],
            [
                "1010",
                256
            ],
            [
                "0101",
                252
            ],
            [
                "1100",
                245
            ],
            [
                "0011",
                224
            ],
            [
                "0001",
                49
            ],
            [
                "0010",
                37
            ],
            [
                "0100",
                36
            ],
            [
                "1000",
                33
            ],
            [
                "0000",
                21
            ]
        ],
        "num_training_loops": 59,
        "final_training_cost": -7.410400390625,
        "optimal_params": [
            3.062433910571906,
            1.8027658482749263,
            1.3398609336369847,
            0.1528820067218361,
            1.0867505692267254,
            2.123684536979716
        ]
    }
}