{
    "metadata": {
        "qaoaLayers": 4,
        "backend_name": "aer_simulator_from(fake_torino)"
    },
    "result": {
        "instance_id": 64,
        "sampled_distribution": [
            [
                "1111",
                6506
            ],
            [
                "1110",
                745
            ],
            [
                "1011",
                674
            ],
            [
                "0111",
                631
            ],
            [
                "1101",
                620
            ],
            [
                "1001",
                163
            ],
            [
                "0011",
                121
            ],
            [
                "1100",
                121
            ],
            [
                "0110",
                119
            ],
            [
                "1010",
                108
            ],
            [
                "0101",
                91
            ],
            [
                "0001",
                26
            ],
            [
                "0100",
                24
            ],
            [
                "1000",
                24
            ],
            [
                "0010",
                23
            ],
            [
                "0000",
                4
            ]
        ],
        "num_training_loops": 61,
        "final_training_cost": -12.278076171875,
        "optimal_params": [
            3.0893142819267867,
            3.2995077707591443,
            1.5804437156977245,
            1.7819978162936392,
            1.2477101550426388,
            1.7889517296853166,
            2.6043901930713402,
            2.3801916394427116
        ]
    }
}