{
    "metadata": {
        "qaoaLayers": 3,
        "backend_name": "aer_simulator_from(fake_torino)"
    },
    "result": {
        "instance_id": 77,
        "sampled_distribution": [
            [
                "1111",
                7557
            ],
            [
                "1101",
                657
            ],
            [
                "1011",
                499
            ],
            [
                "0111",
                331
            ],
            [
                "1110",
                321
            ],
            [
                "1001",
                201
            ],
            [
                "0101",
                140
            ],
            [
                "1100",
                121
            ],
            [
                "1010",
                76
            ],
            [
                "0001",
                26
            ],
            [
                "1000",
                24
            ],
            [
                "0011",
                23
            ],
            [
                "0110",
                16
            ],
            [
                "0100",
                5
            ],
            [
                "0010",
                3
            ]
        ],
        "num_training_loops": 54,
        "final_training_cost": -7.68798828125,
        "optimal_params": [
            3.2231192241385775,
            1.6224277257612878,
            1.5592262290426704,
            0.03659793442562169,
            1.1034507820216555,
            1.9359885624345279
        ]
    }
}