{
    "metadata": {
        "qaoaLayers": 2,
        "backend_name": "ionq_simulator"
    },
    "result": {
        "instance_id": 52,
        "sampled_distribution": [
            [
                "1111",
                7659
            ],
            [
                "1110",
                456
            ],
            [
                "1011",
                427
            ],
            [
                "1101",
                334
            ],
            [
                "0111",
                332
            ],
            [
                "1100",
                149
            ],
            [
                "1010",
                143
            ],
            [
                "1001",
                139
            ],
            [
                "0011",
                136
            ],
            [
                "0110",
                131
            ],
            [
                "1000",
                28
            ],
            [
                "0101",
                27
            ],
            [
                "0010",
                14
            ],
            [
                "0100",
                11
            ],
            [
                "0001",
                9
            ],
            [
                "0000",
                5
            ]
        ],
        "num_training_loops": 43,
        "final_training_cost": -9.955078125,
        "optimal_params": [
            4.742718532748482,
            1.6779978335119456,
            0.14607461494837998,
            1.218657076670693
        ]
    }
}