{
    "metadata": {
        "qaoaLayers": 2,
        "backend_name": "ionq_simulator"
    },
    "result": {
        "instance_id": 52,
        "sampled_distribution": [
            [
                "1111",
                7524
            ],
            [
                "1011",
                589
            ],
            [
                "1110",
                572
            ],
            [
                "1101",
                538
            ],
            [
                "0111",
                526
            ],
            [
                "1001",
                47
            ],
            [
                "1010",
                46
            ],
            [
                "1100",
                43
            ],
            [
                "0011",
                39
            ],
            [
                "0110",
                39
            ],
            [
                "0101",
                37
            ]
        ],
        "num_training_loops": 38,
        "final_training_cost": -10.59326171875,
        "optimal_params": [
            4.554953173706379,
            1.4511109842088454,
            0.0385970042888218,
            1.2867308315373238
        ]
    }
}