{
    "metadata": {
        "qaoaLayers": 4,
        "backend_name": "ionq_simulator"
    },
    "result": {
        "instance_id": 70,
        "sampled_distribution": [
            [
                "1111",
                1917
            ],
            [
                "1101",
                1332
            ],
            [
                "0111",
                988
            ],
            [
                "1011",
                965
            ],
            [
                "0011",
                815
            ],
            [
                "1001",
                769
            ],
            [
                "0101",
                751
            ],
            [
                "0001",
                540
            ],
            [
                "1110",
                334
            ],
            [
                "0110",
                281
            ],
            [
                "1010",
                269
            ],
            [
                "0010",
                264
            ],
            [
                "1100",
                221
            ],
            [
                "0000",
                206
            ],
            [
                "1000",
                181
            ],
            [
                "0100",
                167
            ]
        ],
        "num_training_loops": 81,
        "final_training_cost": -5.068603515625,
        "optimal_params": [
            4.127945938126403,
            2.426070425653113,
            1.7236111440726951,
            1.112564827620834,
            0.10348704927249214,
            0.6670812331553904,
            1.375509079976105,
            2.336573123999834
        ]
    }
}