{
    "metadata": {
        "qaoaLayers": 2,
        "backend_name": "aer_simulator"
    },
    "result": {
        "instance_id": 47,
        "sampled_distribution": [
            [
                "1111",
                7631
            ],
            [
                "1011",
                553
            ],
            [
                "0111",
                536
            ],
            [
                "1110",
                516
            ],
            [
                "1101",
                515
            ],
            [
                "0101",
                51
            ],
            [
                "1010",
                44
            ],
            [
                "1001",
                40
            ],
            [
                "0011",
                38
            ],
            [
                "0110",
                34
            ],
            [
                "1100",
                32
            ],
            [
                "0001",
                4
            ],
            [
                "1000",
                3
            ],
            [
                "0010",
                2
            ],
            [
                "0100",
                1
            ]
        ],
        "num_training_loops": 39,
        "final_training_cost": -5.626220703125,
        "optimal_params": [
            4.677951857112304,
            1.7996712008072808,
            1.04616650688713,
            1.7720076285385022
        ]
    }
}