{
    "metadata": {
        "qaoaLayers": 2,
        "backend_name": "aer_simulator_from(fake_torino)"
    },
    "result": {
        "instance_id": 23,
        "sampled_distribution": [
            [
                "1111",
                4755
            ],
            [
                "0111",
                1272
            ],
            [
                "1110",
                1222
            ],
            [
                "1101",
                879
            ],
            [
                "1011",
                748
            ],
            [
                "0110",
                245
            ],
            [
                "0101",
                208
            ],
            [
                "1100",
                204
            ],
            [
                "1001",
                162
            ],
            [
                "1010",
                91
            ],
            [
                "0011",
                78
            ],
            [
                "0010",
                61
            ],
            [
                "0100",
                41
            ],
            [
                "0001",
                16
            ],
            [
                "0000",
                10
            ],
            [
                "1000",
                8
            ]
        ],
        "num_training_loops": 35,
        "final_training_cost": -3.3486328125,
        "optimal_params": [
            5.0376827122679675,
            1.3373447643260241,
            -0.21333332679096295,
            1.594028415575716
        ]
    }
}