{
    "metadata": {
        "qaoaLayers": 3,
        "backend_name": "ionq_simulator"
    },
    "result": {
        "instance_id": 16,
        "sampled_distribution": [
            [
                "1111",
                7315
            ],
            [
                "1101",
                1165
            ],
            [
                "0111",
                718
            ],
            [
                "1110",
                687
            ],
            [
                "1011",
                54
            ],
            [
                "0101",
                34
            ],
            [
                "1100",
                27
            ]
        ],
        "num_training_loops": 61,
        "final_training_cost": -8.21240234375,
        "optimal_params": [
            3.1835921152809754,
            1.7496740743306565,
            1.7364021311602749,
            1.053494837896499,
            0.8730320787265354,
            2.381223304865966
        ]
    }
}