{
    "metadata": {
        "qaoaLayers": 1,
        "backend_name": "EMU:15Q:LOGICAL_EARLY"
    },
    "result": {
        "instance_id": 57,
        "sampled_distribution": [
            [
                "1111",
                1726
            ],
            [
                "0111",
                1636
            ],
            [
                "1101",
                848
            ],
            [
                "1011",
                784
            ],
            [
                "0011",
                761
            ],
            [
                "0101",
                713
            ],
            [
                "1110",
                683
            ],
            [
                "0110",
                612
            ],
            [
                "1001",
                378
            ],
            [
                "0001",
                348
            ],
            [
                "1100",
                343
            ],
            [
                "0010",
                317
            ],
            [
                "1010",
                294
            ],
            [
                "0100",
                280
            ],
            [
                "1000",
                142
            ],
            [
                "0000",
                135
            ]
        ],
        "num_training_loops": 19,
        "final_training_cost": -1.343994140625,
        "optimal_params": [
            3.141410764817767,
            0.0009833191112811558
        ]
    }
}