{
    "metadata": {
        "qaoaLayers": 1,
        "backend_name": "ionq_simulator"
    },
    "result": {
        "instance_id": 97,
        "sampled_distribution": [
            [
                "1111",
                7844
            ],
            [
                "0111",
                525
            ],
            [
                "1101",
                486
            ],
            [
                "1011",
                485
            ],
            [
                "1110",
                464
            ],
            [
                "1100",
                37
            ],
            [
                "1010",
                36
            ],
            [
                "0101",
                35
            ],
            [
                "0011",
                34
            ],
            [
                "1001",
                28
            ],
            [
                "0110",
                26
            ]
        ],
        "num_training_loops": 21,
        "final_training_cost": -8.125244140625,
        "optimal_params": [
            3.393224265611867,
            0.03145889128592597
        ]
    }
}