{
    "metadata": {
        "qaoaLayers": 2,
        "backend_name": "ionq_simulator"
    },
    "result": {
        "instance_id": 4,
        "sampled_distribution": [
            [
                "1111",
                7295
            ],
            [
                "0111",
                558
            ],
            [
                "1110",
                503
            ],
            [
                "1011",
                428
            ],
            [
                "1101",
                387
            ],
            [
                "0110",
                161
            ],
            [
                "0011",
                153
            ],
            [
                "0101",
                144
            ],
            [
                "1010",
                131
            ],
            [
                "1100",
                130
            ],
            [
                "0010",
                28
            ],
            [
                "0100",
                26
            ],
            [
                "1001",
                25
            ],
            [
                "0001",
                15
            ],
            [
                "1000",
                11
            ],
            [
                "0000",
                5
            ]
        ],
        "num_training_loops": 38,
        "final_training_cost": -10.02392578125,
        "optimal_params": [
            4.681542688933313,
            1.6977202152305686,
            0.10317278297418299,
            1.2260849257952493
        ]
    }
}