{
    "metadata": {
        "qaoaLayers": 4,
        "backend_name": "aer_simulator"
    },
    "result": {
        "instance_id": 76,
        "sampled_distribution": [
            [
                "1001",
                7838
            ],
            [
                "1011",
                1130
            ],
            [
                "1101",
                531
            ],
            [
                "1100",
                150
            ],
            [
                "0101",
                138
            ],
            [
                "1111",
                73
            ],
            [
                "0001",
                33
            ],
            [
                "1000",
                32
            ],
            [
                "1110",
                31
            ],
            [
                "0111",
                18
            ],
            [
                "0000",
                13
            ],
            [
                "1010",
                7
            ],
            [
                "0011",
                4
            ],
            [
                "0010",
                1
            ],
            [
                "0100",
                1
            ]
        ],
        "num_training_loops": 65,
        "final_training_cost": -4.711669921875,
        "optimal_params": [
            3.1254313170143218,
            2.4499326309835965,
            1.6012579654348553,
            0.811397148129927,
            -0.005870606390410016,
            0.7686389736741567,
            1.5333537790018352,
            2.285347291089711
        ]
    }
}