{
    "metadata": {
        "qaoaLayers": 3,
        "backend_name": "EMU:15Q:LOGICAL_EARLY"
    },
    "result": {
        "instance_id": 44,
        "sampled_distribution": [
            [
                "1100",
                726
            ],
            [
                "1101",
                719
            ],
            [
                "1111",
                707
            ],
            [
                "0111",
                671
            ],
            [
                "0101",
                656
            ],
            [
                "0110",
                638
            ],
            [
                "0100",
                636
            ],
            [
                "1011",
                611
            ],
            [
                "1110",
                600
            ],
            [
                "0001",
                598
            ],
            [
                "1000",
                594
            ],
            [
                "0010",
                585
            ],
            [
                "1010",
                577
            ],
            [
                "0000",
                574
            ],
            [
                "1001",
                558
            ],
            [
                "0011",
                550
            ]
        ],
        "num_training_loops": 48,
        "final_training_cost": -0.218505859375,
        "optimal_params": [
            2.902300295224236,
            1.306210451958994,
            0.9394484937070616,
            1.0230823187418217,
            0.7517902025272938,
            1.860191309660697
        ]
    }
}