{
    "metadata": {
        "qaoaLayers": 4,
        "backend_name": "ionq_simulator"
    },
    "result": {
        "instance_id": 72,
        "sampled_distribution": [
            [
                "1111",
                2739
            ],
            [
                "1011",
                1767
            ],
            [
                "1110",
                1766
            ],
            [
                "0111",
                1162
            ],
            [
                "1101",
                993
            ],
            [
                "0110",
                453
            ],
            [
                "0011",
                435
            ],
            [
                "1010",
                172
            ],
            [
                "0101",
                162
            ],
            [
                "1001",
                149
            ],
            [
                "1100",
                145
            ],
            [
                "0010",
                39
            ],
            [
                "0000",
                18
            ]
        ],
        "num_training_loops": 84,
        "final_training_cost": -8.08154296875,
        "optimal_params": [
            4.138379627054131,
            2.2439639787534857,
            1.516093081487026,
            1.057961778938171,
            -0.027195265269816637,
            0.6985437494907084,
            1.4983769173641508,
            2.397302251937774
        ]
    }
}