{
    "metadata": {
        "qaoaLayers": 3,
        "backend_name": "aer_simulator"
    },
    "result": {
        "instance_id": 98,
        "sampled_distribution": [
            [
                "1111",
                6492
            ],
            [
                "1110",
                1124
            ],
            [
                "1101",
                1100
            ],
            [
                "1011",
                620
            ],
            [
                "0111",
                545
            ],
            [
                "1100",
                65
            ],
            [
                "0011",
                27
            ],
            [
                "1000",
                6
            ],
            [
                "0110",
                5
            ],
            [
                "1010",
                5
            ],
            [
                "0101",
                4
            ],
            [
                "1001",
                3
            ],
            [
                "0100",
                2
            ],
            [
                "0010",
                1
            ],
            [
                "0001",
                1
            ]
        ],
        "num_training_loops": 62,
        "final_training_cost": -10.7705078125,
        "optimal_params": [
            3.349295084598461,
            1.5225553253643451,
            1.424765327148645,
            0.989687626159964,
            1.832290393481521,
            1.1297549306196002
        ]
    }
}