{
    "metadata": {
        "qaoaLayers": 4,
        "backend_name": "aer_simulator"
    },
    "result": {
        "instance_id": 64,
        "sampled_distribution": [
            [
                "1111",
                5541
            ],
            [
                "1110",
                1107
            ],
            [
                "1101",
                1093
            ],
            [
                "1011",
                1087
            ],
            [
                "0111",
                1075
            ],
            [
                "1100",
                18
            ],
            [
                "1001",
                18
            ],
            [
                "1010",
                17
            ],
            [
                "0011",
                17
            ],
            [
                "0101",
                16
            ],
            [
                "0110",
                6
            ],
            [
                "0100",
                3
            ],
            [
                "1000",
                2
            ]
        ],
        "num_training_loops": 62,
        "final_training_cost": -13.346435546875,
        "optimal_params": [
            3.150977552801257,
            3.3551508411840545,
            1.5551173422630655,
            1.7155695403419857,
            1.0020329941140271,
            0.7803896183875515,
            2.5644271973093655,
            3.3622648512356332
        ]
    }
}