{
    "metadata": {
        "qaoaLayers": 3,
        "backend_name": "ionq_simulator"
    },
    "result": {
        "instance_id": 59,
        "sampled_distribution": [
            [
                "1111",
                4237
            ],
            [
                "0111",
                1121
            ],
            [
                "1101",
                1097
            ],
            [
                "1110",
                830
            ],
            [
                "1011",
                810
            ],
            [
                "0101",
                315
            ],
            [
                "1001",
                258
            ],
            [
                "1100",
                257
            ],
            [
                "0011",
                247
            ],
            [
                "0110",
                230
            ],
            [
                "1010",
                185
            ],
            [
                "0010",
                100
            ],
            [
                "0001",
                89
            ],
            [
                "0100",
                89
            ],
            [
                "1000",
                83
            ],
            [
                "0000",
                52
            ]
        ],
        "num_training_loops": 53,
        "final_training_cost": -4.906494140625,
        "optimal_params": [
            3.4126677911362076,
            2.1098041348042575,
            1.045664169524462,
            -0.26948692775195054,
            2.0666053676844696,
            1.9252564100525442
        ]
    }
}