{
    "metadata": {
        "qaoaLayers": 4,
        "backend_name": "ionq_simulator"
    },
    "result": {
        "instance_id": 3,
        "sampled_distribution": [
            [
                "1100",
                7462
            ],
            [
                "1101",
                1175
            ],
            [
                "0110",
                398
            ],
            [
                "1010",
                391
            ],
            [
                "1110",
                326
            ],
            [
                "1111",
                73
            ],
            [
                "0111",
                70
            ],
            [
                "1011",
                65
            ],
            [
                "0000",
                28
            ],
            [
                "0010",
                12
            ]
        ],
        "num_training_loops": 65,
        "final_training_cost": -4.79150390625,
        "optimal_params": [
            3.1524987524678463,
            2.362571223648362,
            1.6088826359080306,
            0.7339184998494408,
            1.0134933098681682,
            0.6588884004056456,
            1.5444803556863034,
            2.3105703845955463
        ]
    }
}