{
    "metadata": {
        "qaoaLayers": 1,
        "backend_name": "EMU:15Q:LOGICAL_EARLY"
    },
    "result": {
        "instance_id": 100,
        "sampled_distribution": [
            [
                "1111",
                1518
            ],
            [
                "0111",
                1322
            ],
            [
                "1011",
                1268
            ],
            [
                "0011",
                1150
            ],
            [
                "1101",
                677
            ],
            [
                "0101",
                560
            ],
            [
                "1001",
                539
            ],
            [
                "0001",
                484
            ],
            [
                "1110",
                477
            ],
            [
                "1010",
                427
            ],
            [
                "0110",
                426
            ],
            [
                "0010",
                387
            ],
            [
                "1100",
                215
            ],
            [
                "0100",
                205
            ],
            [
                "1000",
                186
            ],
            [
                "0000",
                159
            ]
        ],
        "num_training_loops": 19,
        "final_training_cost": -0.878662109375,
        "optimal_params": [
            3.1415145091828265,
            0.0009969420503017257
        ]
    }
}