{
    "metadata": {
        "qaoaLayers": 1,
        "backend_name": "ionq_simulator"
    },
    "result": {
        "instance_id": 52,
        "sampled_distribution": [
            [
                "1111",
                7818
            ],
            [
                "1011",
                542
            ],
            [
                "1110",
                490
            ],
            [
                "0111",
                489
            ],
            [
                "1101",
                487
            ],
            [
                "1100",
                33
            ],
            [
                "1010",
                32
            ],
            [
                "1001",
                29
            ],
            [
                "0101",
                27
            ],
            [
                "0110",
                27
            ],
            [
                "0011",
                26
            ]
        ],
        "num_training_loops": 20,
        "final_training_cost": -10.572265625,
        "optimal_params": [
            3.390804992376885,
            0.11680714604656212
        ]
    }
}