{
    "metadata": {
        "qaoaLayers": 2,
        "backend_name": "aer_simulator"
    },
    "result": {
        "instance_id": 28,
        "sampled_distribution": [
            [
                "1111",
                3916
            ],
            [
                "0111",
                1403
            ],
            [
                "1101",
                1364
            ],
            [
                "1011",
                1332
            ],
            [
                "1110",
                1309
            ],
            [
                "1100",
                317
            ],
            [
                "0011",
                305
            ],
            [
                "0100",
                15
            ],
            [
                "0001",
                9
            ],
            [
                "0010",
                9
            ],
            [
                "0000",
                8
            ],
            [
                "1000",
                6
            ],
            [
                "0110",
                3
            ],
            [
                "1010",
                2
            ],
            [
                "1001",
                1
            ],
            [
                "0101",
                1
            ]
        ],
        "num_training_loops": 50,
        "final_training_cost": -8.586181640625,
        "optimal_params": [
            5.044573547633028,
            1.7208879675213729,
            -0.24211995248176207,
            1.018244906582841
        ]
    }
}