{
    "metadata": {
        "qaoaLayers": 1,
        "backend_name": "ionq_simulator"
    },
    "result": {
        "instance_id": 54,
        "sampled_distribution": [
            [
                "1111",
                8343
            ],
            [
                "1110",
                360
            ],
            [
                "1101",
                320
            ],
            [
                "1011",
                313
            ],
            [
                "0111",
                253
            ],
            [
                "0110",
                86
            ],
            [
                "0101",
                76
            ],
            [
                "1001",
                75
            ],
            [
                "1100",
                75
            ],
            [
                "1010",
                57
            ],
            [
                "0011",
                11
            ],
            [
                "0100",
                10
            ],
            [
                "1000",
                9
            ],
            [
                "0010",
                8
            ],
            [
                "0001",
                3
            ],
            [
                "0000",
                1
            ]
        ],
        "num_training_loops": 22,
        "final_training_cost": -10.287353515625,
        "optimal_params": [
            3.2618658293893428,
            0.9684957464052968
        ]
    }
}