{
    "metadata": {
        "qaoaLayers": 3,
        "backend_name": "aer_simulator_from(fake_torino)"
    },
    "result": {
        "instance_id": 3,
        "sampled_distribution": [
            [
                "1100",
                1705
            ],
            [
                "1110",
                1401
            ],
            [
                "1101",
                1312
            ],
            [
                "1111",
                1014
            ],
            [
                "0110",
                987
            ],
            [
                "1010",
                936
            ],
            [
                "0111",
                773
            ],
            [
                "1011",
                749
            ],
            [
                "0010",
                390
            ],
            [
                "0011",
                243
            ],
            [
                "0100",
                125
            ],
            [
                "1000",
                107
            ],
            [
                "0101",
                94
            ],
            [
                "1001",
                71
            ],
            [
                "0000",
                55
            ],
            [
                "0001",
                38
            ]
        ],
        "num_training_loops": 55,
        "final_training_cost": -3.974365234375,
        "optimal_params": [
            2.5757521937115895,
            1.2936979754847169,
            1.384291940875544,
            -0.01247460386834154,
            1.0908904763393596,
            1.5477415427164252
        ]
    }
}