{
    "metadata": {
        "qaoaLayers": 3,
        "backend_name": "aer_simulator_from(fake_torino)"
    },
    "result": {
        "instance_id": 80,
        "sampled_distribution": [
            [
                "1111",
                5172
            ],
            [
                "1101",
                1204
            ],
            [
                "1110",
                1050
            ],
            [
                "0111",
                871
            ],
            [
                "1011",
                816
            ],
            [
                "0101",
                201
            ],
            [
                "1100",
                190
            ],
            [
                "1010",
                162
            ],
            [
                "0011",
                144
            ],
            [
                "0110",
                69
            ],
            [
                "1001",
                62
            ],
            [
                "1000",
                16
            ],
            [
                "0001",
                16
            ],
            [
                "0100",
                12
            ],
            [
                "0010",
                12
            ],
            [
                "0000",
                3
            ]
        ],
        "num_training_loops": 54,
        "final_training_cost": -5.62548828125,
        "optimal_params": [
            2.901962385423511,
            1.5299240283150388,
            1.7342094787494664,
            -0.320508449635297,
            1.2285221309041612,
            1.0552822222284768
        ]
    }
}