{
    "metadata": {
        "qaoaLayers": 1,
        "backend_name": "aer_simulator_from(fake_torino)"
    },
    "result": {
        "instance_id": 36,
        "sampled_distribution": [
            [
                "1111",
                7249
            ],
            [
                "1101",
                635
            ],
            [
                "1110",
                573
            ],
            [
                "1011",
                568
            ],
            [
                "0111",
                539
            ],
            [
                "1001",
                125
            ],
            [
                "1010",
                80
            ],
            [
                "1100",
                63
            ],
            [
                "0101",
                56
            ],
            [
                "0011",
                53
            ],
            [
                "0110",
                31
            ],
            [
                "1000",
                10
            ],
            [
                "0001",
                9
            ],
            [
                "0100",
                5
            ],
            [
                "0010",
                4
            ]
        ],
        "num_training_loops": 25,
        "final_training_cost": -5.52294921875,
        "optimal_params": [
            2.8942040942548872,
            1.1073919933154373
        ]
    }
}