{
    "metadata": {
        "qaoaLayers": 3,
        "backend_name": "aer_simulator"
    },
    "result": {
        "instance_id": 22,
        "sampled_distribution": [
            [
                "1111",
                7685
            ],
            [
                "1101",
                738
            ],
            [
                "1110",
                539
            ],
            [
                "0111",
                521
            ],
            [
                "1011",
                326
            ],
            [
                "0101",
                64
            ],
            [
                "1100",
                56
            ],
            [
                "1001",
                18
            ],
            [
                "0011",
                17
            ],
            [
                "0110",
                14
            ],
            [
                "1010",
                14
            ],
            [
                "1000",
                3
            ],
            [
                "0100",
                3
            ],
            [
                "0001",
                2
            ]
        ],
        "num_training_loops": 50,
        "final_training_cost": -8.200927734375,
        "optimal_params": [
            3.0057968436215567,
            1.516855785407652,
            1.3172824728097636,
            0.005672367766979301,
            2.0266499180908193,
            2.466311527880922
        ]
    }
}