{
    "metadata": {
        "qaoaLayers": 4,
        "backend_name": "aer_simulator_from(fake_torino)"
    },
    "result": {
        "instance_id": 92,
        "sampled_distribution": [
            [
                "1111",
                3283
            ],
            [
                "0111",
                1302
            ],
            [
                "1110",
                1228
            ],
            [
                "1011",
                1188
            ],
            [
                "1101",
                1070
            ],
            [
                "0101",
                391
            ],
            [
                "1001",
                349
            ],
            [
                "1100",
                276
            ],
            [
                "0110",
                268
            ],
            [
                "0011",
                205
            ],
            [
                "1010",
                180
            ],
            [
                "0100",
                73
            ],
            [
                "0010",
                65
            ],
            [
                "0001",
                55
            ],
            [
                "1000",
                54
            ],
            [
                "0000",
                13
            ]
        ],
        "num_training_loops": 66,
        "final_training_cost": -7.328369140625,
        "optimal_params": [
            4.441104126925245,
            1.7140671017422526,
            1.3698685793769307,
            1.5807006540075157,
            1.000953684136559,
            0.5421898783859748,
            1.4025790227611004,
            2.66411042707541
        ]
    }
}