{
    "metadata": {
        "qaoaLayers": 3,
        "backend_name": "ionq_simulator"
    },
    "result": {
        "instance_id": 60,
        "sampled_distribution": [
            [
                "1111",
                5786
            ],
            [
                "1011",
                834
            ],
            [
                "1101",
                821
            ],
            [
                "0111",
                778
            ],
            [
                "1110",
                775
            ],
            [
                "0110",
                191
            ],
            [
                "1010",
                185
            ],
            [
                "0101",
                183
            ],
            [
                "0011",
                113
            ],
            [
                "1001",
                107
            ],
            [
                "1100",
                98
            ],
            [
                "0100",
                33
            ],
            [
                "0001",
                31
            ],
            [
                "1000",
                31
            ],
            [
                "0010",
                25
            ],
            [
                "0000",
                9
            ]
        ],
        "num_training_loops": 57,
        "final_training_cost": -5.203857421875,
        "optimal_params": [
            2.849770052937459,
            1.6718905139176312,
            1.5247849000058569,
            -0.5575728281982766,
            1.3791283464153798,
            1.1228139824607222
        ]
    }
}