{
    "metadata": {
        "qaoaLayers": 3,
        "backend_name": "EMU:15Q:LOGICAL_EARLY"
    },
    "result": {
        "instance_id": 45,
        "sampled_distribution": [
            [
                "1001",
                670
            ],
            [
                "0110",
                663
            ],
            [
                "0001",
                656
            ],
            [
                "0101",
                649
            ],
            [
                "0011",
                648
            ],
            [
                "1000",
                629
            ],
            [
                "0111",
                629
            ],
            [
                "1011",
                623
            ],
            [
                "0010",
                621
            ],
            [
                "1111",
                618
            ],
            [
                "1100",
                611
            ],
            [
                "1101",
                605
            ],
            [
                "1010",
                603
            ],
            [
                "1110",
                595
            ],
            [
                "0000",
                590
            ],
            [
                "0100",
                590
            ]
        ],
        "num_training_loops": 41,
        "final_training_cost": -0.253662109375,
        "optimal_params": [
            3.1418795745293306,
            2.0936185318220155,
            2.0474268401491127,
            0.999987254435268,
            1.0471066450226563,
            3.093891500648952
        ]
    }
}