{
    "metadata": {
        "qaoaLayers": 1,
        "backend_name": "aer_simulator"
    },
    "result": {
        "instance_id": 76,
        "sampled_distribution": [
            [
                "1111",
                7611
            ],
            [
                "1011",
                561
            ],
            [
                "1101",
                542
            ],
            [
                "1110",
                527
            ],
            [
                "0111",
                507
            ],
            [
                "0011",
                51
            ],
            [
                "0101",
                48
            ],
            [
                "1100",
                43
            ],
            [
                "0110",
                37
            ],
            [
                "1010",
                33
            ],
            [
                "1001",
                28
            ],
            [
                "0001",
                7
            ],
            [
                "0010",
                2
            ],
            [
                "1000",
                2
            ],
            [
                "0100",
                1
            ]
        ],
        "num_training_loops": 22,
        "final_training_cost": -3.173828125,
        "optimal_params": [
            3.399753744616924,
            -0.0041273762386241485
        ]
    }
}