{
    "metadata": {
        "qaoaLayers": 4,
        "backend_name": "aer_simulator_from(fake_torino)"
    },
    "result": {
        "instance_id": 48,
        "sampled_distribution": [
            [
                "0010",
                2885
            ],
            [
                "1000",
                2809
            ],
            [
                "1010",
                1262
            ],
            [
                "0011",
                528
            ],
            [
                "0110",
                513
            ],
            [
                "1001",
                502
            ],
            [
                "1100",
                486
            ],
            [
                "1011",
                247
            ],
            [
                "1110",
                230
            ],
            [
                "0000",
                207
            ],
            [
                "1101",
                109
            ],
            [
                "0111",
                99
            ],
            [
                "1111",
                43
            ],
            [
                "0001",
                36
            ],
            [
                "0100",
                30
            ],
            [
                "0101",
                14
            ]
        ],
        "num_training_loops": 78,
        "final_training_cost": -2.775390625,
        "optimal_params": [
            3.082569697309692,
            2.1117022256739855,
            1.8966414890571204,
            0.9797914852923656,
            1.4014489943911244,
            0.6258593180285569,
            1.5425698689768363,
            2.105144086214454
        ]
    }
}