{
    "metadata": {
        "qaoaLayers": 2,
        "backend_name": "ionq_simulator"
    },
    "result": {
        "instance_id": 83,
        "sampled_distribution": [
            [
                "1111",
                3110
            ],
            [
                "1011",
                1504
            ],
            [
                "1110",
                1503
            ],
            [
                "0111",
                1482
            ],
            [
                "1101",
                1473
            ],
            [
                "0011",
                445
            ],
            [
                "1100",
                415
            ],
            [
                "0010",
                25
            ],
            [
                "0100",
                17
            ],
            [
                "0001",
                15
            ],
            [
                "1000",
                11
            ]
        ],
        "num_training_loops": 43,
        "final_training_cost": -8.59521484375,
        "optimal_params": [
            5.0828251149877,
            1.3543256393276182,
            0.77103663373125,
            1.4396971709605624
        ]
    }
}