{
    "metadata": {
        "qaoaLayers": 20,
        "backend_name": "ionq_simulator"
    },
    "result": {
        "instance_id": 71,
        "sampled_distribution": [
            [
                "0010",
                5750
            ],
            [
                "0011",
                2105
            ],
            [
                "1100",
                688
            ],
            [
                "0110",
                343
            ],
            [
                "1010",
                342
            ],
            [
                "1101",
                229
            ],
            [
                "1110",
                178
            ],
            [
                "1011",
                133
            ],
            [
                "0111",
                120
            ],
            [
                "1111",
                77
            ],
            [
                "0100",
                15
            ],
            [
                "0000",
                12
            ],
            [
                "1000",
                8
            ]
        ],
        "num_training_loops": 324,
        "final_training_cost": -5.467041015625,
        "optimal_params": [
            4.255638848495492,
            3.9970982703495888,
            3.857105025126432,
            2.762954651103267,
            2.824365040031584,
            2.3399260768204604,
            2.1028570534985582,
            2.0320914574720925,
            1.8106528691736132,
            1.7077920318162463,
            1.5026740634663993,
            1.3661974255669367,
            1.2440156720179156,
            1.120156657298213,
            0.9423099381566759,
            0.9798062277047918,
            0.6190871406562252,
            0.6873726834910736,
            0.3034889367855244,
            0.14981777787246783,
            0.05525352599930902,
            0.141248547565831,
            0.30997262389572416,
            0.44942028127748246,
            0.6206395906935915,
            0.7867593581388155,
            0.9403472548792006,
            1.1036698936709508,
            1.2229630487797187,
            1.414155259100142,
            1.5942227101229642,
            1.7201991179426506,
            1.8679971335957641,
            2.0304193821852583,
            2.1693782655704976,
            2.3336539760060124,
            2.5041455048570795,
            2.614577980857103,
            2.827117906436698,
            2.9633802609189637
        ]
    }
}