{
    "metadata": {
        "qaoaLayers": 4,
        "backend_name": "aer_simulator_from(fake_torino)"
    },
    "result": {
        "instance_id": 46,
        "sampled_distribution": [
            [
                "1111",
                6039
            ],
            [
                "1110",
                1243
            ],
            [
                "0111",
                780
            ],
            [
                "1101",
                592
            ],
            [
                "1011",
                346
            ],
            [
                "0110",
                293
            ],
            [
                "1010",
                208
            ],
            [
                "1100",
                174
            ],
            [
                "0101",
                126
            ],
            [
                "1001",
                42
            ],
            [
                "0010",
                37
            ],
            [
                "0011",
                36
            ],
            [
                "0100",
                35
            ],
            [
                "1000",
                32
            ],
            [
                "0000",
                10
            ],
            [
                "0001",
                7
            ]
        ],
        "num_training_loops": 79,
        "final_training_cost": -7.369384765625,
        "optimal_params": [
            4.366979826515011,
            2.0327089841436434,
            1.4101393185356215,
            1.3131994963898943,
            0.9560070943661603,
            0.6630503406740301,
            1.5975422872020926,
            2.458769778572638
        ]
    }
}