{
    "metadata": {
        "qaoaLayers": 2,
        "backend_name": "ionq_simulator"
    },
    "result": {
        "instance_id": 31,
        "sampled_distribution": [
            [
                "1111",
                8800
            ],
            [
                "1011",
                330
            ],
            [
                "0111",
                299
            ],
            [
                "1110",
                298
            ],
            [
                "1101",
                257
            ],
            [
                "0011",
                9
            ],
            [
                "1010",
                7
            ]
        ],
        "num_training_loops": 35,
        "final_training_cost": -8.111328125,
        "optimal_params": [
            4.631323230723476,
            1.4613696765625506,
            1.378459456584358,
            1.2919622544582416
        ]
    }
}