{
    "metadata": {
        "qaoaLayers": 3,
        "backend_name": "aer_simulator"
    },
    "result": {
        "instance_id": 35,
        "sampled_distribution": [
            [
                "1111",
                3830
            ],
            [
                "1101",
                1897
            ],
            [
                "1011",
                1762
            ],
            [
                "0111",
                1734
            ],
            [
                "1110",
                401
            ],
            [
                "0110",
                121
            ],
            [
                "1010",
                106
            ],
            [
                "1100",
                69
            ],
            [
                "0011",
                35
            ],
            [
                "0101",
                19
            ],
            [
                "1001",
                19
            ],
            [
                "0010",
                3
            ],
            [
                "0000",
                2
            ],
            [
                "0001",
                1
            ],
            [
                "0100",
                1
            ]
        ],
        "num_training_loops": 58,
        "final_training_cost": -8.48291015625,
        "optimal_params": [
            3.391662549669934,
            1.8023492806995816,
            1.4067146741760457,
            -0.1265333283310938,
            1.0757265326103354,
            2.0603533319473937
        ]
    }
}