{
    "metadata": {
        "qaoaLayers": 1,
        "backend_name": "ionq_simulator"
    },
    "result": {
        "instance_id": 37,
        "sampled_distribution": [
            [
                "1111",
                8686
            ],
            [
                "1011",
                307
            ],
            [
                "1110",
                242
            ],
            [
                "0111",
                228
            ],
            [
                "1101",
                188
            ],
            [
                "1001",
                88
            ],
            [
                "0110",
                80
            ],
            [
                "1010",
                77
            ],
            [
                "0011",
                71
            ],
            [
                "0101",
                9
            ],
            [
                "1100",
                8
            ],
            [
                "0001",
                7
            ],
            [
                "0010",
                5
            ],
            [
                "0100",
                2
            ],
            [
                "1000",
                2
            ]
        ],
        "num_training_loops": 27,
        "final_training_cost": -7.81787109375,
        "optimal_params": [
            3.039026861110847,
            0.10861590701164309
        ]
    }
}