{
    "metadata": {
        "qaoaLayers": 2,
        "backend_name": "EMU:15Q:LOGICAL_EARLY"
    },
    "result": {
        "instance_id": 37,
        "sampled_distribution": [
            [
                "1011",
                712
            ],
            [
                "0111",
                690
            ],
            [
                "1101",
                662
            ],
            [
                "1111",
                647
            ],
            [
                "0011",
                646
            ],
            [
                "1001",
                638
            ],
            [
                "0001",
                627
            ],
            [
                "0101",
                624
            ],
            [
                "0010",
                618
            ],
            [
                "1000",
                600
            ],
            [
                "0100",
                599
            ],
            [
                "1110",
                598
            ],
            [
                "1010",
                595
            ],
            [
                "0000",
                590
            ],
            [
                "0110",
                582
            ],
            [
                "1100",
                572
            ]
        ],
        "num_training_loops": 30,
        "final_training_cost": -0.437744140625,
        "optimal_params": [
            4.140813876304687,
            1.5706654209872675,
            0.9999170564498479,
            1.5714041836672108
        ]
    }
}