{
    "metadata": {
        "qaoaLayers": 20,
        "backend_name": "aer_simulator"
    },
    "result": {
        "instance_id": 73,
        "sampled_distribution": [
            [
                "1001",
                2906
            ],
            [
                "0101",
                2839
            ],
            [
                "1110",
                1411
            ],
            [
                "1111",
                873
            ],
            [
                "0001",
                623
            ],
            [
                "1101",
                376
            ],
            [
                "0011",
                344
            ],
            [
                "0111",
                222
            ],
            [
                "1011",
                217
            ],
            [
                "0110",
                54
            ],
            [
                "1010",
                45
            ],
            [
                "1100",
                27
            ],
            [
                "1000",
                24
            ],
            [
                "0100",
                18
            ],
            [
                "0000",
                12
            ],
            [
                "0010",
                9
            ]
        ],
        "num_training_loops": 326,
        "final_training_cost": -8.478515625,
        "optimal_params": [
            4.552002270464122,
            3.968278208777713,
            3.8316940576612395,
            2.6620768512685657,
            2.515728999796076,
            2.3609512178514174,
            3.198075940151474,
            2.050416298026916,
            2.1014020580871833,
            1.602300737438238,
            1.577409121482225,
            1.7093115080520271,
            1.2573726927258706,
            1.098450251430247,
            0.9341358034209946,
            0.7896915406638502,
            0.6324100318743858,
            0.4765158936810425,
            0.29148070255449077,
            0.14648410903147194,
            -0.012289652411342654,
            0.19331908424744285,
            0.31848985962378645,
            0.46105630808627784,
            0.6332320403537811,
            0.7983039894079873,
            0.9475896840050675,
            1.0928711485396294,
            1.264750172309067,
            1.4163702213648948,
            1.55419180466787,
            1.6991205926793926,
            1.8805557503162664,
            2.0518144559675933,
            2.2162075182209136,
            3.352382650186172,
            2.5121087484461073,
            2.7057804317154446,
            3.8210499574316517,
            2.9801973609138233
        ]
    }
}