{
    "metadata": {
        "qaoaLayers": 2,
        "backend_name": "EMU:15Q:LOGICAL_EARLY"
    },
    "result": {
        "instance_id": 18,
        "sampled_distribution": [
            [
                "1111",
                715
            ],
            [
                "0011",
                709
            ],
            [
                "0111",
                685
            ],
            [
                "0010",
                674
            ],
            [
                "0110",
                669
            ],
            [
                "1011",
                662
            ],
            [
                "1110",
                643
            ],
            [
                "1010",
                638
            ],
            [
                "1100",
                624
            ],
            [
                "0101",
                591
            ],
            [
                "0000",
                580
            ],
            [
                "1000",
                568
            ],
            [
                "0001",
                566
            ],
            [
                "0100",
                564
            ],
            [
                "1001",
                563
            ],
            [
                "1101",
                549
            ]
        ],
        "num_training_loops": 31,
        "final_training_cost": -0.3662109375,
        "optimal_params": [
            4.141050619607058,
            1.5707337901080929,
            0.0008185375079863561,
            1.5706166474349694
        ]
    }
}