{
    "metadata": {
        "qaoaLayers": 20,
        "backend_name": "aer_simulator"
    },
    "result": {
        "instance_id": 96,
        "sampled_distribution": [
            [
                "0001",
                4567
            ],
            [
                "0101",
                4169
            ],
            [
                "0011",
                286
            ],
            [
                "1001",
                255
            ],
            [
                "1101",
                248
            ],
            [
                "0111",
                213
            ],
            [
                "1111",
                109
            ],
            [
                "1011",
                105
            ],
            [
                "0110",
                9
            ],
            [
                "0010",
                8
            ],
            [
                "1010",
                8
            ],
            [
                "1000",
                7
            ],
            [
                "1100",
                6
            ],
            [
                "0100",
                4
            ],
            [
                "1110",
                4
            ],
            [
                "0000",
                2
            ]
        ],
        "num_training_loops": 343,
        "final_training_cost": -5.3388671875,
        "optimal_params": [
            4.116521127993164,
            4.032041829744715,
            3.8387125912501676,
            2.676343423529047,
            2.6894601871594883,
            2.5592405943439562,
            2.1366452242436114,
            2.0122568273512416,
            1.8586836156925328,
            1.7013603508657893,
            1.5279570451883164,
            1.371572944795851,
            1.4436422549152916,
            1.198097801208214,
            0.8769701314095367,
            0.7820855558618083,
            0.34452504971107173,
            0.5562905867156631,
            0.24725120372747736,
            0.049141841302600305,
            1.0058422087428565,
            0.15133279704747082,
            0.3117934251740872,
            0.465287798146265,
            0.636988813774574,
            0.7852929958343575,
            0.9231264754410154,
            1.0908381344245595,
            1.2449143952372315,
            1.4125597877463325,
            1.5450524469460178,
            1.7130480790707474,
            1.8678143388842845,
            2.04216374870971,
            2.186343874576023,
            2.3269346883268627,
            2.520473886802379,
            2.661504600256685,
            2.8163797843236402,
            2.9795405109829383
        ]
    }
}