{
    "metadata": {
        "qaoaLayers": 1,
        "backend_name": "aer_simulator_from(fake_torino)"
    },
    "result": {
        "instance_id": 2,
        "sampled_distribution": [
            [
                "1111",
                8759
            ],
            [
                "1101",
                338
            ],
            [
                "1110",
                333
            ],
            [
                "0111",
                196
            ],
            [
                "1011",
                145
            ],
            [
                "1100",
                84
            ],
            [
                "0101",
                34
            ],
            [
                "1010",
                31
            ],
            [
                "1001",
                30
            ],
            [
                "0110",
                25
            ],
            [
                "0011",
                18
            ],
            [
                "1000",
                3
            ],
            [
                "0010",
                3
            ],
            [
                "0100",
                1
            ]
        ],
        "num_training_loops": 22,
        "final_training_cost": -12.864501953125,
        "optimal_params": [
            3.1272199806552843,
            0.9972948717002393
        ]
    }
}