{
    "metadata": {
        "qaoaLayers": 3,
        "backend_name": "aer_simulator_from(fake_torino)"
    },
    "result": {
        "instance_id": 99,
        "sampled_distribution": [
            [
                "1111",
                6349
            ],
            [
                "1101",
                757
            ],
            [
                "1011",
                735
            ],
            [
                "0111",
                590
            ],
            [
                "1110",
                468
            ],
            [
                "1001",
                214
            ],
            [
                "0101",
                174
            ],
            [
                "0011",
                165
            ],
            [
                "1010",
                149
            ],
            [
                "1100",
                113
            ],
            [
                "0001",
                63
            ],
            [
                "0110",
                60
            ],
            [
                "1000",
                60
            ],
            [
                "0100",
                43
            ],
            [
                "0010",
                36
            ],
            [
                "0000",
                24
            ]
        ],
        "num_training_loops": 52,
        "final_training_cost": -7.395751953125,
        "optimal_params": [
            3.2285396183151245,
            1.766772050807272,
            1.1360504946139103,
            1.0001774726036574,
            1.0861542401002338,
            1.966038603885945
        ]
    }
}