{
    "metadata": {
        "qaoaLayers": 1,
        "backend_name": "ionq_simulator"
    },
    "result": {
        "instance_id": 68,
        "sampled_distribution": [
            [
                "1111",
                6745
            ],
            [
                "1011",
                738
            ],
            [
                "0111",
                720
            ],
            [
                "1101",
                700
            ],
            [
                "1110",
                681
            ],
            [
                "0011",
                79
            ],
            [
                "1100",
                77
            ],
            [
                "0110",
                74
            ],
            [
                "1001",
                64
            ],
            [
                "1010",
                63
            ],
            [
                "0101",
                59
            ]
        ],
        "num_training_loops": 22,
        "final_training_cost": -3.242919921875,
        "optimal_params": [
            3.454441946043148,
            -0.005364448809300573
        ]
    }
}