{
    "metadata": {
        "qaoaLayers": 4,
        "backend_name": "ionq_simulator"
    },
    "result": {
        "instance_id": 9,
        "sampled_distribution": [
            [
                "1111",
                6854
            ],
            [
                "1110",
                677
            ],
            [
                "1101",
                517
            ],
            [
                "0111",
                509
            ],
            [
                "1011",
                292
            ],
            [
                "0110",
                262
            ],
            [
                "1100",
                254
            ],
            [
                "0101",
                243
            ],
            [
                "1010",
                220
            ],
            [
                "0100",
                60
            ],
            [
                "1001",
                35
            ],
            [
                "0011",
                23
            ],
            [
                "0010",
                22
            ],
            [
                "1000",
                22
            ],
            [
                "0000",
                6
            ],
            [
                "0001",
                4
            ]
        ],
        "num_training_loops": 76,
        "final_training_cost": -7.195068359375,
        "optimal_params": [
            4.62854561213226,
            1.6333729632614566,
            1.6335370344766311,
            1.5644591923964584,
            1.2558989621615504,
            0.631716625120377,
            1.3773149025965283,
            2.015103829713206
        ]
    }
}