{
    "metadata": {
        "qaoaLayers": 4,
        "backend_name": "aer_simulator_from(fake_torino)"
    },
    "result": {
        "instance_id": 95,
        "sampled_distribution": [
            [
                "1100",
                3064
            ],
            [
                "1101",
                1663
            ],
            [
                "1110",
                1642
            ],
            [
                "1111",
                745
            ],
            [
                "1010",
                477
            ],
            [
                "0101",
                451
            ],
            [
                "1011",
                426
            ],
            [
                "0111",
                373
            ],
            [
                "1000",
                228
            ],
            [
                "0100",
                192
            ],
            [
                "0011",
                183
            ],
            [
                "1001",
                152
            ],
            [
                "0110",
                131
            ],
            [
                "0001",
                116
            ],
            [
                "0010",
                107
            ],
            [
                "0000",
                50
            ]
        ],
        "num_training_loops": 66,
        "final_training_cost": -5.4736328125,
        "optimal_params": [
            4.189986213941818,
            2.3267248000148584,
            1.4932230990256,
            0.88779261842948,
            1.1303649432544327,
            0.7637830246783944,
            1.524666732622669,
            2.327475671886115
        ]
    }
}