{
    "metadata": {
        "qaoaLayers": 4,
        "backend_name": "ionq_simulator"
    },
    "result": {
        "instance_id": 23,
        "sampled_distribution": [
            [
                "1001",
                6196
            ],
            [
                "1011",
                2168
            ],
            [
                "1101",
                594
            ],
            [
                "0101",
                314
            ],
            [
                "1100",
                267
            ],
            [
                "1111",
                215
            ],
            [
                "1110",
                129
            ],
            [
                "0111",
                98
            ],
            [
                "0000",
                19
            ]
        ],
        "num_training_loops": 64,
        "final_training_cost": -4.62060546875,
        "optimal_params": [
            3.2232751829261117,
            2.2712725993879292,
            1.6164234448383306,
            0.6709185964695532,
            0.0057570641645631575,
            1.7780498545256278,
            1.5235274432525432,
            2.327661494016415
        ]
    }
}