{
    "metadata": {
        "qaoaLayers": 4,
        "backend_name": "ionq_simulator"
    },
    "result": {
        "instance_id": 56,
        "sampled_distribution": [
            [
                "1111",
                4743
            ],
            [
                "1011",
                1520
            ],
            [
                "0111",
                1012
            ],
            [
                "1101",
                975
            ],
            [
                "1110",
                309
            ],
            [
                "1010",
                306
            ],
            [
                "1001",
                302
            ],
            [
                "0011",
                250
            ],
            [
                "0101",
                244
            ],
            [
                "0001",
                89
            ],
            [
                "0110",
                64
            ],
            [
                "1100",
                63
            ],
            [
                "0010",
                48
            ],
            [
                "1000",
                44
            ],
            [
                "0100",
                16
            ],
            [
                "0000",
                15
            ]
        ],
        "num_training_loops": 67,
        "final_training_cost": -7.095458984375,
        "optimal_params": [
            4.379927012512764,
            1.9749908160219778,
            1.39732499514284,
            1.2778165395093153,
            1.1411391384550063,
            0.678194175183173,
            1.5676165085249572,
            2.431895649111052
        ]
    }
}