{
    "metadata": {
        "qaoaLayers": 2,
        "backend_name": "aer_simulator_from(fake_torino)"
    },
    "result": {
        "instance_id": 90,
        "sampled_distribution": [
            [
                "1111",
                3886
            ],
            [
                "1101",
                2224
            ],
            [
                "0111",
                1162
            ],
            [
                "1110",
                1115
            ],
            [
                "1011",
                416
            ],
            [
                "0110",
                301
            ],
            [
                "0101",
                212
            ],
            [
                "1001",
                209
            ],
            [
                "1100",
                161
            ],
            [
                "0011",
                120
            ],
            [
                "1010",
                112
            ],
            [
                "0010",
                31
            ],
            [
                "0100",
                20
            ],
            [
                "0001",
                18
            ],
            [
                "1000",
                12
            ],
            [
                "0000",
                1
            ]
        ],
        "num_training_loops": 41,
        "final_training_cost": -3.236572265625,
        "optimal_params": [
            5.226670451936652,
            1.8599732083010936,
            -0.25150520333397636,
            2.575841575399012
        ]
    }
}