{
    "metadata": {
        "qaoaLayers": 4,
        "backend_name": "ionq_simulator"
    },
    "result": {
        "instance_id": 90,
        "sampled_distribution": [
            [
                "1001",
                5232
            ],
            [
                "1011",
                1768
            ],
            [
                "1101",
                939
            ],
            [
                "1010",
                388
            ],
            [
                "0011",
                365
            ],
            [
                "1111",
                336
            ],
            [
                "1000",
                289
            ],
            [
                "0001",
                260
            ],
            [
                "0010",
                78
            ],
            [
                "0000",
                76
            ],
            [
                "1110",
                62
            ],
            [
                "0101",
                59
            ],
            [
                "0111",
                55
            ],
            [
                "1100",
                55
            ],
            [
                "0110",
                20
            ],
            [
                "0100",
                18
            ]
        ],
        "num_training_loops": 66,
        "final_training_cost": -3.83642578125,
        "optimal_params": [
            3.1288282704085515,
            2.4297942901147427,
            1.5520007920662438,
            0.7573298250452598,
            1.062927311226106,
            0.7858822476144831,
            1.5106051780291012,
            2.3063319121261654
        ]
    }
}