{
    "metadata": {
        "qaoaLayers": 4,
        "backend_name": "aer_simulator"
    },
    "result": {
        "instance_id": 9,
        "sampled_distribution": [
            [
                "1111",
                2803
            ],
            [
                "0111",
                1554
            ],
            [
                "1101",
                1526
            ],
            [
                "1011",
                1410
            ],
            [
                "1001",
                742
            ],
            [
                "0011",
                719
            ],
            [
                "0101",
                574
            ],
            [
                "0001",
                282
            ],
            [
                "1100",
                81
            ],
            [
                "0110",
                79
            ],
            [
                "0010",
                48
            ],
            [
                "1000",
                47
            ],
            [
                "0100",
                45
            ],
            [
                "1110",
                35
            ],
            [
                "1010",
                28
            ],
            [
                "0000",
                27
            ]
        ],
        "num_training_loops": 79,
        "final_training_cost": -7.5361328125,
        "optimal_params": [
            4.142178953955342,
            2.261213642277087,
            1.5711701445713575,
            1.1251779080622366,
            -0.015367043936825918,
            0.6300224243173833,
            1.547715080862164,
            2.287274459828499
        ]
    }
}