{
    "metadata": {
        "qaoaLayers": 1,
        "backend_name": "EMU:15Q:LOGICAL_EARLY"
    },
    "result": {
        "instance_id": 17,
        "sampled_distribution": [
            [
                "1111",
                942
            ],
            [
                "1011",
                935
            ],
            [
                "0111",
                893
            ],
            [
                "0011",
                888
            ],
            [
                "1101",
                841
            ],
            [
                "0101",
                824
            ],
            [
                "1001",
                799
            ],
            [
                "0001",
                799
            ],
            [
                "1010",
                451
            ],
            [
                "0110",
                439
            ],
            [
                "1110",
                406
            ],
            [
                "0010",
                379
            ],
            [
                "0000",
                371
            ],
            [
                "1000",
                356
            ],
            [
                "1100",
                349
            ],
            [
                "0100",
                328
            ]
        ],
        "num_training_loops": 19,
        "final_training_cost": -2.99560546875,
        "optimal_params": [
            3.141361283706516,
            0.0009728658577174326
        ]
    }
}