{
    "metadata": {
        "qaoaLayers": 3,
        "backend_name": "aer_simulator"
    },
    "result": {
        "instance_id": 18,
        "sampled_distribution": [
            [
                "1111",
                7468
            ],
            [
                "1110",
                606
            ],
            [
                "0111",
                604
            ],
            [
                "1011",
                532
            ],
            [
                "1101",
                517
            ],
            [
                "0011",
                49
            ],
            [
                "1001",
                48
            ],
            [
                "0110",
                47
            ],
            [
                "0101",
                46
            ],
            [
                "1100",
                44
            ],
            [
                "1010",
                35
            ],
            [
                "0010",
                2
            ],
            [
                "0001",
                1
            ],
            [
                "1000",
                1
            ]
        ],
        "num_training_loops": 51,
        "final_training_cost": -5.6474609375,
        "optimal_params": [
            3.1441372290064993,
            1.3623935691252216,
            1.4956667378683397,
            1.0483448963126378,
            0.8843341085426911,
            1.322721444982478
        ]
    }
}