{
    "metadata": {
        "qaoaLayers": 3,
        "backend_name": "aer_simulator_from(fake_torino)"
    },
    "result": {
        "instance_id": 32,
        "sampled_distribution": [
            [
                "1111",
                1495
            ],
            [
                "0111",
                1136
            ],
            [
                "1110",
                1136
            ],
            [
                "1011",
                1117
            ],
            [
                "1101",
                1081
            ],
            [
                "0101",
                926
            ],
            [
                "0110",
                874
            ],
            [
                "1001",
                871
            ],
            [
                "1010",
                851
            ],
            [
                "1100",
                102
            ],
            [
                "0011",
                96
            ],
            [
                "0001",
                88
            ],
            [
                "0100",
                79
            ],
            [
                "1000",
                78
            ],
            [
                "0010",
                62
            ],
            [
                "0000",
                8
            ]
        ],
        "num_training_loops": 55,
        "final_training_cost": -3.785400390625,
        "optimal_params": [
            3.030092355504832,
            2.0446550128246854,
            0.7140400770019959,
            1.0148598149666115,
            0.9090651256558868,
            2.0807701920164714
        ]
    }
}