{
    "metadata": {
        "qaoaLayers": 1,
        "backend_name": "aer_simulator"
    },
    "result": {
        "instance_id": 51,
        "sampled_distribution": [
            [
                "1111",
                5850
            ],
            [
                "0111",
                859
            ],
            [
                "1101",
                833
            ],
            [
                "1011",
                830
            ],
            [
                "1110",
                805
            ],
            [
                "0011",
                146
            ],
            [
                "0110",
                139
            ],
            [
                "1010",
                132
            ],
            [
                "0101",
                116
            ],
            [
                "1001",
                115
            ],
            [
                "1100",
                110
            ],
            [
                "0001",
                21
            ],
            [
                "0100",
                18
            ],
            [
                "0010",
                14
            ],
            [
                "1000",
                10
            ],
            [
                "0000",
                2
            ]
        ],
        "num_training_loops": 23,
        "final_training_cost": -3.211669921875,
        "optimal_params": [
            3.5043471108643347,
            -0.01665561923433933
        ]
    }
}