{
    "metadata": {
        "qaoaLayers": 20,
        "backend_name": "ionq_simulator"
    },
    "result": {
        "instance_id": 44,
        "sampled_distribution": [
            [
                "1000",
                4357
            ],
            [
                "0100",
                4342
            ],
            [
                "1010",
                308
            ],
            [
                "1001",
                296
            ],
            [
                "0110",
                290
            ],
            [
                "0101",
                262
            ],
            [
                "1100",
                110
            ],
            [
                "0111",
                20
            ],
            [
                "1011",
                15
            ]
        ],
        "num_training_loops": 342,
        "final_training_cost": -3.370361328125,
        "optimal_params": [
            3.143214406231269,
            4.08721426405449,
            2.6882885311533182,
            3.650491371415642,
            2.511540410453455,
            2.441200558211664,
            2.204781147737726,
            2.115216622554765,
            2.9245901710941653,
            1.749224415348786,
            1.586170385871983,
            1.1134439540577956,
            1.25727215059702,
            1.0724431997901367,
            1.4399681058363345,
            1.0289212659632987,
            0.504613848311722,
            0.3410691928223225,
            0.24922826618363844,
            0.04656005216586967,
            0.9603410891455364,
            0.18327178927896945,
            0.29095933595301254,
            1.4797785599925226,
            0.6237992438138652,
            1.773404544108233,
            0.9502046475007688,
            1.0784967351436359,
            1.2786294498689206,
            1.4099191683436412,
            1.608989062622088,
            1.6745711692820195,
            1.8938075727959893,
            2.035818043581908,
            2.178743322393288,
            2.365362604752306,
            2.4950275507990702,
            2.673619282107107,
            2.763792452063568,
            3.000703376676028
        ]
    }
}