{
    "metadata": {
        "qaoaLayers": 2,
        "backend_name": "ionq_simulator"
    },
    "result": {
        "instance_id": 62,
        "sampled_distribution": [
            [
                "1111",
                8545
            ],
            [
                "1011",
                376
            ],
            [
                "1110",
                361
            ],
            [
                "1101",
                332
            ],
            [
                "0111",
                331
            ],
            [
                "1100",
                16
            ],
            [
                "0101",
                10
            ],
            [
                "0110",
                9
            ],
            [
                "1001",
                8
            ],
            [
                "0011",
                6
            ],
            [
                "1010",
                6
            ]
        ],
        "num_training_loops": 40,
        "final_training_cost": -10.601806640625,
        "optimal_params": [
            4.506763223682693,
            1.5795179405549653,
            -0.18862689406685326,
            2.651663669418109
        ]
    }
}