{
    "metadata": {
        "qaoaLayers": 2,
        "backend_name": "ionq_simulator"
    },
    "result": {
        "instance_id": 48,
        "sampled_distribution": [
            [
                "1111",
                3640
            ],
            [
                "0111",
                1202
            ],
            [
                "1101",
                1142
            ],
            [
                "1011",
                942
            ],
            [
                "1110",
                915
            ],
            [
                "0101",
                378
            ],
            [
                "0110",
                319
            ],
            [
                "0011",
                297
            ],
            [
                "1001",
                287
            ],
            [
                "1100",
                283
            ],
            [
                "1010",
                235
            ],
            [
                "0001",
                89
            ],
            [
                "0010",
                88
            ],
            [
                "0100",
                88
            ],
            [
                "1000",
                80
            ],
            [
                "0000",
                15
            ]
        ],
        "num_training_loops": 35,
        "final_training_cost": -0.844970703125,
        "optimal_params": [
            4.252035208386127,
            1.5061357044137966,
            -0.07315942084556121,
            1.5075023696651877
        ]
    }
}