{
    "metadata": {
        "qaoaLayers": 4,
        "backend_name": "aer_simulator"
    },
    "result": {
        "instance_id": 89,
        "sampled_distribution": [
            [
                "1100",
                4690
            ],
            [
                "1101",
                1503
            ],
            [
                "1110",
                1494
            ],
            [
                "1001",
                507
            ],
            [
                "0110",
                495
            ],
            [
                "1111",
                408
            ],
            [
                "1011",
                224
            ],
            [
                "0111",
                199
            ],
            [
                "0011",
                125
            ],
            [
                "0101",
                69
            ],
            [
                "0001",
                63
            ],
            [
                "0000",
                61
            ],
            [
                "0010",
                59
            ],
            [
                "1010",
                53
            ],
            [
                "0100",
                26
            ],
            [
                "1000",
                24
            ]
        ],
        "num_training_loops": 72,
        "final_training_cost": -6.346923828125,
        "optimal_params": [
            4.193001060451733,
            2.393489984515647,
            1.5429201236803645,
            0.8707598050452412,
            0.9688126650423694,
            0.7539622156635933,
            1.5090932696365504,
            2.3136599741172437
        ]
    }
}