{
    "metadata": {
        "qaoaLayers": 2,
        "backend_name": "ionq_simulator"
    },
    "result": {
        "instance_id": 34,
        "sampled_distribution": [
            [
                "1111",
                4181
            ],
            [
                "1110",
                2202
            ],
            [
                "1011",
                1162
            ],
            [
                "1101",
                1128
            ],
            [
                "0111",
                346
            ],
            [
                "1001",
                265
            ],
            [
                "0110",
                200
            ],
            [
                "1010",
                155
            ],
            [
                "1100",
                119
            ],
            [
                "0011",
                103
            ],
            [
                "0101",
                101
            ],
            [
                "0001",
                24
            ],
            [
                "0100",
                8
            ],
            [
                "0010",
                6
            ]
        ],
        "num_training_loops": 38,
        "final_training_cost": -3.37841796875,
        "optimal_params": [
            5.227570505613606,
            1.9019436785003605,
            -0.2749470838783799,
            2.5714996117193283
        ]
    }
}