{
    "metadata": {
        "qaoaLayers": 2,
        "backend_name": "aer_simulator_from(fake_torino)"
    },
    "result": {
        "instance_id": 48,
        "sampled_distribution": [
            [
                "1111",
                2323
            ],
            [
                "0111",
                1081
            ],
            [
                "1110",
                1044
            ],
            [
                "1101",
                1019
            ],
            [
                "1011",
                964
            ],
            [
                "0011",
                525
            ],
            [
                "0101",
                478
            ],
            [
                "0110",
                437
            ],
            [
                "1100",
                427
            ],
            [
                "1010",
                424
            ],
            [
                "1001",
                422
            ],
            [
                "0001",
                213
            ],
            [
                "0100",
                199
            ],
            [
                "0010",
                173
            ],
            [
                "1000",
                168
            ],
            [
                "0000",
                103
            ]
        ],
        "num_training_loops": 33,
        "final_training_cost": -0.7177734375,
        "optimal_params": [
            4.134699030675985,
            1.5740586150712867,
            1.0026107475862482,
            1.5717963083879087
        ]
    }
}