{
    "metadata": {
        "qaoaLayers": 4,
        "backend_name": "ionq_simulator"
    },
    "result": {
        "instance_id": 86,
        "sampled_distribution": [
            [
                "0101",
                2436
            ],
            [
                "1001",
                2427
            ],
            [
                "1010",
                2425
            ],
            [
                "0110",
                2382
            ],
            [
                "1101",
                89
            ],
            [
                "1110",
                84
            ],
            [
                "0111",
                83
            ],
            [
                "1011",
                74
            ]
        ],
        "num_training_loops": 85,
        "final_training_cost": -4.962158203125,
        "optimal_params": [
            3.6934888411966007,
            2.2440305067298967,
            1.975148032794222,
            1.006675250903847,
            -0.27425687469506843,
            1.7859106174581851,
            1.3864976353733205,
            2.1215860014116847
        ]
    }
}