{
    "metadata": {
        "qaoaLayers": 4,
        "backend_name": "aer_simulator_from(fake_torino)"
    },
    "result": {
        "instance_id": 51,
        "sampled_distribution": [
            [
                "1100",
                6443
            ],
            [
                "1110",
                1156
            ],
            [
                "1101",
                1052
            ],
            [
                "1001",
                313
            ],
            [
                "0101",
                261
            ],
            [
                "1111",
                198
            ],
            [
                "0100",
                197
            ],
            [
                "1000",
                171
            ],
            [
                "0111",
                44
            ],
            [
                "0000",
                38
            ],
            [
                "1011",
                36
            ],
            [
                "0110",
                34
            ],
            [
                "1010",
                26
            ],
            [
                "0001",
                19
            ],
            [
                "0010",
                8
            ],
            [
                "0011",
                4
            ]
        ],
        "num_training_loops": 57,
        "final_training_cost": -4.317138671875,
        "optimal_params": [
            3.1242550926398196,
            2.4010373714019946,
            1.5804734364065398,
            0.8850536685221546,
            0.003606388208640236,
            1.7839353868803518,
            1.464161588762174,
            2.242708461230005
        ]
    }
}