{
    "metadata": {
        "qaoaLayers": 2,
        "backend_name": "EMU:15Q:LOGICAL_EARLY"
    },
    "result": {
        "instance_id": 54,
        "sampled_distribution": [
            [
                "0111",
                732
            ],
            [
                "0011",
                723
            ],
            [
                "0001",
                711
            ],
            [
                "1011",
                651
            ],
            [
                "1001",
                651
            ],
            [
                "0101",
                647
            ],
            [
                "1101",
                641
            ],
            [
                "1111",
                638
            ],
            [
                "1110",
                610
            ],
            [
                "0110",
                603
            ],
            [
                "0100",
                592
            ],
            [
                "1100",
                590
            ],
            [
                "0000",
                574
            ],
            [
                "1010",
                551
            ],
            [
                "1000",
                551
            ],
            [
                "0010",
                535
            ]
        ],
        "num_training_loops": 31,
        "final_training_cost": -0.63525390625,
        "optimal_params": [
            4.141795282320999,
            1.5700024905089647,
            -0.0005601321723638778,
            1.5709188726961358
        ]
    }
}