{
    "metadata": {
        "qaoaLayers": 3,
        "backend_name": "aer_simulator_from(fake_torino)"
    },
    "result": {
        "instance_id": 72,
        "sampled_distribution": [
            [
                "1111",
                7437
            ],
            [
                "1101",
                710
            ],
            [
                "1011",
                630
            ],
            [
                "1110",
                579
            ],
            [
                "1010",
                202
            ],
            [
                "0111",
                168
            ],
            [
                "1001",
                78
            ],
            [
                "1100",
                67
            ],
            [
                "0101",
                62
            ],
            [
                "1000",
                18
            ],
            [
                "0011",
                15
            ],
            [
                "0110",
                11
            ],
            [
                "0001",
                9
            ],
            [
                "0010",
                6
            ],
            [
                "0100",
                6
            ],
            [
                "0000",
                2
            ]
        ],
        "num_training_loops": 54,
        "final_training_cost": -7.837646484375,
        "optimal_params": [
            3.080192178151817,
            1.6946544330307225,
            1.671836770709499,
            1.0354242051608982,
            1.036877630479511,
            2.4098520614575287
        ]
    }
}