{
    "metadata": {
        "qaoaLayers": 20,
        "backend_name": "ionq_simulator"
    },
    "result": {
        "instance_id": 72,
        "sampled_distribution": [
            [
                "1101",
                2548
            ],
            [
                "1011",
                1363
            ],
            [
                "1110",
                1342
            ],
            [
                "0110",
                1316
            ],
            [
                "0011",
                1266
            ],
            [
                "1111",
                1150
            ],
            [
                "0111",
                443
            ],
            [
                "0010",
                255
            ],
            [
                "1010",
                138
            ],
            [
                "0101",
                82
            ],
            [
                "1000",
                31
            ],
            [
                "1100",
                23
            ],
            [
                "0100",
                17
            ],
            [
                "1001",
                17
            ],
            [
                "0001",
                9
            ]
        ],
        "num_training_loops": 348,
        "final_training_cost": -8.58642578125,
        "optimal_params": [
            4.14355603391853,
            3.7994188354324536,
            3.97019151905578,
            2.6335923654493834,
            2.4306482877994893,
            2.392631181002973,
            3.196027126622028,
            2.041863861920561,
            1.83033083417553,
            1.7807936109181637,
            1.6325304461904107,
            1.4396195042134363,
            1.2539496427144732,
            1.1242926899315158,
            0.6830087745436905,
            0.8436454426037253,
            0.633461830937894,
            0.47904238684133577,
            0.31512580213436076,
            0.1576869786186605,
            -0.016764679958036252,
            0.16556906668845414,
            0.33892582052649645,
            0.4818651690386618,
            0.6496632486264513,
            0.7888644239430593,
            0.9442955818217513,
            1.1075767947640862,
            1.2675431986843848,
            1.427041479192084,
            1.5849373179472082,
            1.7368166091861934,
            1.8937061186666566,
            2.0509938989743057,
            2.2398299844141065,
            3.323328822927721,
            2.480059197698444,
            2.544634645362663,
            3.824397431273765,
            2.989523805574629
        ]
    }
}