{
    "metadata": {
        "qaoaLayers": 4,
        "backend_name": "EMU:15Q:LOGICAL_EARLY"
    },
    "result": {
        "instance_id": 38,
        "sampled_distribution": [
            [
                "1011",
                681
            ],
            [
                "1010",
                672
            ],
            [
                "1101",
                658
            ],
            [
                "0001",
                655
            ],
            [
                "0000",
                651
            ],
            [
                "1000",
                635
            ],
            [
                "0011",
                623
            ],
            [
                "1110",
                618
            ],
            [
                "0100",
                617
            ],
            [
                "1001",
                610
            ],
            [
                "0010",
                608
            ],
            [
                "0111",
                604
            ],
            [
                "0110",
                598
            ],
            [
                "1100",
                596
            ],
            [
                "1111",
                590
            ],
            [
                "0101",
                584
            ]
        ],
        "num_training_loops": 53,
        "final_training_cost": 0.04541015625,
        "optimal_params": [
            3.1418112317211895,
            2.3566708796477447,
            1.5710867533718258,
            0.7850300854530431,
            0.0005945789390175965,
            0.7852194597719028,
            1.57110638343733,
            2.356040044423575
        ]
    }
}