{
    "metadata": {
        "qaoaLayers": 4,
        "backend_name": "aer_simulator_from(fake_torino)"
    },
    "result": {
        "instance_id": 40,
        "sampled_distribution": [
            [
                "1111",
                7290
            ],
            [
                "1110",
                522
            ],
            [
                "0111",
                457
            ],
            [
                "1011",
                455
            ],
            [
                "1101",
                371
            ],
            [
                "0110",
                163
            ],
            [
                "1001",
                161
            ],
            [
                "0101",
                146
            ],
            [
                "1010",
                107
            ],
            [
                "1100",
                70
            ],
            [
                "0011",
                70
            ],
            [
                "0100",
                52
            ],
            [
                "0001",
                41
            ],
            [
                "0010",
                38
            ],
            [
                "1000",
                37
            ],
            [
                "0000",
                20
            ]
        ],
        "num_training_loops": 72,
        "final_training_cost": -7.368408203125,
        "optimal_params": [
            4.318320432310903,
            2.2391674682405553,
            1.5993591809810608,
            0.6515097172587434,
            -0.01790610758500927,
            1.8124838625413369,
            1.5509900954927434,
            2.290546332993266
        ]
    }
}