{
    "metadata": {
        "qaoaLayers": 3,
        "backend_name": "aer_simulator"
    },
    "result": {
        "instance_id": 81,
        "sampled_distribution": [
            [
                "1111",
                8427
            ],
            [
                "0111",
                404
            ],
            [
                "1101",
                369
            ],
            [
                "1011",
                359
            ],
            [
                "1110",
                352
            ],
            [
                "1010",
                12
            ],
            [
                "0000",
                12
            ],
            [
                "1000",
                11
            ],
            [
                "1100",
                10
            ],
            [
                "0011",
                9
            ],
            [
                "0110",
                9
            ],
            [
                "0100",
                7
            ],
            [
                "0001",
                6
            ],
            [
                "0101",
                6
            ],
            [
                "0010",
                4
            ],
            [
                "1001",
                3
            ]
        ],
        "num_training_loops": 44,
        "final_training_cost": -12.85693359375,
        "optimal_params": [
            4.422569099943718,
            3.094258300604377,
            1.0613256322929618,
            -0.000611349453877854,
            1.0464279378193528,
            2.0932070721659075
        ]
    }
}