{
    "metadata": {
        "qaoaLayers": 2,
        "backend_name": "ionq_simulator"
    },
    "result": {
        "instance_id": 81,
        "sampled_distribution": [
            [
                "1111",
                7587
            ],
            [
                "1011",
                410
            ],
            [
                "1110",
                387
            ],
            [
                "1101",
                372
            ],
            [
                "0111",
                356
            ],
            [
                "0101",
                161
            ],
            [
                "0011",
                141
            ],
            [
                "1100",
                137
            ],
            [
                "1010",
                131
            ],
            [
                "0110",
                128
            ],
            [
                "1001",
                119
            ],
            [
                "1000",
                19
            ],
            [
                "0100",
                16
            ],
            [
                "0001",
                15
            ],
            [
                "0000",
                11
            ],
            [
                "0010",
                10
            ]
        ],
        "num_training_loops": 38,
        "final_training_cost": -12.213134765625,
        "optimal_params": [
            4.678318691304863,
            1.6236793119473365,
            1.0700856027211907,
            1.2951537926049317
        ]
    }
}