{
    "metadata": {
        "qaoaLayers": 4,
        "backend_name": "ionq_simulator"
    },
    "result": {
        "instance_id": 91,
        "sampled_distribution": [
            [
                "0110",
                3095
            ],
            [
                "0111",
                1196
            ],
            [
                "1110",
                1189
            ],
            [
                "1100",
                644
            ],
            [
                "0011",
                561
            ],
            [
                "0100",
                386
            ],
            [
                "0000",
                367
            ],
            [
                "1111",
                357
            ],
            [
                "1001",
                320
            ],
            [
                "1011",
                310
            ],
            [
                "0010",
                307
            ],
            [
                "1101",
                301
            ],
            [
                "0101",
                282
            ],
            [
                "1010",
                275
            ],
            [
                "0001",
                206
            ],
            [
                "1000",
                204
            ]
        ],
        "num_training_loops": 59,
        "final_training_cost": -4.059326171875,
        "optimal_params": [
            4.134825492250026,
            2.3584718486167815,
            1.5859582204747624,
            0.7551209976314481,
            -0.12465503736678188,
            0.7835660262115369,
            1.5717566437609887,
            2.3568977371267135
        ]
    }
}