{
    "metadata": {
        "qaoaLayers": 2,
        "backend_name": "ionq_simulator"
    },
    "result": {
        "instance_id": 58,
        "sampled_distribution": [
            [
                "1111",
                8060
            ],
            [
                "0111",
                829
            ],
            [
                "1011",
                401
            ],
            [
                "1110",
                389
            ],
            [
                "1101",
                226
            ],
            [
                "0011",
                43
            ],
            [
                "0110",
                33
            ],
            [
                "1010",
                12
            ],
            [
                "0101",
                7
            ]
        ],
        "num_training_loops": 38,
        "final_training_cost": -8.18212890625,
        "optimal_params": [
            4.561153038927839,
            1.259351660892207,
            1.4389356885978628,
            1.1919537459753602
        ]
    }
}