{
    "metadata": {
        "qaoaLayers": 2,
        "backend_name": "aer_simulator_from(fake_torino)"
    },
    "result": {
        "instance_id": 10,
        "sampled_distribution": [
            [
                "1111",
                6785
            ],
            [
                "1011",
                2167
            ],
            [
                "1110",
                284
            ],
            [
                "0111",
                235
            ],
            [
                "1101",
                226
            ],
            [
                "1010",
                112
            ],
            [
                "0011",
                82
            ],
            [
                "1001",
                79
            ],
            [
                "1000",
                9
            ],
            [
                "0110",
                6
            ],
            [
                "1100",
                5
            ],
            [
                "0101",
                4
            ],
            [
                "0010",
                3
            ],
            [
                "0001",
                2
            ],
            [
                "0100",
                1
            ]
        ],
        "num_training_loops": 40,
        "final_training_cost": -5.564697265625,
        "optimal_params": [
            4.971068230232884,
            1.3103955686402546,
            1.291208347801745,
            0.7497344673755039
        ]
    }
}