{
    "metadata": {
        "qaoaLayers": 1,
        "backend_name": "EMU:15Q:LOGICAL_EARLY"
    },
    "result": {
        "instance_id": 15,
        "sampled_distribution": [
            [
                "1111",
                1022
            ],
            [
                "1011",
                997
            ],
            [
                "0011",
                837
            ],
            [
                "0111",
                830
            ],
            [
                "1101",
                819
            ],
            [
                "1001",
                785
            ],
            [
                "0001",
                685
            ],
            [
                "0101",
                682
            ],
            [
                "1110",
                514
            ],
            [
                "1010",
                514
            ],
            [
                "0010",
                417
            ],
            [
                "0110",
                409
            ],
            [
                "1000",
                384
            ],
            [
                "1100",
                384
            ],
            [
                "0100",
                382
            ],
            [
                "0000",
                339
            ]
        ],
        "num_training_loops": 19,
        "final_training_cost": -2.198974609375,
        "optimal_params": [
            3.1413043312749576,
            0.0009575334160058753
        ]
    }
}