{
    "metadata": {
        "qaoaLayers": 1,
        "backend_name": "ionq_simulator"
    },
    "result": {
        "instance_id": 31,
        "sampled_distribution": [
            [
                "1111",
                7875
            ],
            [
                "1101",
                497
            ],
            [
                "0111",
                495
            ],
            [
                "1110",
                492
            ],
            [
                "1011",
                464
            ],
            [
                "1001",
                36
            ],
            [
                "0101",
                34
            ],
            [
                "1100",
                32
            ],
            [
                "1010",
                27
            ],
            [
                "0011",
                25
            ],
            [
                "0110",
                23
            ]
        ],
        "num_training_loops": 24,
        "final_training_cost": -8.1201171875,
        "optimal_params": [
            3.386330149073771,
            0.007351913723923463
        ]
    }
}