{
    "metadata": {
        "qaoaLayers": 4,
        "backend_name": "aer_simulator_from(fake_torino)"
    },
    "result": {
        "instance_id": 76,
        "sampled_distribution": [
            [
                "1001",
                6930
            ],
            [
                "1011",
                1287
            ],
            [
                "1101",
                460
            ],
            [
                "1100",
                262
            ],
            [
                "0101",
                254
            ],
            [
                "0001",
                244
            ],
            [
                "1000",
                174
            ],
            [
                "0000",
                89
            ],
            [
                "1111",
                85
            ],
            [
                "1110",
                50
            ],
            [
                "0011",
                42
            ],
            [
                "0111",
                42
            ],
            [
                "0100",
                39
            ],
            [
                "1010",
                23
            ],
            [
                "0010",
                14
            ],
            [
                "0110",
                5
            ]
        ],
        "num_training_loops": 61,
        "final_training_cost": -4.17578125,
        "optimal_params": [
            3.1442206628240847,
            2.3305356427503083,
            1.6764868218806397,
            0.7382132389202908,
            1.002353375916941,
            0.7871517488241452,
            1.522378589644708,
            2.310311361701691
        ]
    }
}