{
    "metadata": {
        "qaoaLayers": 20,
        "backend_name": "aer_simulator"
    },
    "result": {
        "instance_id": 37,
        "sampled_distribution": [
            [
                "1100",
                2570
            ],
            [
                "1011",
                2559
            ],
            [
                "0101",
                2520
            ],
            [
                "1110",
                572
            ],
            [
                "0111",
                555
            ],
            [
                "1111",
                418
            ],
            [
                "1101",
                181
            ],
            [
                "0110",
                161
            ],
            [
                "0010",
                128
            ],
            [
                "1001",
                91
            ],
            [
                "0011",
                86
            ],
            [
                "1010",
                70
            ],
            [
                "1000",
                46
            ],
            [
                "0001",
                41
            ],
            [
                "0100",
                1
            ],
            [
                "0000",
                1
            ]
        ],
        "num_training_loops": 319,
        "final_training_cost": -8.572509765625,
        "optimal_params": [
            4.533789115105055,
            4.035442534846199,
            3.821685505427533,
            2.7300101790468703,
            2.4771158530070165,
            2.4054276413722113,
            3.266497996151095,
            2.0699843282656842,
            1.8953611340386862,
            1.7423775449718486,
            1.5691722039576275,
            1.7342110282423346,
            1.2589287452349356,
            1.0992405939601717,
            0.8869108430051609,
            0.8073861771997346,
            0.6334828816694101,
            0.48275199262692686,
            0.3026262569251308,
            0.12762442547637345,
            0.012097616834211561,
            0.154610137529199,
            0.3148238647408922,
            0.48421544031704183,
            0.6144211655726436,
            0.8149947628326161,
            0.9461407705345242,
            1.1066729902969337,
            1.2641928495221249,
            1.4221426428405046,
            1.5728528418593264,
            1.7267550356447825,
            1.8896309234303994,
            2.047667372931352,
            2.2040295874448974,
            3.3620501973527066,
            2.5271540153040513,
            2.675875096415761,
            3.821871555713029,
            2.988496950623773
        ]
    }
}