{
    "metadata": {
        "qaoaLayers": 3,
        "backend_name": "ionq_simulator"
    },
    "result": {
        "instance_id": 31,
        "sampled_distribution": [
            [
                "1111",
                3260
            ],
            [
                "1011",
                1876
            ],
            [
                "1110",
                1815
            ],
            [
                "0111",
                1739
            ],
            [
                "1101",
                703
            ],
            [
                "1100",
                286
            ],
            [
                "0101",
                267
            ],
            [
                "1001",
                35
            ],
            [
                "0110",
                12
            ],
            [
                "0010",
                7
            ]
        ],
        "num_training_loops": 52,
        "final_training_cost": -8.660400390625,
        "optimal_params": [
            3.4693845672831682,
            1.796759211325327,
            1.4607875978602256,
            -0.007618914115295266,
            1.0726124142198517,
            2.0578031667292773
        ]
    }
}