{
    "metadata": {
        "qaoaLayers": 2,
        "backend_name": "ionq_simulator"
    },
    "result": {
        "instance_id": 61,
        "sampled_distribution": [
            [
                "1111",
                5898
            ],
            [
                "1011",
                809
            ],
            [
                "0111",
                789
            ],
            [
                "1110",
                767
            ],
            [
                "1101",
                758
            ],
            [
                "1100",
                171
            ],
            [
                "0101",
                169
            ],
            [
                "1010",
                167
            ],
            [
                "0011",
                156
            ],
            [
                "0110",
                113
            ],
            [
                "1001",
                113
            ],
            [
                "1000",
                27
            ],
            [
                "0010",
                21
            ],
            [
                "0100",
                21
            ],
            [
                "0001",
                15
            ],
            [
                "0000",
                6
            ]
        ],
        "num_training_loops": 44,
        "final_training_cost": -7.703857421875,
        "optimal_params": [
            4.605839129809684,
            1.7708660382184305,
            -0.3148899418690609,
            2.838956146213987
        ]
    }
}