{
    "metadata": {
        "qaoaLayers": 4,
        "backend_name": "ionq_simulator"
    },
    "result": {
        "instance_id": 86,
        "sampled_distribution": [
            [
                "1010",
                1589
            ],
            [
                "0101",
                1525
            ],
            [
                "0110",
                1517
            ],
            [
                "1001",
                1507
            ],
            [
                "1101",
                765
            ],
            [
                "1011",
                715
            ],
            [
                "0111",
                701
            ],
            [
                "1110",
                685
            ],
            [
                "1111",
                307
            ],
            [
                "0001",
                152
            ],
            [
                "1000",
                138
            ],
            [
                "0100",
                133
            ],
            [
                "0010",
                119
            ],
            [
                "1100",
                77
            ],
            [
                "0011",
                55
            ],
            [
                "0000",
                15
            ]
        ],
        "num_training_loops": 61,
        "final_training_cost": -4.0625,
        "optimal_params": [
            3.488545471274831,
            2.295175311188897,
            1.6064919546044043,
            0.6043342434129335,
            -0.12656469260806363,
            0.799581276465051,
            1.834905033034887,
            2.2817123520360116
        ]
    }
}