{
    "metadata": {
        "qaoaLayers": 1,
        "backend_name": "ionq_simulator"
    },
    "result": {
        "instance_id": 64,
        "sampled_distribution": [
            [
                "1111",
                7883
            ],
            [
                "1101",
                496
            ],
            [
                "1110",
                493
            ],
            [
                "1011",
                482
            ],
            [
                "0111",
                469
            ],
            [
                "0110",
                37
            ],
            [
                "1010",
                36
            ],
            [
                "0011",
                32
            ],
            [
                "1001",
                25
            ],
            [
                "0101",
                24
            ],
            [
                "1100",
                23
            ]
        ],
        "num_training_loops": 22,
        "final_training_cost": -13.0380859375,
        "optimal_params": [
            3.3878612423859864,
            0.0911989885753381
        ]
    }
}