{
    "metadata": {
        "qaoaLayers": 3,
        "backend_name": "ionq_simulator"
    },
    "result": {
        "instance_id": 98,
        "sampled_distribution": [
            [
                "1111",
                5531
            ],
            [
                "1101",
                932
            ],
            [
                "1110",
                888
            ],
            [
                "0111",
                706
            ],
            [
                "1011",
                660
            ],
            [
                "1100",
                227
            ],
            [
                "0101",
                219
            ],
            [
                "1001",
                215
            ],
            [
                "0110",
                192
            ],
            [
                "1010",
                191
            ],
            [
                "0011",
                65
            ],
            [
                "0100",
                57
            ],
            [
                "1000",
                52
            ],
            [
                "0010",
                27
            ],
            [
                "0001",
                26
            ],
            [
                "0000",
                12
            ]
        ],
        "num_training_loops": 60,
        "final_training_cost": -9.501708984375,
        "optimal_params": [
            3.2049548075907572,
            1.7731504758441021,
            1.4392398399244788,
            0.0003458957156436776,
            2.358316985320518,
            2.7304712059435485
        ]
    }
}