{
    "metadata": {
        "qaoaLayers": 20,
        "backend_name": "aer_simulator"
    },
    "result": {
        "instance_id": 87,
        "sampled_distribution": [
            [
                "1111",
                6027
            ],
            [
                "0110",
                1246
            ],
            [
                "1101",
                697
            ],
            [
                "1011",
                634
            ],
            [
                "0111",
                534
            ],
            [
                "1110",
                477
            ],
            [
                "0011",
                66
            ],
            [
                "1010",
                62
            ],
            [
                "0101",
                60
            ],
            [
                "1100",
                60
            ],
            [
                "1001",
                43
            ],
            [
                "1000",
                25
            ],
            [
                "0001",
                25
            ],
            [
                "0010",
                19
            ],
            [
                "0000",
                14
            ],
            [
                "0100",
                11
            ]
        ],
        "num_training_loops": 355,
        "final_training_cost": -10.52197265625,
        "optimal_params": [
            3.530220893296684,
            2.929741605547032,
            3.5169519002913074,
            2.6753870421232753,
            3.6004991392595986,
            2.3849554416881253,
            3.198281977769368,
            3.086166343871898,
            2.8629951934326683,
            1.7042579705036893,
            1.561233334382524,
            1.3668406789711711,
            1.2096831581606786,
            1.1125175458997512,
            0.9365419360232443,
            0.6879910212329183,
            0.6498213725312416,
            0.46483738338789393,
            0.20507568017843258,
            0.07142178191100232,
            1.0171661298073997,
            0.1209225889490956,
            0.2666395023946875,
            0.40942812586821475,
            0.5946440523704725,
            0.7607751844401134,
            0.8144639380381351,
            0.9803387606230478,
            1.1504474363186672,
            1.3482000851843108,
            1.4890730546442328,
            2.1500634488606303,
            1.8181172485620372,
            1.8888879798280354,
            2.155938095152943,
            2.2913526655183354,
            2.421799170757685,
            2.6133755211697234,
            2.7923842043171394,
            3.979989031753742
        ]
    }
}