{
    "metadata": {
        "qaoaLayers": 2,
        "backend_name": "aer_simulator"
    },
    "result": {
        "instance_id": 34,
        "sampled_distribution": [
            [
                "1111",
                3392
            ],
            [
                "1110",
                2547
            ],
            [
                "1101",
                1252
            ],
            [
                "1011",
                1159
            ],
            [
                "1001",
                368
            ],
            [
                "0111",
                344
            ],
            [
                "0110",
                271
            ],
            [
                "1010",
                166
            ],
            [
                "1100",
                157
            ],
            [
                "0011",
                140
            ],
            [
                "0101",
                128
            ],
            [
                "0001",
                31
            ],
            [
                "0010",
                17
            ],
            [
                "0100",
                17
            ],
            [
                "1000",
                10
            ],
            [
                "0000",
                1
            ]
        ],
        "num_training_loops": 42,
        "final_training_cost": -3.40185546875,
        "optimal_params": [
            5.270792934584616,
            1.8943004415938818,
            -0.3905976998638146,
            2.5817365461780284
        ]
    }
}