{
    "metadata": {
        "qaoaLayers": 4,
        "backend_name": "aer_simulator"
    },
    "result": {
        "instance_id": 71,
        "sampled_distribution": [
            [
                "100010001",
                10000
            ]
        ],
        "num_training_loops": 55,
        "final_training_cost": -103.0,
        "optimal_params": [
            3.141559342622529,
            2.3568171041474297,
            1.5700286637536005,
            0.7855462704446187,
            0.0,
            0.7853981633974483,
            1.5707963267948966,
            2.356194490192345
        ]
    }
}