{
    "metadata": {
        "qaoaLayers": 3,
        "backend_name": "ionq_simulator"
    },
    "result": {
        "instance_id": 77,
        "sampled_distribution": [
            [
                "100010001",
                9994
            ],
            [
                "000010101",
                3
            ],
            [
                "000110001",
                1
            ],
            [
                "001010001",
                1
            ],
            [
                "100010010",
                1
            ]
        ],
        "num_training_loops": 68,
        "final_training_cost": -108.0,
        "optimal_params": [
            3.1426869074588994,
            3.138456026692902,
            0.7841966605643533,
            0.00046216932977350615,
            0.8887324153111527,
            2.9808914001369824
        ]
    }
}