{
    "metadata": {
        "qaoaLayers": 2,
        "backend_name": "ionq_simulator"
    },
    "result": {
        "instance_id": 22,
        "sampled_distribution": [
            [
                "100010001",
                10000
            ]
        ],
        "num_training_loops": 31,
        "final_training_cost": -106.0,
        "optimal_params": [
            3.140779859414941,
            1.5702137758277472,
            0.0,
            1.5707963267948966
        ]
    }
}