{
    "metadata": {
        "qaoaLayers": 2,
        "backend_name": "ionq_simulator"
    },
    "result": {
        "instance_id": 89,
        "sampled_distribution": [
            [
                "100010001",
                10000
            ]
        ],
        "num_training_loops": 31,
        "final_training_cost": -104.0,
        "optimal_params": [
            3.1422579070123557,
            1.571542944423786,
            0.0,
            1.5707963267948966
        ]
    }
}