{
    "metadata": {
        "qaoaLayers": 3,
        "backend_name": "ionq_simulator"
    },
    "result": {
        "instance_id": 62,
        "sampled_distribution": [
            [
                "100010001",
                9989
            ],
            [
                "110000001",
                4
            ],
            [
                "000110001",
                2
            ],
            [
                "010010001",
                2
            ],
            [
                "100001001",
                1
            ],
            [
                "100011000",
                1
            ],
            [
                "100100001",
                1
            ]
        ],
        "num_training_loops": 60,
        "final_training_cost": -99.968017578125,
        "optimal_params": [
            3.931405339992504,
            3.1402504845390347,
            0.788005908470337,
            1.471503713428529,
            1.4242289729497202,
            1.943345313460101
        ]
    }
}