{
    "metadata": {
        "qaoaLayers": 3,
        "backend_name": "aer_simulator"
    },
    "result": {
        "instance_id": 82,
        "sampled_distribution": [
            [
                "100010001",
                9993
            ],
            [
                "010010001",
                3
            ],
            [
                "100100001",
                2
            ],
            [
                "100001001",
                1
            ],
            [
                "101010000",
                1
            ]
        ],
        "num_training_loops": 60,
        "final_training_cost": -100.98876953125,
        "optimal_params": [
            3.140371987726322,
            3.143019676684938,
            0.7883897456635577,
            0.9811430659450735,
            0.9595776709494901,
            3.1858310079419434
        ]
    }
}