{
    "metadata": {
        "qaoaLayers": 3,
        "backend_name": "ionq_simulator"
    },
    "result": {
        "instance_id": 49,
        "sampled_distribution": [
            [
                "100010001",
                9993
            ],
            [
                "100000011",
                3
            ],
            [
                "100100001",
                2
            ],
            [
                "000110001",
                1
            ],
            [
                "110000001",
                1
            ]
        ],
        "num_training_loops": 69,
        "final_training_cost": -100.98974609375,
        "optimal_params": [
            2.3577376521842615,
            3.9229777582381473,
            0.7888765126179881,
            1.561944907195317,
            2.273906059513834,
            3.170944421489304
        ]
    }
}