{
    "metadata": {
        "qaoaLayers": 2,
        "backend_name": "aer_simulator"
    },
    "result": {
        "instance_id": 24,
        "sampled_distribution": [
            [
                "100010001",
                9999
            ],
            [
                "100010010",
                1
            ]
        ],
        "num_training_loops": 31,
        "final_training_cost": -100.0,
        "optimal_params": [
            3.142314271129879,
            1.570104034858037,
            0.0,
            1.5707963267948966
        ]
    }
}