{
    "metadata": {
        "qaoaLayers": 3,
        "backend_name": "ionq_simulator"
    },
    "result": {
        "instance_id": 43,
        "sampled_distribution": [
            [
                "100010001",
                9996
            ],
            [
                "100000011",
                1
            ],
            [
                "100011000",
                1
            ],
            [
                "100100001",
                1
            ],
            [
                "110000001",
                1
            ]
        ],
        "num_training_loops": 70,
        "final_training_cost": -95.99609375,
        "optimal_params": [
            3.144407013830427,
            3.1451520632682013,
            0.7847308678786655,
            0.9020252377868418,
            1.1424410840057793,
            2.1600383224342568
        ]
    }
}