{
    "metadata": {
        "qaoaLayers": 3,
        "backend_name": "aer_simulator"
    },
    "result": {
        "instance_id": 74,
        "sampled_distribution": [
            [
                "100010001",
                9972
            ],
            [
                "100100001",
                12
            ],
            [
                "100000011",
                6
            ],
            [
                "110000001",
                4
            ],
            [
                "100001001",
                3
            ],
            [
                "010010001",
                1
            ],
            [
                "100010010",
                1
            ],
            [
                "000110001",
                1
            ]
        ],
        "num_training_loops": 57,
        "final_training_cost": -106.923095703125,
        "optimal_params": [
            3.929583948345106,
            2.3478967428180457,
            0.7795163511626294,
            0.04562442907274692,
            1.0369159816696383,
            3.131465944887432
        ]
    }
}