{
    "metadata": {
        "qaoaLayers": 3,
        "backend_name": "ionq_simulator"
    },
    "result": {
        "instance_id": 26,
        "sampled_distribution": [
            [
                "100010001",
                10000
            ]
        ],
        "num_training_loops": 60,
        "final_training_cost": -94.0,
        "optimal_params": [
            3.1411679831204995,
            3.140443285032359,
            0.7850444499336562,
            0.7465654050294553,
            1.3155944087224356,
            2.3989714122990136
        ]
    }
}