{
    "metadata": {
        "qaoaLayers": 3,
        "backend_name": "aer_simulator"
    },
    "result": {
        "instance_id": 95,
        "sampled_distribution": [
            [
                "100010001",
                9981
            ],
            [
                "000010101",
                5
            ],
            [
                "000110001",
                4
            ],
            [
                "100001001",
                3
            ],
            [
                "100011000",
                2
            ],
            [
                "001010001",
                2
            ],
            [
                "100010010",
                1
            ],
            [
                "101010000",
                1
            ],
            [
                "100100001",
                1
            ]
        ],
        "num_training_loops": 70,
        "final_training_cost": -101.95458984375,
        "optimal_params": [
            3.1416273837346274,
            3.145296620782515,
            1.5658599901578054,
            -0.27003256350710336,
            0.8685609728804753,
            3.400476683007538
        ]
    }
}