{
    "metadata": {
        "qaoaLayers": 2,
        "backend_name": "aer_simulator"
    },
    "result": {
        "instance_id": 36,
        "sampled_distribution": [
            [
                "100010001",
                10000
            ]
        ],
        "num_training_loops": 31,
        "final_training_cost": -99.0,
        "optimal_params": [
            3.142560153405185,
            1.5705434550740245,
            0.0,
            1.5707963267948966
        ]
    }
}