{
    "metadata": {
        "qaoaLayers": 4,
        "backend_name": "aer_simulator"
    },
    "result": {
        "instance_id": 72,
        "sampled_distribution": [
            [
                "100010001",
                10000
            ]
        ],
        "num_training_loops": 55,
        "final_training_cost": -100.994384765625,
        "optimal_params": [
            3.141786533708726,
            2.3569405162550057,
            1.570717264876189,
            0.7860303064400608,
            0.0,
            0.7853981633974483,
            1.5707963267948966,
            2.356194490192345
        ]
    }
}