{
    "metadata": {
        "qaoaLayers": 3,
        "backend_name": "ionq_simulator"
    },
    "result": {
        "instance_id": 96,
        "sampled_distribution": [
            [
                "100010001",
                9994
            ],
            [
                "000110001",
                1
            ],
            [
                "001010001",
                1
            ],
            [
                "100000011",
                1
            ],
            [
                "100001001",
                1
            ],
            [
                "100010010",
                1
            ],
            [
                "100011000",
                1
            ]
        ],
        "num_training_loops": 66,
        "final_training_cost": -103.9931640625,
        "optimal_params": [
            3.143297618416112,
            3.138770974070176,
            0.7858015785054626,
            0.988841766505868,
            1.0090392538223845,
            2.06487332773677
        ]
    }
}