{
    "metadata": {
        "qaoaLayers": 3,
        "backend_name": "ionq_simulator"
    },
    "result": {
        "instance_id": 9,
        "sampled_distribution": [
            [
                "100010001",
                9986
            ],
            [
                "100000011",
                5
            ],
            [
                "010010001",
                3
            ],
            [
                "100001001",
                2
            ],
            [
                "100100001",
                2
            ],
            [
                "000010101",
                1
            ],
            [
                "000110001",
                1
            ]
        ],
        "num_training_loops": 64,
        "final_training_cost": -99.96044921875,
        "optimal_params": [
            3.139311855089959,
            3.1389855738485233,
            0.7905603314574355,
            0.9458685609389609,
            0.8790208134529263,
            2.359597429986518
        ]
    }
}