{
    "metadata": {
        "qaoaLayers": 2,
        "backend_name": "aer_simulator"
    },
    "result": {
        "instance_id": 58,
        "sampled_distribution": [
            [
                "100010001",
                9998
            ],
            [
                "100000011",
                1
            ],
            [
                "001010001",
                1
            ]
        ],
        "num_training_loops": 31,
        "final_training_cost": -101.0,
        "optimal_params": [
            3.1408271418445106,
            1.570152904874354,
            0.0,
            1.5707963267948966
        ]
    }
}