{
    "metadata": {
        "qaoaLayers": 2,
        "backend_name": "aer_simulator"
    },
    "result": {
        "instance_id": 5,
        "sampled_distribution": [
            [
                "100010001",
                9999
            ],
            [
                "000010101",
                1
            ]
        ],
        "num_training_loops": 31,
        "final_training_cost": -104.0,
        "optimal_params": [
            3.1406931461476932,
            1.570359421357065,
            0.0,
            1.5707963267948966
        ]
    }
}