{
    "metadata": {
        "qaoaLayers": 2,
        "backend_name": "ionq_simulator"
    },
    "result": {
        "instance_id": 44,
        "sampled_distribution": [
            [
                "100010001",
                10000
            ]
        ],
        "num_training_loops": 31,
        "final_training_cost": -98.0,
        "optimal_params": [
            3.1408476164829993,
            1.570129303774679,
            0.0,
            1.5707963267948966
        ]
    }
}