{
    "metadata": {
        "qaoaLayers": 2,
        "backend_name": "ionq_simulator"
    },
    "result": {
        "instance_id": 33,
        "sampled_distribution": [
            [
                "100010001",
                10000
            ]
        ],
        "num_training_loops": 31,
        "final_training_cost": -102.0,
        "optimal_params": [
            3.1421613862099256,
            1.5699738043290652,
            0.0,
            1.5707963267948966
        ]
    }
}