{
    "metadata": {
        "qaoaLayers": 4,
        "backend_name": "aer_simulator"
    },
    "result": {
        "instance_id": 25,
        "sampled_distribution": [
            [
                "100010001",
                9998
            ],
            [
                "100010010",
                1
            ],
            [
                "100100001",
                1
            ]
        ],
        "num_training_loops": 55,
        "final_training_cost": -103.0,
        "optimal_params": [
            3.141195049542408,
            2.3567257651308395,
            1.5715408819760324,
            0.7853253929125352,
            0.0,
            0.7853981633974483,
            1.5707963267948966,
            2.356194490192345
        ]
    }
}