{
    "metadata": {
        "qaoaLayers": 3,
        "backend_name": "ionq_simulator"
    },
    "result": {
        "instance_id": 27,
        "sampled_distribution": [
            [
                "100010001",
                10000
            ]
        ],
        "num_training_loops": 67,
        "final_training_cost": -110.0,
        "optimal_params": [
            3.141287065546519,
            3.141150585134058,
            0.7851637396997441,
            1.0792055839919656,
            1.021232769309246,
            2.114290748611912
        ]
    }
}