{
    "metadata": {
        "qaoaLayers": 2,
        "backend_name": "ionq_simulator"
    },
    "result": {
        "instance_id": 25,
        "sampled_distribution": [
            [
                "100010001",
                10000
            ]
        ],
        "num_training_loops": 31,
        "final_training_cost": -103.0,
        "optimal_params": [
            3.1406148403620526,
            1.5705868481762844,
            0.0,
            1.5707963267948966
        ]
    }
}