{
    "metadata": {
        "qaoaLayers": 3,
        "backend_name": "ionq_simulator"
    },
    "result": {
        "instance_id": 12,
        "sampled_distribution": [
            [
                "100010001",
                9987
            ],
            [
                "000110001",
                3
            ],
            [
                "000010101",
                2
            ],
            [
                "010010001",
                2
            ],
            [
                "110000001",
                2
            ],
            [
                "100000011",
                1
            ],
            [
                "100010100",
                1
            ],
            [
                "100100001",
                1
            ],
            [
                "101010000",
                1
            ]
        ],
        "num_training_loops": 65,
        "final_training_cost": -102.993408203125,
        "optimal_params": [
            2.3595832088040285,
            3.138339633649482,
            0.7833386880212473,
            -0.023920773963256342,
            2.0656549714554693,
            3.140817537341186
        ]
    }
}