{
    "metadata": {
        "qaoaLayers": 3,
        "backend_name": "aer_simulator"
    },
    "result": {
        "instance_id": 99,
        "sampled_distribution": [
            [
                "100010001",
                9988
            ],
            [
                "010010001",
                5
            ],
            [
                "100100001",
                2
            ],
            [
                "001010001",
                1
            ],
            [
                "100000011",
                1
            ],
            [
                "110000001",
                1
            ],
            [
                "100001001",
                1
            ],
            [
                "100010100",
                1
            ]
        ],
        "num_training_loops": 69,
        "final_training_cost": -102.961181640625,
        "optimal_params": [
            3.9307473671087196,
            3.1367139158452595,
            0.7867480277601114,
            -0.3049545297106906,
            2.0155822359992785,
            2.1905503681929135
        ]
    }
}