{
    "metadata": {
        "qaoaLayers": 3,
        "backend_name": "aer_simulator"
    },
    "result": {
        "instance_id": 9,
        "sampled_distribution": [
            [
                "100010001",
                9991
            ],
            [
                "100010100",
                2
            ],
            [
                "010010001",
                2
            ],
            [
                "100001001",
                2
            ],
            [
                "110000001",
                1
            ],
            [
                "100100001",
                1
            ],
            [
                "100011000",
                1
            ]
        ],
        "num_training_loops": 64,
        "final_training_cost": -99.940673828125,
        "optimal_params": [
            3.1382470276282635,
            3.138906952972222,
            0.7879894232037777,
            0.10024645078677094,
            0.9801389107317421,
            2.376127402794434
        ]
    }
}