{
    "metadata": {
        "qaoaLayers": 2,
        "backend_name": "aer_simulator"
    },
    "result": {
        "instance_id": 32,
        "sampled_distribution": [
            [
                "100010001",
                9998
            ],
            [
                "100011000",
                1
            ],
            [
                "010010001",
                1
            ]
        ],
        "num_training_loops": 31,
        "final_training_cost": -108.0,
        "optimal_params": [
            3.1408000844341837,
            1.570186544757135,
            0.0,
            1.5707963267948966
        ]
    }
}