{
    "metadata": {
        "qaoaLayers": 4,
        "backend_name": "aer_simulator"
    },
    "result": {
        "instance_id": 1,
        "repitition_id": 66,
        "sampled_distribution": [
            [
                "111010",
                7999
            ],
            [
                "111011",
                389
            ],
            [
                "101010",
                383
            ],
            [
                "011010",
                383
            ],
            [
                "110010",
                365
            ],
            [
                "111000",
                160
            ],
            [
                "000011",
                88
            ],
            [
                "101011",
                34
            ],
            [
                "011011",
                33
            ],
            [
                "110011",
                25
            ],
            [
                "010011",
                24
            ],
            [
                "001010",
                21
            ],
            [
                "100011",
                21
            ],
            [
                "001011",
                17
            ],
            [
                "010010",
                13
            ],
            [
                "100010",
                12
            ],
            [
                "111001",
                11
            ],
            [
                "110000",
                7
            ],
            [
                "101000",
                6
            ],
            [
                "000010",
                4
            ],
            [
                "011000",
                3
            ],
            [
                "101001",
                1
            ],
            [
                "011001",
                1
            ]
        ],
        "num_training_loops": 60,
        "final_training_cost": -14.885498046875,
        "optimal_params": [
            4.142200374742432,
            3.1130186584673787,
            1.505187378950715,
            0.7907000064183829,
            1.0162515886822105,
            0.7879124790910459,
            1.5713149390508725,
            2.3545604745062994
        ]
    }
}