{
    "metadata": {
        "qaoaLayers": 2,
        "backend_name": "aer_simulator"
    },
    "result": {
        "instance_id": 2,
        "repitition_id": 22,
        "sampled_distribution": [
            [
                "110010",
                4971
            ],
            [
                "010010",
                4931
            ],
            [
                "110011",
                25
            ],
            [
                "000010",
                21
            ],
            [
                "100010",
                15
            ],
            [
                "010011",
                9
            ],
            [
                "111000",
                5
            ],
            [
                "100000",
                4
            ],
            [
                "001010",
                4
            ],
            [
                "111011",
                3
            ],
            [
                "100011",
                2
            ],
            [
                "011000",
                2
            ],
            [
                "011011",
                2
            ],
            [
                "111010",
                1
            ],
            [
                "101010",
                1
            ],
            [
                "110001",
                1
            ],
            [
                "000000",
                1
            ],
            [
                "011010",
                1
            ],
            [
                "010000",
                1
            ]
        ],
        "num_training_loops": 41,
        "final_training_cost": -43.755615234375,
        "optimal_params": [
            2.3786329946344162,
            0.7522726648221363,
            -0.06160015343504996,
            1.5693149677066216
        ]
    }
}