{
    "metadata": {
        "qaoaLayers": 2,
        "backend_name": "aer_simulator"
    },
    "result": {
        "instance_id": 2,
        "repitition_id": 97,
        "sampled_distribution": [
            [
                "010010",
                4986
            ],
            [
                "110010",
                4815
            ],
            [
                "100010",
                57
            ],
            [
                "010011",
                46
            ],
            [
                "110011",
                33
            ],
            [
                "000010",
                33
            ],
            [
                "001010",
                9
            ],
            [
                "011000",
                5
            ],
            [
                "111000",
                4
            ],
            [
                "100011",
                2
            ],
            [
                "010000",
                2
            ],
            [
                "011011",
                2
            ],
            [
                "000000",
                2
            ],
            [
                "101010",
                1
            ],
            [
                "000011",
                1
            ],
            [
                "110000",
                1
            ],
            [
                "100000",
                1
            ]
        ],
        "num_training_loops": 41,
        "final_training_cost": -43.792724609375,
        "optimal_params": [
            2.308525247855071,
            0.8246466777638033,
            -0.0726380019256545,
            1.5689943121145755
        ]
    }
}