{
    "metadata": {
        "qaoaLayers": 4,
        "backend_name": "aer_simulator"
    },
    "result": {
        "instance_id": 1,
        "repitition_id": 39,
        "sampled_distribution": [
            [
                "111010",
                8003
            ],
            [
                "111011",
                432
            ],
            [
                "101010",
                396
            ],
            [
                "110010",
                386
            ],
            [
                "011010",
                373
            ],
            [
                "111000",
                108
            ],
            [
                "000011",
                57
            ],
            [
                "011011",
                32
            ],
            [
                "010011",
                32
            ],
            [
                "001011",
                30
            ],
            [
                "100011",
                27
            ],
            [
                "110011",
                23
            ],
            [
                "101011",
                21
            ],
            [
                "010010",
                19
            ],
            [
                "100010",
                18
            ],
            [
                "001010",
                17
            ],
            [
                "000010",
                8
            ],
            [
                "011000",
                7
            ],
            [
                "110000",
                5
            ],
            [
                "111001",
                3
            ],
            [
                "100001",
                1
            ],
            [
                "010001",
                1
            ],
            [
                "001000",
                1
            ]
        ],
        "num_training_loops": 53,
        "final_training_cost": -14.9375,
        "optimal_params": [
            4.141480300833459,
            3.1143752064225536,
            1.5065339012405283,
            0.7847676741647476,
            1.0006968546917514,
            0.7856004412367286,
            1.5707379346261106,
            2.356087126730403
        ]
    }
}