{
    "metadata": {
        "qaoaLayers": 2,
        "backend_name": "aer_simulator"
    },
    "result": {
        "instance_id": 2,
        "repitition_id": 60,
        "sampled_distribution": [
            [
                "010010",
                4956
            ],
            [
                "110010",
                4923
            ],
            [
                "010011",
                25
            ],
            [
                "000010",
                21
            ],
            [
                "110011",
                21
            ],
            [
                "100010",
                18
            ],
            [
                "110000",
                14
            ],
            [
                "111010",
                7
            ],
            [
                "011010",
                7
            ],
            [
                "010000",
                6
            ],
            [
                "011011",
                1
            ],
            [
                "100011",
                1
            ]
        ],
        "num_training_loops": 35,
        "final_training_cost": -43.59765625,
        "optimal_params": [
            2.348062351640081,
            0.8450420042747289,
            0.007522511572554767,
            1.57027742182356
        ]
    }
}