{
    "metadata": {
        "qaoaLayers": 2,
        "backend_name": "aer_simulator"
    },
    "result": {
        "instance_id": 2,
        "repitition_id": 90,
        "sampled_distribution": [
            [
                "110010",
                4819
            ],
            [
                "010010",
                4652
            ],
            [
                "110000",
                124
            ],
            [
                "011010",
                120
            ],
            [
                "010000",
                88
            ],
            [
                "111010",
                85
            ],
            [
                "100010",
                25
            ],
            [
                "010011",
                21
            ],
            [
                "111000",
                11
            ],
            [
                "110011",
                11
            ],
            [
                "000010",
                11
            ],
            [
                "011000",
                8
            ],
            [
                "101010",
                6
            ],
            [
                "001010",
                5
            ],
            [
                "100000",
                3
            ],
            [
                "000011",
                3
            ],
            [
                "010001",
                2
            ],
            [
                "000000",
                2
            ],
            [
                "100011",
                2
            ],
            [
                "011011",
                1
            ],
            [
                "111011",
                1
            ]
        ],
        "num_training_loops": 35,
        "final_training_cost": -42.27001953125,
        "optimal_params": [
            2.3996954472792202,
            0.8875988792915166,
            0.0312059509104345,
            1.5689347396728244
        ]
    }
}