{
    "metadata": {
        "qaoaLayers": 3,
        "backend_name": "aer_simulator"
    },
    "result": {
        "instance_id": 2,
        "repitition_id": 98,
        "sampled_distribution": [
            [
                "100011",
                6707
            ],
            [
                "000011",
                2769
            ],
            [
                "100010",
                147
            ],
            [
                "100001",
                138
            ],
            [
                "000001",
                50
            ],
            [
                "000010",
                47
            ],
            [
                "101011",
                43
            ],
            [
                "110011",
                43
            ],
            [
                "001011",
                17
            ],
            [
                "010011",
                13
            ],
            [
                "100000",
                8
            ],
            [
                "101001",
                4
            ],
            [
                "110001",
                3
            ],
            [
                "001001",
                3
            ],
            [
                "000000",
                2
            ],
            [
                "110010",
                2
            ],
            [
                "111011",
                1
            ],
            [
                "010010",
                1
            ],
            [
                "101010",
                1
            ],
            [
                "010001",
                1
            ]
        ],
        "num_training_loops": 43,
        "final_training_cost": -42.849853515625,
        "optimal_params": [
            4.142031605782345,
            3.0941994621998594,
            2.0480235894111822,
            -0.12490671953393902,
            1.0470395514508146,
            2.0960137690778695
        ]
    }
}