{
    "metadata": {
        "qaoaLayers": 1,
        "backend_name": "aer_simulator"
    },
    "result": {
        "instance_id": 1,
        "repitition_id": 86,
        "sampled_distribution": [
            [
                "000011",
                9996
            ],
            [
                "001011",
                2
            ],
            [
                "000001",
                1
            ],
            [
                "000010",
                1
            ]
        ],
        "num_training_loops": 22,
        "final_training_cost": -6.5,
        "optimal_params": [
            3.1337452405064705,
            0.0009993903524713956
        ]
    }
}