{
    "metadata": {
        "qaoaLayers": 3,
        "backend_name": "aer_simulator"
    },
    "result": {
        "instance_id": 1,
        "repitition_id": 85,
        "sampled_distribution": [
            [
                "111001",
                3692
            ],
            [
                "111011",
                1830
            ],
            [
                "111010",
                1745
            ],
            [
                "111000",
                1217
            ],
            [
                "101000",
                154
            ],
            [
                "110000",
                146
            ],
            [
                "011000",
                144
            ],
            [
                "011011",
                112
            ],
            [
                "101011",
                99
            ],
            [
                "110011",
                98
            ],
            [
                "011010",
                86
            ],
            [
                "101010",
                76
            ],
            [
                "011001",
                75
            ],
            [
                "101001",
                73
            ],
            [
                "110010",
                71
            ],
            [
                "010001",
                71
            ],
            [
                "001001",
                64
            ],
            [
                "110001",
                64
            ],
            [
                "100001",
                61
            ],
            [
                "100010",
                22
            ],
            [
                "001010",
                22
            ],
            [
                "001000",
                21
            ],
            [
                "100000",
                14
            ],
            [
                "010010",
                10
            ],
            [
                "000000",
                10
            ],
            [
                "010000",
                8
            ],
            [
                "000011",
                6
            ],
            [
                "000001",
                5
            ],
            [
                "000010",
                4
            ]
        ],
        "num_training_loops": 58,
        "final_training_cost": -12.417236328125,
        "optimal_params": [
            2.9957955302224923,
            2.564277441155191,
            0.9987184876077518,
            -0.13070874799506985,
            1.2160985644085174,
            3.1813418342969677
        ]
    }
}