{
    "metadata": {
        "qaoaLayers": 3,
        "backend_name": "aer_simulator"
    },
    "result": {
        "instance_id": 2,
        "repitition_id": 8,
        "sampled_distribution": [
            [
                "100011",
                6704
            ],
            [
                "000011",
                2779
            ],
            [
                "100001",
                145
            ],
            [
                "100010",
                133
            ],
            [
                "000001",
                68
            ],
            [
                "000010",
                55
            ],
            [
                "101011",
                36
            ],
            [
                "110011",
                25
            ],
            [
                "001011",
                21
            ],
            [
                "010011",
                16
            ],
            [
                "100000",
                4
            ],
            [
                "101001",
                3
            ],
            [
                "010001",
                2
            ],
            [
                "101010",
                2
            ],
            [
                "000000",
                2
            ],
            [
                "010010",
                1
            ],
            [
                "110010",
                1
            ],
            [
                "001001",
                1
            ],
            [
                "110001",
                1
            ],
            [
                "111011",
                1
            ]
        ],
        "num_training_loops": 48,
        "final_training_cost": -42.91064453125,
        "optimal_params": [
            4.141036212114507,
            3.091216895299318,
            2.049224293397134,
            1.0002754622806982,
            1.0495791477310747,
            2.092822945519725
        ]
    }
}