{
    "metadata": {
        "qaoaLayers": 1,
        "backend_name": "aer_simulator"
    },
    "result": {
        "instance_id": 1,
        "repitition_id": 42,
        "sampled_distribution": [
            [
                "000011",
                9998
            ],
            [
                "001011",
                1
            ],
            [
                "100011",
                1
            ]
        ],
        "num_training_loops": 22,
        "final_training_cost": -6.502197265625,
        "optimal_params": [
            3.134242681490161,
            0.0008866047266854179
        ]
    }
}