{
    "metadata": {
        "qaoaLayers": 4,
        "backend_name": "aer_simulator"
    },
    "result": {
        "instance_id": 2,
        "repitition_id": 54,
        "sampled_distribution": [
            [
                "000011",
                7622
            ],
            [
                "101011",
                515
            ],
            [
                "101010",
                488
            ],
            [
                "100011",
                254
            ],
            [
                "010011",
                187
            ],
            [
                "001011",
                174
            ],
            [
                "000001",
                169
            ],
            [
                "100010",
                144
            ],
            [
                "000010",
                99
            ],
            [
                "011011",
                55
            ],
            [
                "111010",
                50
            ],
            [
                "110011",
                45
            ],
            [
                "110010",
                40
            ],
            [
                "111011",
                34
            ],
            [
                "100000",
                27
            ],
            [
                "011010",
                21
            ],
            [
                "010001",
                20
            ],
            [
                "001000",
                14
            ],
            [
                "100001",
                11
            ],
            [
                "101001",
                8
            ],
            [
                "001001",
                5
            ],
            [
                "110001",
                5
            ],
            [
                "010010",
                4
            ],
            [
                "001010",
                4
            ],
            [
                "101000",
                3
            ],
            [
                "110000",
                2
            ]
        ],
        "num_training_loops": 65,
        "final_training_cost": -31.6455078125,
        "optimal_params": [
            4.141351066801912,
            3.3349422433647993,
            1.3196673384173432,
            0.5349596683546581,
            1.2507549463437508,
            0.7841036785930493,
            1.5815367623978633,
            2.355007978952717
        ]
    }
}