{
    "metadata": {
        "qaoaLayers": 2,
        "backend_name": "aer_simulator"
    },
    "result": {
        "instance_id": 2,
        "repitition_id": 69,
        "sampled_distribution": [
            [
                "110010",
                4768
            ],
            [
                "010010",
                4610
            ],
            [
                "011010",
                128
            ],
            [
                "010000",
                124
            ],
            [
                "111010",
                119
            ],
            [
                "110000",
                115
            ],
            [
                "100010",
                34
            ],
            [
                "000010",
                33
            ],
            [
                "010011",
                28
            ],
            [
                "110011",
                27
            ],
            [
                "111000",
                4
            ],
            [
                "000000",
                2
            ],
            [
                "011000",
                2
            ],
            [
                "100000",
                2
            ],
            [
                "101010",
                1
            ],
            [
                "110001",
                1
            ],
            [
                "111011",
                1
            ],
            [
                "010001",
                1
            ]
        ],
        "num_training_loops": 33,
        "final_training_cost": -41.39111328125,
        "optimal_params": [
            2.3950858654727663,
            0.9086473474726152,
            -0.24622126449704854,
            1.570575656495523
        ]
    }
}