{
    "metadata": {
        "qaoaLayers": 3,
        "backend_name": "aer_simulator"
    },
    "result": {
        "instance_id": 2,
        "repitition_id": 69,
        "sampled_distribution": [
            [
                "100011",
                6703
            ],
            [
                "000011",
                2795
            ],
            [
                "100001",
                153
            ],
            [
                "100010",
                135
            ],
            [
                "000010",
                47
            ],
            [
                "000001",
                44
            ],
            [
                "110011",
                44
            ],
            [
                "101011",
                38
            ],
            [
                "001011",
                15
            ],
            [
                "010011",
                14
            ],
            [
                "100000",
                4
            ],
            [
                "001001",
                2
            ],
            [
                "101010",
                2
            ],
            [
                "111010",
                1
            ],
            [
                "010010",
                1
            ],
            [
                "000000",
                1
            ],
            [
                "101001",
                1
            ]
        ],
        "num_training_loops": 41,
        "final_training_cost": -42.5234375,
        "optimal_params": [
            4.141754510036687,
            3.093741387827013,
            2.0473087222802167,
            -0.1251065934668209,
            1.0478611091712582,
            2.094204553637723
        ]
    }
}