{
    "metadata": {
        "qaoaLayers": 2,
        "backend_name": "aer_simulator"
    },
    "result": {
        "instance_id": 2,
        "repitition_id": 35,
        "sampled_distribution": [
            [
                "010010",
                4833
            ],
            [
                "110010",
                4799
            ],
            [
                "010011",
                71
            ],
            [
                "100010",
                67
            ],
            [
                "110011",
                54
            ],
            [
                "000010",
                46
            ],
            [
                "110000",
                32
            ],
            [
                "011010",
                31
            ],
            [
                "111010",
                13
            ],
            [
                "010000",
                12
            ],
            [
                "011000",
                7
            ],
            [
                "101010",
                7
            ],
            [
                "001010",
                7
            ],
            [
                "111000",
                7
            ],
            [
                "000000",
                4
            ],
            [
                "111011",
                2
            ],
            [
                "100011",
                2
            ],
            [
                "110001",
                1
            ],
            [
                "111001",
                1
            ],
            [
                "010001",
                1
            ],
            [
                "011011",
                1
            ],
            [
                "100000",
                1
            ],
            [
                "101000",
                1
            ]
        ],
        "num_training_loops": 41,
        "final_training_cost": -43.266845703125,
        "optimal_params": [
            2.333569290237882,
            0.8723957528369342,
            -0.25256918105837367,
            1.5687024530332812
        ]
    }
}