{
    "metadata": {
        "qaoaLayers": 2,
        "backend_name": "aer_simulator"
    },
    "result": {
        "instance_id": 2,
        "repitition_id": 69,
        "sampled_distribution": [
            [
                "110010",
                4862
            ],
            [
                "010010",
                4787
            ],
            [
                "010011",
                56
            ],
            [
                "100010",
                49
            ],
            [
                "000010",
                47
            ],
            [
                "110000",
                46
            ],
            [
                "110011",
                42
            ],
            [
                "111010",
                40
            ],
            [
                "011010",
                36
            ],
            [
                "010000",
                34
            ],
            [
                "111011",
                1
            ]
        ],
        "num_training_loops": 35,
        "final_training_cost": -43.21923828125,
        "optimal_params": [
            2.347929978847934,
            0.8787424060688256,
            -7.065428543767543e-05,
            1.5711611758695387
        ]
    }
}