{
    "metadata": {
        "qaoaLayers": 2,
        "backend_name": "aer_simulator"
    },
    "result": {
        "instance_id": 2,
        "repitition_id": 96,
        "sampled_distribution": [
            [
                "110010",
                4674
            ],
            [
                "010010",
                4610
            ],
            [
                "011010",
                136
            ],
            [
                "110000",
                119
            ],
            [
                "010000",
                107
            ],
            [
                "111010",
                94
            ],
            [
                "000010",
                60
            ],
            [
                "110011",
                60
            ],
            [
                "100010",
                57
            ],
            [
                "010011",
                45
            ],
            [
                "011000",
                10
            ],
            [
                "111000",
                5
            ],
            [
                "110001",
                4
            ],
            [
                "000000",
                4
            ],
            [
                "000011",
                3
            ],
            [
                "010001",
                2
            ],
            [
                "101010",
                2
            ],
            [
                "001010",
                2
            ],
            [
                "100011",
                2
            ],
            [
                "011011",
                2
            ],
            [
                "111011",
                1
            ],
            [
                "100000",
                1
            ]
        ],
        "num_training_loops": 37,
        "final_training_cost": -41.7783203125,
        "optimal_params": [
            2.492835893839419,
            0.8092516208535675,
            0.03130808864107904,
            1.5695718866252568
        ]
    }
}