{
    "metadata": {
        "qaoaLayers": 4,
        "backend_name": "aer_simulator"
    },
    "result": {
        "instance_id": 2,
        "repitition_id": 27,
        "sampled_distribution": [
            [
                "000011",
                8965
            ],
            [
                "101011",
                413
            ],
            [
                "100011",
                131
            ],
            [
                "001011",
                113
            ],
            [
                "000010",
                83
            ],
            [
                "101010",
                79
            ],
            [
                "010011",
                75
            ],
            [
                "001001",
                30
            ],
            [
                "101000",
                24
            ],
            [
                "001010",
                16
            ],
            [
                "110010",
                15
            ],
            [
                "011011",
                10
            ],
            [
                "110011",
                8
            ],
            [
                "001000",
                6
            ],
            [
                "100010",
                5
            ],
            [
                "011010",
                4
            ],
            [
                "010001",
                3
            ],
            [
                "111010",
                3
            ],
            [
                "100000",
                3
            ],
            [
                "110000",
                2
            ],
            [
                "000000",
                2
            ],
            [
                "000001",
                2
            ],
            [
                "100001",
                2
            ],
            [
                "011001",
                2
            ],
            [
                "111011",
                2
            ],
            [
                "010000",
                1
            ],
            [
                "111001",
                1
            ]
        ],
        "num_training_loops": 75,
        "final_training_cost": -35.35400390625,
        "optimal_params": [
            4.125026758751002,
            3.2400598137077523,
            1.440557886364258,
            0.6662102768028281,
            -0.001498693764588656,
            0.7702310210259441,
            1.589138774835849,
            2.3519101687346846
        ]
    }
}