{
    "metadata": {
        "qaoaLayers": 2,
        "backend_name": "aer_simulator"
    },
    "result": {
        "instance_id": 2,
        "repitition_id": 83,
        "sampled_distribution": [
            [
                "010010",
                4657
            ],
            [
                "110010",
                4444
            ],
            [
                "100010",
                176
            ],
            [
                "110011",
                135
            ],
            [
                "010011",
                132
            ],
            [
                "000010",
                116
            ],
            [
                "111010",
                90
            ],
            [
                "010000",
                80
            ],
            [
                "011010",
                54
            ],
            [
                "110000",
                53
            ],
            [
                "001010",
                12
            ],
            [
                "100011",
                9
            ],
            [
                "000000",
                8
            ],
            [
                "111000",
                7
            ],
            [
                "011011",
                6
            ],
            [
                "000011",
                5
            ],
            [
                "100000",
                4
            ],
            [
                "011000",
                4
            ],
            [
                "101010",
                4
            ],
            [
                "010001",
                2
            ],
            [
                "101000",
                1
            ],
            [
                "111011",
                1
            ]
        ],
        "num_training_loops": 42,
        "final_training_cost": -42.01806640625,
        "optimal_params": [
            2.507841972534868,
            0.7569995420048543,
            -0.03871633548273862,
            1.5728369550698065
        ]
    }
}