{
    "metadata": {
        "qaoaLayers": 4,
        "backend_name": "aer_simulator"
    },
    "result": {
        "instance_id": 2,
        "repitition_id": 84,
        "sampled_distribution": [
            [
                "000011",
                8299
            ],
            [
                "010011",
                1046
            ],
            [
                "100011",
                419
            ],
            [
                "010001",
                46
            ],
            [
                "100010",
                30
            ],
            [
                "010010",
                24
            ],
            [
                "001011",
                22
            ],
            [
                "011011",
                21
            ],
            [
                "100001",
                19
            ],
            [
                "000000",
                13
            ],
            [
                "000001",
                12
            ],
            [
                "000010",
                12
            ],
            [
                "110011",
                10
            ],
            [
                "001001",
                10
            ],
            [
                "001010",
                3
            ],
            [
                "100000",
                3
            ],
            [
                "110010",
                3
            ],
            [
                "001000",
                2
            ],
            [
                "110001",
                2
            ],
            [
                "011000",
                1
            ],
            [
                "011001",
                1
            ],
            [
                "010000",
                1
            ],
            [
                "101011",
                1
            ]
        ],
        "num_training_loops": 68,
        "final_training_cost": -37.731689453125,
        "optimal_params": [
            3.147240878392463,
            3.3181915341814108,
            1.5920297011049722,
            1.7591014404147218,
            -0.3145630990294157,
            0.5273861488217568,
            2.5517539193282484,
            2.3572237311684194
        ]
    }
}