{
    "metadata": {
        "qaoaLayers": 2,
        "backend_name": "aer_simulator"
    },
    "result": {
        "instance_id": 2,
        "repitition_id": 7,
        "sampled_distribution": [
            [
                "010010",
                4101
            ],
            [
                "110010",
                3100
            ],
            [
                "010011",
                712
            ],
            [
                "000010",
                699
            ],
            [
                "100010",
                560
            ],
            [
                "110011",
                550
            ],
            [
                "000011",
                139
            ],
            [
                "100011",
                97
            ],
            [
                "011010",
                11
            ],
            [
                "010000",
                9
            ],
            [
                "110000",
                9
            ],
            [
                "111010",
                4
            ],
            [
                "001010",
                2
            ],
            [
                "111011",
                2
            ],
            [
                "011011",
                1
            ],
            [
                "001011",
                1
            ],
            [
                "101010",
                1
            ],
            [
                "010001",
                1
            ],
            [
                "110001",
                1
            ]
        ],
        "num_training_loops": 35,
        "final_training_cost": -40.60595703125,
        "optimal_params": [
            2.5291315690240843,
            0.5616226977151116,
            0.2847218882574865,
            1.5710915541139583
        ]
    }
}