{
    "metadata": {
        "qaoaLayers": 2,
        "backend_name": "aer_simulator"
    },
    "result": {
        "instance_id": 2,
        "repitition_id": 4,
        "sampled_distribution": [
            [
                "110010",
                4966
            ],
            [
                "010010",
                4852
            ],
            [
                "110011",
                50
            ],
            [
                "100010",
                48
            ],
            [
                "010011",
                47
            ],
            [
                "000010",
                30
            ],
            [
                "101010",
                2
            ],
            [
                "001010",
                1
            ],
            [
                "111011",
                1
            ],
            [
                "000011",
                1
            ],
            [
                "110000",
                1
            ],
            [
                "010000",
                1
            ]
        ],
        "num_training_loops": 43,
        "final_training_cost": -43.840087890625,
        "optimal_params": [
            2.3072680588570846,
            0.8270752056444796,
            -0.06975938193143258,
            1.5702542118204177
        ]
    }
}