{
    "metadata": {
        "qaoaLayers": 2,
        "backend_name": "aer_simulator"
    },
    "result": {
        "instance_id": 2,
        "repitition_id": 88,
        "sampled_distribution": [
            [
                "110010",
                4950
            ],
            [
                "010010",
                4600
            ],
            [
                "011010",
                133
            ],
            [
                "110000",
                82
            ],
            [
                "111010",
                70
            ],
            [
                "010000",
                55
            ],
            [
                "100010",
                16
            ],
            [
                "010011",
                12
            ],
            [
                "011000",
                11
            ],
            [
                "101010",
                11
            ],
            [
                "100000",
                10
            ],
            [
                "111000",
                9
            ],
            [
                "001010",
                8
            ],
            [
                "000000",
                8
            ],
            [
                "011011",
                6
            ],
            [
                "110011",
                6
            ],
            [
                "000010",
                6
            ],
            [
                "111011",
                4
            ],
            [
                "000011",
                2
            ],
            [
                "110001",
                1
            ]
        ],
        "num_training_loops": 38,
        "final_training_cost": -42.72021484375,
        "optimal_params": [
            2.400254748647311,
            0.8726658045962072,
            0.031324173196764844,
            1.568140774860748
        ]
    }
}