{
    "metadata": {
        "qaoaLayers": 2,
        "backend_name": "aer_simulator"
    },
    "result": {
        "instance_id": 1,
        "repitition_id": 40,
        "sampled_distribution": [
            [
                "111000",
                9999
            ],
            [
                "101000",
                1
            ]
        ],
        "num_training_loops": 35,
        "final_training_cost": -15.50146484375,
        "optimal_params": [
            3.1344588273253904,
            1.5727569440274434,
            -3.499596029138086e-05,
            1.5717031015523077
        ]
    }
}