{
    "metadata": {
        "qaoaLayers": 3,
        "backend_name": "aer_simulator"
    },
    "result": {
        "instance_id": 2,
        "repitition_id": 83,
        "sampled_distribution": [
            [
                "100011",
                6720
            ],
            [
                "000011",
                2759
            ],
            [
                "100001",
                155
            ],
            [
                "100010",
                136
            ],
            [
                "000001",
                61
            ],
            [
                "000010",
                55
            ],
            [
                "101011",
                45
            ],
            [
                "110011",
                40
            ],
            [
                "001011",
                12
            ],
            [
                "010011",
                7
            ],
            [
                "100000",
                3
            ],
            [
                "001001",
                1
            ],
            [
                "101010",
                1
            ],
            [
                "101001",
                1
            ],
            [
                "110010",
                1
            ],
            [
                "000000",
                1
            ],
            [
                "001010",
                1
            ],
            [
                "110001",
                1
            ]
        ],
        "num_training_loops": 42,
        "final_training_cost": -42.76416015625,
        "optimal_params": [
            4.14196389846489,
            3.094006438844508,
            2.0464823764222904,
            0.00014581892092232733,
            1.047617571767306,
            2.0943508023557973
        ]
    }
}