{
    "metadata": {
        "qaoaLayers": 2,
        "backend_name": "aer_simulator"
    },
    "result": {
        "instance_id": 2,
        "repitition_id": 78,
        "sampled_distribution": [
            [
                "010010",
                4619
            ],
            [
                "110010",
                4183
            ],
            [
                "010011",
                293
            ],
            [
                "100010",
                268
            ],
            [
                "000010",
                264
            ],
            [
                "110011",
                215
            ],
            [
                "100011",
                26
            ],
            [
                "110000",
                23
            ],
            [
                "010000",
                21
            ],
            [
                "111010",
                20
            ],
            [
                "000011",
                15
            ],
            [
                "011000",
                8
            ],
            [
                "001010",
                8
            ],
            [
                "111000",
                6
            ],
            [
                "011010",
                6
            ],
            [
                "000000",
                5
            ],
            [
                "101010",
                5
            ],
            [
                "100000",
                4
            ],
            [
                "011011",
                3
            ],
            [
                "111011",
                3
            ],
            [
                "110001",
                2
            ],
            [
                "010001",
                2
            ],
            [
                "000001",
                1
            ]
        ],
        "num_training_loops": 37,
        "final_training_cost": -42.19482421875,
        "optimal_params": [
            2.2069655436907336,
            0.8773480658911267,
            0.2501939387192435,
            1.5686074680588118
        ]
    }
}