{
    "metadata": {
        "qaoaLayers": 4,
        "backend_name": "aer_simulator"
    },
    "result": {
        "instance_id": 1,
        "repitition_id": 45,
        "sampled_distribution": [
            [
                "111010",
                6980
            ],
            [
                "101010",
                546
            ],
            [
                "110010",
                540
            ],
            [
                "011010",
                538
            ],
            [
                "111000",
                446
            ],
            [
                "111011",
                425
            ],
            [
                "000011",
                70
            ],
            [
                "111001",
                56
            ],
            [
                "110000",
                43
            ],
            [
                "101011",
                43
            ],
            [
                "011011",
                41
            ],
            [
                "101000",
                40
            ],
            [
                "011000",
                38
            ],
            [
                "110011",
                37
            ],
            [
                "001010",
                36
            ],
            [
                "100010",
                34
            ],
            [
                "000010",
                30
            ],
            [
                "010010",
                25
            ],
            [
                "010011",
                7
            ],
            [
                "100011",
                6
            ],
            [
                "110001",
                4
            ],
            [
                "001011",
                4
            ],
            [
                "000001",
                4
            ],
            [
                "011001",
                3
            ],
            [
                "001000",
                2
            ],
            [
                "101001",
                1
            ],
            [
                "010000",
                1
            ]
        ],
        "num_training_loops": 62,
        "final_training_cost": -14.775634765625,
        "optimal_params": [
            4.146177689577459,
            3.1382475133794507,
            1.6111528377667585,
            0.7542285424223455,
            -0.1391845974288126,
            0.7358086913663546,
            1.6119527947800834,
            2.3594008210329283
        ]
    }
}