{
    "metadata": {
        "qaoaLayers": 2,
        "backend_name": "aer_simulator"
    },
    "result": {
        "instance_id": 2,
        "repitition_id": 95,
        "sampled_distribution": [
            [
                "010010",
                4507
            ],
            [
                "110010",
                4085
            ],
            [
                "010011",
                333
            ],
            [
                "100010",
                316
            ],
            [
                "000010",
                299
            ],
            [
                "110011",
                284
            ],
            [
                "010000",
                33
            ],
            [
                "111010",
                31
            ],
            [
                "000011",
                28
            ],
            [
                "100011",
                16
            ],
            [
                "011010",
                13
            ],
            [
                "110000",
                12
            ],
            [
                "101010",
                10
            ],
            [
                "000000",
                8
            ],
            [
                "001010",
                7
            ],
            [
                "011000",
                4
            ],
            [
                "111000",
                4
            ],
            [
                "010001",
                3
            ],
            [
                "100000",
                3
            ],
            [
                "111011",
                2
            ],
            [
                "110001",
                1
            ],
            [
                "011001",
                1
            ]
        ],
        "num_training_loops": 39,
        "final_training_cost": -42.021728515625,
        "optimal_params": [
            2.1899409150872087,
            0.8863311289648372,
            0.3126637439189545,
            1.5688008378685332
        ]
    }
}