{
    "metadata": {
        "qaoaLayers": 2,
        "backend_name": "aer_simulator"
    },
    "result": {
        "instance_id": 2,
        "repitition_id": 79,
        "sampled_distribution": [
            [
                "010010",
                4955
            ],
            [
                "110010",
                4944
            ],
            [
                "110000",
                27
            ],
            [
                "111010",
                20
            ],
            [
                "011010",
                19
            ],
            [
                "010000",
                18
            ],
            [
                "100010",
                4
            ],
            [
                "111000",
                4
            ],
            [
                "010011",
                3
            ],
            [
                "000010",
                2
            ],
            [
                "100000",
                1
            ],
            [
                "101010",
                1
            ],
            [
                "110011",
                1
            ],
            [
                "011011",
                1
            ]
        ],
        "num_training_loops": 42,
        "final_training_cost": -43.6884765625,
        "optimal_params": [
            2.3788974244147782,
            0.831555329717234,
            -0.2488246682412574,
            1.569997301861176
        ]
    }
}