{
    "metadata": {
        "qaoaLayers": 3,
        "backend_name": "aer_simulator"
    },
    "result": {
        "instance_id": 2,
        "repitition_id": 16,
        "sampled_distribution": [
            [
                "100011",
                6619
            ],
            [
                "000011",
                2866
            ],
            [
                "100001",
                170
            ],
            [
                "100010",
                130
            ],
            [
                "000010",
                61
            ],
            [
                "000001",
                51
            ],
            [
                "101011",
                36
            ],
            [
                "110011",
                32
            ],
            [
                "001011",
                16
            ],
            [
                "010011",
                11
            ],
            [
                "100000",
                4
            ],
            [
                "101001",
                2
            ],
            [
                "000000",
                1
            ],
            [
                "110001",
                1
            ]
        ],
        "num_training_loops": 40,
        "final_training_cost": -42.789306640625,
        "optimal_params": [
            4.142137657642005,
            3.0944667795922873,
            2.047324816381129,
            1.703304794030796e-05,
            1.0479631109688472,
            2.0940864526800897
        ]
    }
}