{
    "metadata": {
        "qaoaLayers": 2,
        "backend_name": "aer_simulator"
    },
    "result": {
        "instance_id": 2,
        "repitition_id": 21,
        "sampled_distribution": [
            [
                "110010",
                4810
            ],
            [
                "010010",
                4649
            ],
            [
                "011010",
                109
            ],
            [
                "111010",
                100
            ],
            [
                "110000",
                95
            ],
            [
                "010000",
                80
            ],
            [
                "000010",
                45
            ],
            [
                "010011",
                35
            ],
            [
                "110011",
                30
            ],
            [
                "100010",
                22
            ],
            [
                "111000",
                7
            ],
            [
                "011000",
                6
            ],
            [
                "101010",
                3
            ],
            [
                "001010",
                2
            ],
            [
                "100000",
                2
            ],
            [
                "110001",
                2
            ],
            [
                "111011",
                1
            ],
            [
                "010001",
                1
            ],
            [
                "000000",
                1
            ]
        ],
        "num_training_loops": 39,
        "final_training_cost": -41.867431640625,
        "optimal_params": [
            2.4739059333352516,
            0.8159323377861202,
            0.2521356124036621,
            1.5699222756954003
        ]
    }
}