{
    "metadata": {
        "qaoaLayers": 3,
        "backend_name": "aer_simulator"
    },
    "result": {
        "instance_id": 2,
        "repitition_id": 82,
        "sampled_distribution": [
            [
                "100011",
                6800
            ],
            [
                "000011",
                2634
            ],
            [
                "100010",
                133
            ],
            [
                "100001",
                118
            ],
            [
                "101011",
                77
            ],
            [
                "110011",
                66
            ],
            [
                "000010",
                49
            ],
            [
                "000001",
                44
            ],
            [
                "010011",
                33
            ],
            [
                "001011",
                22
            ],
            [
                "110001",
                6
            ],
            [
                "101001",
                3
            ],
            [
                "111011",
                3
            ],
            [
                "000000",
                3
            ],
            [
                "100000",
                3
            ],
            [
                "010001",
                2
            ],
            [
                "001000",
                1
            ],
            [
                "110010",
                1
            ],
            [
                "101010",
                1
            ],
            [
                "011011",
                1
            ]
        ],
        "num_training_loops": 46,
        "final_training_cost": -42.590087890625,
        "optimal_params": [
            4.140605732092062,
            3.121537739691636,
            2.0318611130393296,
            1.000930518659737,
            1.05146346403699,
            2.091818005590922
        ]
    }
}