{
    "metadata": {
        "qaoaLayers": 3,
        "backend_name": "aer_simulator"
    },
    "result": {
        "instance_id": 2,
        "repitition_id": 63,
        "sampled_distribution": [
            [
                "100011",
                6708
            ],
            [
                "000011",
                2757
            ],
            [
                "100001",
                145
            ],
            [
                "100010",
                125
            ],
            [
                "000001",
                61
            ],
            [
                "110011",
                47
            ],
            [
                "000010",
                46
            ],
            [
                "101011",
                44
            ],
            [
                "010011",
                22
            ],
            [
                "001011",
                18
            ],
            [
                "110001",
                7
            ],
            [
                "100000",
                5
            ],
            [
                "101001",
                4
            ],
            [
                "110010",
                3
            ],
            [
                "010001",
                2
            ],
            [
                "101010",
                2
            ],
            [
                "111011",
                2
            ],
            [
                "000000",
                1
            ],
            [
                "001001",
                1
            ]
        ],
        "num_training_loops": 44,
        "final_training_cost": -42.662841796875,
        "optimal_params": [
            4.141669469314324,
            3.0981588419019603,
            2.045761540689584,
            1.0010890007638784,
            1.048099305241761,
            2.0950494649880484
        ]
    }
}