{
    "metadata": {
        "qaoaLayers": 2,
        "backend_name": "aer_simulator"
    },
    "result": {
        "instance_id": 2,
        "repitition_id": 82,
        "sampled_distribution": [
            [
                "010010",
                5004
            ],
            [
                "110010",
                4939
            ],
            [
                "100010",
                12
            ],
            [
                "010011",
                8
            ],
            [
                "000010",
                8
            ],
            [
                "111000",
                7
            ],
            [
                "110011",
                4
            ],
            [
                "111010",
                3
            ],
            [
                "110000",
                3
            ],
            [
                "011010",
                3
            ],
            [
                "001010",
                2
            ],
            [
                "101010",
                2
            ],
            [
                "111011",
                1
            ],
            [
                "011000",
                1
            ],
            [
                "000000",
                1
            ],
            [
                "100000",
                1
            ],
            [
                "011011",
                1
            ]
        ],
        "num_training_loops": 44,
        "final_training_cost": -43.838134765625,
        "optimal_params": [
            2.3712567706636034,
            0.761907114542334,
            -0.06225745447815285,
            1.5720917376561152
        ]
    }
}