{
    "metadata": {
        "qaoaLayers": 2,
        "backend_name": "aer_simulator"
    },
    "result": {
        "instance_id": 2,
        "repitition_id": 10,
        "sampled_distribution": [
            [
                "110010",
                4952
            ],
            [
                "010010",
                4640
            ],
            [
                "111010",
                106
            ],
            [
                "010000",
                105
            ],
            [
                "011010",
                73
            ],
            [
                "110000",
                61
            ],
            [
                "100010",
                11
            ],
            [
                "101010",
                8
            ],
            [
                "100000",
                8
            ],
            [
                "010011",
                7
            ],
            [
                "011000",
                6
            ],
            [
                "001010",
                4
            ],
            [
                "111000",
                4
            ],
            [
                "111011",
                3
            ],
            [
                "000000",
                3
            ],
            [
                "110011",
                3
            ],
            [
                "000010",
                2
            ],
            [
                "010001",
                2
            ],
            [
                "000011",
                1
            ],
            [
                "100011",
                1
            ]
        ],
        "num_training_loops": 36,
        "final_training_cost": -42.259033203125,
        "optimal_params": [
            2.4372847005423726,
            0.8380741553866667,
            -0.0006382494716013234,
            1.572885373201211
        ]
    }
}