{
    "metadata": {
        "qaoaLayers": 4,
        "backend_name": "aer_simulator"
    },
    "result": {
        "instance_id": 1,
        "repitition_id": 88,
        "sampled_distribution": [
            [
                "111010",
                7994
            ],
            [
                "110010",
                404
            ],
            [
                "101010",
                390
            ],
            [
                "011010",
                384
            ],
            [
                "111011",
                359
            ],
            [
                "111000",
                125
            ],
            [
                "000011",
                69
            ],
            [
                "011011",
                33
            ],
            [
                "100010",
                28
            ],
            [
                "101011",
                27
            ],
            [
                "110011",
                27
            ],
            [
                "100011",
                26
            ],
            [
                "010011",
                26
            ],
            [
                "010010",
                25
            ],
            [
                "001010",
                24
            ],
            [
                "001011",
                18
            ],
            [
                "111001",
                13
            ],
            [
                "000010",
                6
            ],
            [
                "101000",
                6
            ],
            [
                "011000",
                5
            ],
            [
                "110000",
                4
            ],
            [
                "101001",
                1
            ],
            [
                "100000",
                1
            ],
            [
                "011001",
                1
            ],
            [
                "001001",
                1
            ],
            [
                "010000",
                1
            ],
            [
                "000001",
                1
            ],
            [
                "110001",
                1
            ]
        ],
        "num_training_loops": 55,
        "final_training_cost": -15.043701171875,
        "optimal_params": [
            4.1414482188193285,
            3.1141536763379265,
            1.5067146052123115,
            0.7851792954814849,
            1.1404649442915233,
            0.7870783978117466,
            1.5711809369819778,
            2.3560937284905155
        ]
    }
}