{
    "metadata": {
        "qaoaLayers": 4,
        "backend_name": "aer_simulator"
    },
    "result": {
        "instance_id": 2,
        "repitition_id": 18,
        "sampled_distribution": [
            [
                "111000",
                3885
            ],
            [
                "010001",
                3782
            ],
            [
                "110001",
                764
            ],
            [
                "011000",
                750
            ],
            [
                "011001",
                193
            ],
            [
                "010000",
                123
            ],
            [
                "000001",
                119
            ],
            [
                "101000",
                111
            ],
            [
                "110000",
                103
            ],
            [
                "010011",
                42
            ],
            [
                "100001",
                28
            ],
            [
                "111010",
                26
            ],
            [
                "001000",
                21
            ],
            [
                "011010",
                11
            ],
            [
                "110011",
                11
            ],
            [
                "111001",
                11
            ],
            [
                "001001",
                5
            ],
            [
                "000000",
                4
            ],
            [
                "100000",
                4
            ],
            [
                "011011",
                3
            ],
            [
                "010010",
                2
            ],
            [
                "000011",
                1
            ],
            [
                "001010",
                1
            ]
        ],
        "num_training_loops": 75,
        "final_training_cost": -33.95703125,
        "optimal_params": [
            3.1704542122541697,
            2.3218556568297504,
            1.6032035500118402,
            0.8404688822624881,
            -0.008349790032229132,
            0.46062756441484964,
            2.626426904215035,
            2.34827118472398
        ]
    }
}