{
    "metadata": {
        "qaoaLayers": 4,
        "backend_name": "aer_simulator"
    },
    "result": {
        "instance_id": 1,
        "repitition_id": 69,
        "sampled_distribution": [
            [
                "111010",
                7762
            ],
            [
                "101010",
                448
            ],
            [
                "110010",
                423
            ],
            [
                "011010",
                408
            ],
            [
                "111011",
                378
            ],
            [
                "111000",
                153
            ],
            [
                "000011",
                119
            ],
            [
                "110011",
                37
            ],
            [
                "011011",
                33
            ],
            [
                "101011",
                31
            ],
            [
                "111001",
                28
            ],
            [
                "001011",
                24
            ],
            [
                "100011",
                24
            ],
            [
                "010011",
                23
            ],
            [
                "100010",
                17
            ],
            [
                "101000",
                17
            ],
            [
                "010010",
                17
            ],
            [
                "001010",
                13
            ],
            [
                "000001",
                12
            ],
            [
                "011000",
                11
            ],
            [
                "110000",
                9
            ],
            [
                "001001",
                3
            ],
            [
                "010001",
                2
            ],
            [
                "110001",
                2
            ],
            [
                "000010",
                2
            ],
            [
                "101001",
                1
            ],
            [
                "001000",
                1
            ],
            [
                "011001",
                1
            ],
            [
                "100001",
                1
            ]
        ],
        "num_training_loops": 55,
        "final_training_cost": -14.831298828125,
        "optimal_params": [
            4.141877456975685,
            3.1158311980195825,
            1.5091592391561983,
            0.7857522497455846,
            0.9992803790557829,
            0.8101518232808569,
            1.5521147454562356,
            2.356041936656535
        ]
    }
}