{
    "metadata": {
        "qaoaLayers": 2,
        "backend_name": "aer_simulator"
    },
    "result": {
        "instance_id": 2,
        "repitition_id": 45,
        "sampled_distribution": [
            [
                "010010",
                4871
            ],
            [
                "110010",
                4692
            ],
            [
                "010011",
                132
            ],
            [
                "100010",
                111
            ],
            [
                "000010",
                91
            ],
            [
                "110011",
                79
            ],
            [
                "111010",
                5
            ],
            [
                "010000",
                4
            ],
            [
                "001010",
                4
            ],
            [
                "011010",
                2
            ],
            [
                "100011",
                2
            ],
            [
                "110000",
                2
            ],
            [
                "010001",
                2
            ],
            [
                "111011",
                1
            ],
            [
                "111000",
                1
            ],
            [
                "101010",
                1
            ]
        ],
        "num_training_loops": 43,
        "final_training_cost": -43.351806640625,
        "optimal_params": [
            2.4412205280866646,
            0.7213495826363729,
            0.3206208371271453,
            1.5719072585060387
        ]
    }
}