{
    "metadata": {
        "qaoaLayers": 2,
        "backend_name": "aer_simulator"
    },
    "result": {
        "instance_id": 2,
        "repitition_id": 47,
        "sampled_distribution": [
            [
                "0001",
                2305
            ],
            [
                "0011",
                1016
            ],
            [
                "1001",
                1011
            ],
            [
                "0101",
                1009
            ],
            [
                "0000",
                993
            ],
            [
                "0111",
                502
            ],
            [
                "1000",
                469
            ],
            [
                "1101",
                465
            ],
            [
                "0010",
                464
            ],
            [
                "0100",
                462
            ],
            [
                "1011",
                393
            ],
            [
                "0110",
                221
            ],
            [
                "1100",
                209
            ],
            [
                "1111",
                202
            ],
            [
                "1010",
                195
            ],
            [
                "1110",
                84
            ]
        ],
        "num_training_loops": 31,
        "final_training_cost": -0.009765625,
        "optimal_params": [
            4.177209331585652,
            1.6229398903908965,
            0.2732243016520106,
            1.5548347679669643
        ]
    }
}