{
    "metadata": {
        "qaoaLayers": 2,
        "backend_name": "aer_simulator_from(fake_torino)"
    },
    "result": {
        "instance_id": 1,
        "repitition_id": 29,
        "sampled_distribution": [
            [
                "1110",
                9071
            ],
            [
                "0110",
                407
            ],
            [
                "1111",
                160
            ],
            [
                "1100",
                140
            ],
            [
                "1010",
                100
            ],
            [
                "1101",
                44
            ],
            [
                "0010",
                35
            ],
            [
                "0111",
                33
            ],
            [
                "0100",
                5
            ],
            [
                "0011",
                2
            ],
            [
                "1000",
                1
            ],
            [
                "0101",
                1
            ],
            [
                "1011",
                1
            ]
        ],
        "num_training_loops": 43,
        "final_training_cost": -0.9248046875,
        "optimal_params": [
            3.1279954991851,
            1.578478071304608,
            0.9923319443398144,
            1.5691734583266994
        ]
    }
}