{
    "metadata": {
        "qaoaLayers": 20,
        "backend_name": "aer_simulator"
    },
    "result": {
        "instance_id": 1,
        "repitition_id": 52,
        "sampled_distribution": [
            [
                "1000",
                3102
            ],
            [
                "0111",
                2114
            ],
            [
                "1110",
                1173
            ],
            [
                "0001",
                659
            ],
            [
                "0110",
                609
            ],
            [
                "1001",
                606
            ],
            [
                "1010",
                474
            ],
            [
                "0101",
                380
            ],
            [
                "1100",
                360
            ],
            [
                "0011",
                298
            ],
            [
                "0010",
                90
            ],
            [
                "1101",
                57
            ],
            [
                "0100",
                55
            ],
            [
                "1011",
                18
            ],
            [
                "0000",
                4
            ],
            [
                "1111",
                1
            ]
        ],
        "num_training_loops": 273,
        "final_training_cost": -0.96142578125,
        "optimal_params": [
            3.1560313820005024,
            2.985405755221599,
            2.8266050883590137,
            3.6708264474078316,
            3.4971014287896662,
            2.3660527150387765,
            2.2060889690922987,
            2.030947474701428,
            1.8770356569373126,
            1.75826238203291,
            1.5790377725077676,
            1.403545204939857,
            1.2504772110088593,
            1.0134741870412338,
            0.7477076653881605,
            0.8383838729436943,
            0.46919059506450433,
            0.5289285820635972,
            0.46264229263264434,
            0.27315664830153424,
            1.11877197233176,
            0.15513906274862124,
            1.315221479371514,
            0.47036012530077553,
            0.628705030762391,
            0.7856509898740313,
            0.9391718237221516,
            2.1020961345631575,
            1.2439507045302365,
            1.6204837194604322,
            1.4186994822742927,
            1.8962449459382704,
            1.699204771524511,
            2.0473650282863085,
            2.1817875379016387,
            2.3546883713358753,
            2.5133125749603615,
            2.6633563752622624,
            2.821198293825948,
            2.9582191475085367
        ]
    }
}