{
    "metadata": {
        "qaoaLayers": 3,
        "backend_name": "aer_simulator_from(fake_torino)"
    },
    "result": {
        "instance_id": 1,
        "repitition_id": 30,
        "sampled_distribution": [
            [
                "0001",
                8519
            ],
            [
                "1001",
                489
            ],
            [
                "0000",
                285
            ],
            [
                "0011",
                213
            ],
            [
                "0101",
                201
            ],
            [
                "1000",
                79
            ],
            [
                "0010",
                70
            ],
            [
                "1101",
                53
            ],
            [
                "1100",
                37
            ],
            [
                "1011",
                17
            ],
            [
                "1010",
                14
            ],
            [
                "0100",
                12
            ],
            [
                "1110",
                4
            ],
            [
                "0111",
                3
            ],
            [
                "0110",
                2
            ],
            [
                "1111",
                2
            ]
        ],
        "num_training_loops": 41,
        "final_training_cost": -0.849609375,
        "optimal_params": [
            4.140377065415329,
            3.094102979500563,
            2.0470298989726277,
            1.125435522349616,
            1.051014706196958,
            2.093276818953794
        ]
    }
}