{
    "metadata": {
        "qaoaLayers": 1,
        "backend_name": "aer_simulator"
    },
    "result": {
        "instance_id": 2,
        "repitition_id": 94,
        "sampled_distribution": [
            [
                "1110",
                2549
            ],
            [
                "1010",
                1078
            ],
            [
                "1111",
                1060
            ],
            [
                "1100",
                1018
            ],
            [
                "0110",
                1010
            ],
            [
                "0100",
                436
            ],
            [
                "0010",
                434
            ],
            [
                "1011",
                429
            ],
            [
                "1000",
                423
            ],
            [
                "1101",
                415
            ],
            [
                "0111",
                387
            ],
            [
                "0000",
                183
            ],
            [
                "1001",
                179
            ],
            [
                "0101",
                171
            ],
            [
                "0011",
                168
            ],
            [
                "0001",
                60
            ]
        ],
        "num_training_loops": 19,
        "final_training_cost": 0.00537109375,
        "optimal_params": [
            4.141508796128373,
            0.0009964777599947242
        ]
    }
}