{
    "metadata": {
        "qaoaLayers": 20,
        "backend_name": "aer_simulator"
    },
    "result": {
        "instance_id": 1,
        "repitition_id": 59,
        "sampled_distribution": [
            [
                "0111",
                2227
            ],
            [
                "0101",
                1570
            ],
            [
                "0001",
                1535
            ],
            [
                "0011",
                1352
            ],
            [
                "1110",
                1118
            ],
            [
                "1010",
                682
            ],
            [
                "1100",
                600
            ],
            [
                "0110",
                352
            ],
            [
                "0010",
                194
            ],
            [
                "1101",
                118
            ],
            [
                "1011",
                80
            ],
            [
                "1001",
                73
            ],
            [
                "1000",
                60
            ],
            [
                "0100",
                23
            ],
            [
                "1111",
                15
            ],
            [
                "0000",
                1
            ]
        ],
        "num_training_loops": 304,
        "final_training_cost": -0.98681640625,
        "optimal_params": [
            3.1616378768033875,
            3.7957278560684795,
            3.3297131590029,
            3.6806624177273832,
            3.516181197168089,
            2.3397255423315264,
            2.216990831569261,
            2.0060741273063014,
            1.8711369929525392,
            1.728762169905413,
            1.6509594326320687,
            1.4002401476277209,
            1.2317235939275608,
            1.0887729383765434,
            0.8940617874127306,
            0.7785042143198622,
            0.6094390455962515,
            0.4779285611643945,
            0.31031749524313734,
            0.19233880050154584,
            -0.03214953590081262,
            1.173919792053707,
            1.5624334884052633,
            0.9397598374636463,
            0.6275930887043638,
            0.8312126300519678,
            0.8774436939688132,
            2.093349402065049,
            1.1775052356566613,
            1.3495561311713051,
            1.5131405539744167,
            1.6712754324371424,
            1.8245715296556009,
            1.9996646924161638,
            2.127749551452874,
            2.3505350753103795,
            2.4793752001378726,
            2.6263002420033748,
            2.7440685292397737,
            2.962562469127738
        ]
    }
}