{
    "metadata": {
        "qaoaLayers": 3,
        "backend_name": "aer_simulator"
    },
    "result": {
        "instance_id": 2,
        "repitition_id": 40,
        "sampled_distribution": [
            [
                "1110",
                2749
            ],
            [
                "0110",
                1211
            ],
            [
                "1100",
                1203
            ],
            [
                "1010",
                1169
            ],
            [
                "1000",
                624
            ],
            [
                "0010",
                623
            ],
            [
                "0100",
                600
            ],
            [
                "0001",
                599
            ],
            [
                "1101",
                275
            ],
            [
                "1011",
                263
            ],
            [
                "0111",
                234
            ],
            [
                "0101",
                127
            ],
            [
                "0011",
                124
            ],
            [
                "1001",
                121
            ],
            [
                "0000",
                53
            ],
            [
                "1111",
                25
            ]
        ],
        "num_training_loops": 70,
        "final_training_cost": -0.79150390625,
        "optimal_params": [
            3.4978792281349236,
            1.9554589808412153,
            0.7578969752947431,
            -0.2620594305177783,
            2.0001297372369344,
            2.7212795868936213
        ]
    }
}