{
    "metadata": {
        "qaoaLayers": 2,
        "backend_name": "aer_simulator"
    },
    "result": {
        "instance_id": 2,
        "repitition_id": 84,
        "sampled_distribution": [
            [
                "0001",
                2480
            ],
            [
                "0011",
                1103
            ],
            [
                "0101",
                1066
            ],
            [
                "1001",
                1034
            ],
            [
                "0000",
                966
            ],
            [
                "1011",
                446
            ],
            [
                "0010",
                433
            ],
            [
                "0100",
                425
            ],
            [
                "1000",
                420
            ],
            [
                "0111",
                414
            ],
            [
                "1101",
                411
            ],
            [
                "1010",
                190
            ],
            [
                "0110",
                189
            ],
            [
                "1111",
                182
            ],
            [
                "1100",
                171
            ],
            [
                "1110",
                70
            ]
        ],
        "num_training_loops": 30,
        "final_training_cost": 0.0732421875,
        "optimal_params": [
            4.142434238489915,
            1.5705914106959042,
            0.0004958679634582544,
            1.5707342042460397
        ]
    }
}