{
    "metadata": {
        "qaoaLayers": 3,
        "backend_name": "aer_simulator"
    },
    "result": {
        "instance_id": 2,
        "repitition_id": 64,
        "sampled_distribution": [
            [
                "0001",
                1951
            ],
            [
                "1110",
                1088
            ],
            [
                "1100",
                1057
            ],
            [
                "0110",
                1049
            ],
            [
                "1010",
                1027
            ],
            [
                "1000",
                860
            ],
            [
                "0100",
                818
            ],
            [
                "0010",
                797
            ],
            [
                "0011",
                386
            ],
            [
                "1001",
                382
            ],
            [
                "0101",
                371
            ],
            [
                "0000",
                108
            ],
            [
                "0111",
                38
            ],
            [
                "1111",
                25
            ],
            [
                "1011",
                22
            ],
            [
                "1101",
                21
            ]
        ],
        "num_training_loops": 60,
        "final_training_cost": -0.78271484375,
        "optimal_params": [
            3.523185339549292,
            1.9329600546793115,
            0.7402448898276285,
            1.0765556057279861,
            2.0152999605746342,
            3.546519143754831
        ]
    }
}