{
    "metadata": {
        "qaoaLayers": 4,
        "backend_name": "aer_simulator"
    },
    "result": {
        "instance_id": 2,
        "repitition_id": 51,
        "sampled_distribution": [
            [
                "1110",
                4421
            ],
            [
                "1010",
                1310
            ],
            [
                "1100",
                1285
            ],
            [
                "0110",
                1225
            ],
            [
                "0010",
                439
            ],
            [
                "1000",
                381
            ],
            [
                "0100",
                360
            ],
            [
                "0000",
                137
            ],
            [
                "1011",
                68
            ],
            [
                "0011",
                66
            ],
            [
                "1001",
                66
            ],
            [
                "1101",
                65
            ],
            [
                "0111",
                57
            ],
            [
                "0101",
                56
            ],
            [
                "0001",
                46
            ],
            [
                "1111",
                18
            ]
        ],
        "num_training_loops": 84,
        "final_training_cost": -0.71826171875,
        "optimal_params": [
            3.057987397136786,
            3.2657639707281123,
            1.7471250995520367,
            0.4142681253061826,
            -0.10014305034973818,
            1.716390259112728,
            1.1508905399694396,
            2.49707946397265
        ]
    }
}