{
    "metadata": {
        "qaoaLayers": 20,
        "backend_name": "aer_simulator"
    },
    "result": {
        "instance_id": 2,
        "repitition_id": 36,
        "sampled_distribution": [
            [
                "0001",
                2649
            ],
            [
                "0101",
                1322
            ],
            [
                "1001",
                1249
            ],
            [
                "0011",
                1241
            ],
            [
                "1101",
                624
            ],
            [
                "0111",
                618
            ],
            [
                "1011",
                613
            ],
            [
                "1110",
                443
            ],
            [
                "1010",
                358
            ],
            [
                "1100",
                346
            ],
            [
                "0110",
                338
            ],
            [
                "1000",
                59
            ],
            [
                "0100",
                58
            ],
            [
                "0010",
                55
            ],
            [
                "0000",
                14
            ],
            [
                "1111",
                13
            ]
        ],
        "num_training_loops": 299,
        "final_training_cost": -0.9248046875,
        "optimal_params": [
            3.270120454949207,
            3.137361447651141,
            2.646798267771781,
            3.830559368352848,
            2.5712634642790135,
            2.252158804149844,
            2.3035092967413853,
            1.8429555494148857,
            2.6138220409366495,
            1.58555649963477,
            1.768550706355,
            1.6609222783885917,
            1.47554977069583,
            1.3416302714011756,
            1.2096579734611108,
            0.957212690340819,
            0.7285975286044055,
            0.7268283142981483,
            0.5925159451943032,
            0.28602575140292635,
            0.30731398883961747,
            0.4739499769587121,
            0.5466714312720566,
            0.6635787846622653,
            1.8303047797547163,
            0.7600263337835951,
            1.9684119179836064,
            1.0618991783629623,
            1.194781162721741,
            1.342120517548412,
            1.5088315413903741,
            1.6389164231770557,
            1.74491930292544,
            1.9960433598413272,
            3.1808936870573223,
            2.28383463640587,
            2.4969398986418616,
            2.6409061023812477,
            2.8108691729920627,
            2.9613427701882853
        ]
    }
}