{
    "metadata": {
        "qaoaLayers": 20,
        "backend_name": "aer_simulator"
    },
    "result": {
        "instance_id": 1,
        "repitition_id": 3,
        "sampled_distribution": [
            [
                "0111",
                1700
            ],
            [
                "0101",
                1592
            ],
            [
                "0110",
                1495
            ],
            [
                "1000",
                1210
            ],
            [
                "1001",
                852
            ],
            [
                "1110",
                723
            ],
            [
                "1011",
                680
            ],
            [
                "0010",
                588
            ],
            [
                "0011",
                361
            ],
            [
                "1010",
                280
            ],
            [
                "0001",
                203
            ],
            [
                "1101",
                114
            ],
            [
                "0100",
                105
            ],
            [
                "1100",
                95
            ],
            [
                "1111",
                2
            ]
        ],
        "num_training_loops": 266,
        "final_training_cost": -1.009765625,
        "optimal_params": [
            3.15285911560675,
            2.992990585284027,
            2.8265874814445033,
            2.6581079012042235,
            2.525209899560835,
            3.3614826404337466,
            2.1833380749858162,
            2.048889997965019,
            1.8667845002605872,
            1.7438045906488844,
            1.5713451647211192,
            1.3544175239393423,
            1.1681126454757769,
            1.2839351093707794,
            1.0684587898426179,
            0.7786579041698538,
            0.611664381787792,
            0.49106876891315815,
            0.2917328011426549,
            0.10827603647487229,
            -0.05472508804372648,
            0.04482914348722817,
            1.32257941963998,
            0.3557545620261028,
            0.6486588552571282,
            0.7816520636444426,
            0.9455212749729067,
            1.1133833498441368,
            1.2656063943498712,
            1.415762200470057,
            1.5760852789143014,
            1.7328349568027577,
            1.8921284088957808,
            2.0500404309815954,
            2.2033150207916217,
            2.358069133676864,
            2.5370627879969305,
            3.6907921830695427,
            2.8213433655149305,
            3.9789935656605255
        ]
    }
}