{
    "metadata": {
        "qaoaLayers": 4,
        "backend_name": "aer_simulator_from(fake_torino)"
    },
    "result": {
        "instance_id": 1,
        "repitition_id": 39,
        "sampled_distribution": [
            [
                "0001",
                5228
            ],
            [
                "0101",
                1244
            ],
            [
                "1001",
                1111
            ],
            [
                "0011",
                979
            ],
            [
                "0000",
                268
            ],
            [
                "0010",
                244
            ],
            [
                "1011",
                232
            ],
            [
                "0111",
                225
            ],
            [
                "1101",
                159
            ],
            [
                "1000",
                117
            ],
            [
                "0110",
                44
            ],
            [
                "1111",
                41
            ],
            [
                "0100",
                36
            ],
            [
                "1010",
                35
            ],
            [
                "1100",
                30
            ],
            [
                "1110",
                7
            ]
        ],
        "num_training_loops": 64,
        "final_training_cost": -0.81787109375,
        "optimal_params": [
            3.1655772129524995,
            2.954731596577097,
            1.836925064049173,
            1.8570651867770491,
            -0.01856067934685171,
            0.41742791342414465,
            2.7631813644577283,
            2.303951399392849
        ]
    }
}