{
    "metadata": {
        "qaoaLayers": 2,
        "backend_name": "aer_simulator_from(fake_torino)"
    },
    "result": {
        "instance_id": 1,
        "repitition_id": 23,
        "sampled_distribution": [
            [
                "1110",
                9071
            ],
            [
                "0110",
                386
            ],
            [
                "1111",
                168
            ],
            [
                "1100",
                141
            ],
            [
                "1010",
                105
            ],
            [
                "1101",
                43
            ],
            [
                "0111",
                38
            ],
            [
                "0010",
                35
            ],
            [
                "0100",
                6
            ],
            [
                "1011",
                3
            ],
            [
                "1000",
                2
            ],
            [
                "0101",
                1
            ],
            [
                "0000",
                1
            ]
        ],
        "num_training_loops": 34,
        "final_training_cost": -0.90087890625,
        "optimal_params": [
            3.1581877915927454,
            1.557554268161717,
            1.1197437891238329,
            1.5640945304089378
        ]
    }
}