{
    "metadata": {
        "qaoaLayers": 4,
        "backend_name": "aer_simulator_from(fake_torino)"
    },
    "result": {
        "instance_id": 1,
        "repitition_id": 22,
        "sampled_distribution": [
            [
                "0001",
                5027
            ],
            [
                "1001",
                1551
            ],
            [
                "1000",
                762
            ],
            [
                "0101",
                629
            ],
            [
                "0011",
                396
            ],
            [
                "1010",
                345
            ],
            [
                "0010",
                250
            ],
            [
                "1100",
                243
            ],
            [
                "0000",
                207
            ],
            [
                "1101",
                144
            ],
            [
                "0100",
                132
            ],
            [
                "1011",
                121
            ],
            [
                "1110",
                82
            ],
            [
                "0111",
                48
            ],
            [
                "0110",
                41
            ],
            [
                "1111",
                22
            ]
        ],
        "num_training_loops": 71,
        "final_training_cost": -0.8564453125,
        "optimal_params": [
            4.19265198953522,
            3.5869796271360936,
            1.1240655402801392,
            0.19369801875416143,
            0.03294708010518255,
            0.448065430715558,
            0.5620172963466512,
            2.185387230119529
        ]
    }
}