{
    "metadata": {
        "qaoaLayers": 3,
        "backend_name": "aer_simulator"
    },
    "result": {
        "instance_id": 1,
        "repitition_id": 20,
        "sampled_distribution": [
            [
                "0001",
                9847
            ],
            [
                "1001",
                50
            ],
            [
                "0101",
                43
            ],
            [
                "0011",
                39
            ],
            [
                "1101",
                9
            ],
            [
                "0010",
                5
            ],
            [
                "1100",
                4
            ],
            [
                "1000",
                2
            ],
            [
                "1010",
                1
            ]
        ],
        "num_training_loops": 54,
        "final_training_cost": -0.99609375,
        "optimal_params": [
            4.42808119289584,
            3.0819608664747116,
            1.8367578043026553,
            1.0166047270510643,
            1.0320020068226272,
            2.0756803307801257
        ]
    }
}