{
    "metadata": {
        "qaoaLayers": 3,
        "backend_name": "aer_simulator"
    },
    "result": {
        "instance_id": 1,
        "repitition_id": 14,
        "sampled_distribution": [
            [
                "0001",
                9893
            ],
            [
                "1001",
                42
            ],
            [
                "0011",
                23
            ],
            [
                "0101",
                18
            ],
            [
                "1101",
                8
            ],
            [
                "0010",
                8
            ],
            [
                "1100",
                3
            ],
            [
                "1000",
                2
            ],
            [
                "0000",
                2
            ],
            [
                "1010",
                1
            ]
        ],
        "num_training_loops": 54,
        "final_training_cost": -0.998046875,
        "optimal_params": [
            4.347118032854024,
            3.084197582350382,
            1.927447879743985,
            1.0960128808323162,
            1.0345328254555421,
            2.0889083322256847
        ]
    }
}