{
    "metadata": {
        "qaoaLayers": 3,
        "backend_name": "aer_simulator_from(fake_torino)"
    },
    "result": {
        "instance_id": 1,
        "repitition_id": 72,
        "sampled_distribution": [
            [
                "0001",
                8459
            ],
            [
                "1001",
                417
            ],
            [
                "0011",
                304
            ],
            [
                "0101",
                288
            ],
            [
                "0000",
                208
            ],
            [
                "1101",
                98
            ],
            [
                "0010",
                73
            ],
            [
                "1000",
                56
            ],
            [
                "1100",
                23
            ],
            [
                "1010",
                22
            ],
            [
                "0100",
                16
            ],
            [
                "1011",
                15
            ],
            [
                "0111",
                10
            ],
            [
                "0110",
                5
            ],
            [
                "1111",
                3
            ],
            [
                "1110",
                3
            ]
        ],
        "num_training_loops": 45,
        "final_training_cost": -0.85546875,
        "optimal_params": [
            4.368210833409684,
            3.0523767935151884,
            1.9741797014579772,
            1.0910837487343426,
            1.0291528569213078,
            2.047304902779009
        ]
    }
}