{
    "metadata": {
        "qaoaLayers": 2,
        "backend_name": "aer_simulator_from(fake_torino)"
    },
    "result": {
        "instance_id": 1,
        "repitition_id": 3,
        "sampled_distribution": [
            [
                "1110",
                9144
            ],
            [
                "0110",
                345
            ],
            [
                "1111",
                152
            ],
            [
                "1100",
                139
            ],
            [
                "1010",
                96
            ],
            [
                "1101",
                37
            ],
            [
                "0010",
                37
            ],
            [
                "0111",
                33
            ],
            [
                "0100",
                6
            ],
            [
                "1000",
                3
            ],
            [
                "0101",
                3
            ],
            [
                "1001",
                2
            ],
            [
                "1011",
                2
            ],
            [
                "0001",
                1
            ]
        ],
        "num_training_loops": 29,
        "final_training_cost": -0.908203125,
        "optimal_params": [
            3.1414990830849296,
            1.5716262296358763,
            0.0005337887057594888,
            1.5706637543514663
        ]
    }
}