{
    "metadata": {
        "qaoaLayers": 3,
        "backend_name": "aer_simulator_from(fake_torino)"
    },
    "result": {
        "instance_id": 1,
        "repitition_id": 84,
        "sampled_distribution": [
            [
                "0001",
                8670
            ],
            [
                "1001",
                434
            ],
            [
                "0000",
                238
            ],
            [
                "0011",
                181
            ],
            [
                "0101",
                131
            ],
            [
                "1000",
                91
            ],
            [
                "0010",
                78
            ],
            [
                "1101",
                72
            ],
            [
                "1010",
                32
            ],
            [
                "1100",
                30
            ],
            [
                "1011",
                25
            ],
            [
                "0100",
                13
            ],
            [
                "0111",
                3
            ],
            [
                "1111",
                2
            ]
        ],
        "num_training_loops": 51,
        "final_training_cost": -0.861328125,
        "optimal_params": [
            4.195260181586016,
            3.067080281059164,
            2.0887540518601004,
            1.0056001239067565,
            1.0788202117295282,
            2.0916491754805744
        ]
    }
}