{
    "metadata": {
        "qaoaLayers": 20,
        "backend_name": "aer_simulator"
    },
    "result": {
        "instance_id": 2,
        "repitition_id": 58,
        "sampled_distribution": [
            [
                "0001",
                1853
            ],
            [
                "1110",
                1741
            ],
            [
                "0110",
                981
            ],
            [
                "1010",
                953
            ],
            [
                "1100",
                917
            ],
            [
                "1001",
                599
            ],
            [
                "1101",
                595
            ],
            [
                "0101",
                584
            ],
            [
                "0111",
                570
            ],
            [
                "0011",
                567
            ],
            [
                "1011",
                564
            ],
            [
                "0000",
                29
            ],
            [
                "1111",
                13
            ],
            [
                "1000",
                12
            ],
            [
                "0010",
                11
            ],
            [
                "0100",
                11
            ]
        ],
        "num_training_loops": 364,
        "final_training_cost": -0.904296875,
        "optimal_params": [
            3.109130694741556,
            2.9382563819766156,
            2.678439059499208,
            3.4554397255763116,
            2.690467769738154,
            2.3397939894616173,
            2.2058537351566505,
            1.9698928036125738,
            3.2226661139399466,
            1.893284615691824,
            1.5189884066988708,
            1.4451269897032522,
            1.1957370761246047,
            1.1289817880423791,
            0.9962087583565508,
            0.7474054277556282,
            0.6030714318271329,
            0.5014052917573039,
            0.358405749398053,
            0.09481126891252004,
            0.7183774684434364,
            0.13225427815975696,
            1.1417981001190378,
            0.4524126256882311,
            1.583687729285483,
            0.7746884325604753,
            1.9990435337373185,
            1.127805697991116,
            1.236945550693528,
            1.430310695409834,
            1.5333889942998191,
            1.7234892926748866,
            1.8845441973406114,
            2.0358755155298716,
            3.193829414816255,
            2.3632061880329185,
            2.501412928815115,
            2.6907067470593726,
            2.8313484478992916,
            3.95539573245453
        ]
    }
}