{
    "metadata": {
        "qaoaLayers": 3,
        "backend_name": "aer_simulator_from(fake_torino)"
    },
    "result": {
        "instance_id": 1,
        "repitition_id": 39,
        "sampled_distribution": [
            [
                "0001",
                8856
            ],
            [
                "1001",
                424
            ],
            [
                "0000",
                204
            ],
            [
                "0011",
                158
            ],
            [
                "0101",
                116
            ],
            [
                "1101",
                74
            ],
            [
                "0010",
                58
            ],
            [
                "1000",
                55
            ],
            [
                "1100",
                14
            ],
            [
                "1011",
                13
            ],
            [
                "1010",
                11
            ],
            [
                "0100",
                9
            ],
            [
                "0111",
                4
            ],
            [
                "1111",
                2
            ],
            [
                "0110",
                2
            ]
        ],
        "num_training_loops": 47,
        "final_training_cost": -0.89794921875,
        "optimal_params": [
            4.348959932565333,
            3.1610409442050535,
            1.9301675868819006,
            1.0902267712074611,
            1.0483537182456708,
            2.094222864802908
        ]
    }
}