{
    "metadata": {
        "qaoaLayers": 2,
        "backend_name": "aer_simulator"
    },
    "result": {
        "instance_id": 2,
        "repitition_id": 1,
        "sampled_distribution": [
            [
                "0001",
                5455
            ],
            [
                "0011",
                1032
            ],
            [
                "1001",
                1032
            ],
            [
                "0101",
                1009
            ],
            [
                "0111",
                326
            ],
            [
                "1101",
                312
            ],
            [
                "1011",
                302
            ],
            [
                "0000",
                185
            ],
            [
                "1000",
                57
            ],
            [
                "1111",
                53
            ],
            [
                "0010",
                47
            ],
            [
                "0110",
                47
            ],
            [
                "0100",
                47
            ],
            [
                "1010",
                46
            ],
            [
                "1100",
                37
            ],
            [
                "1110",
                13
            ]
        ],
        "num_training_loops": 41,
        "final_training_cost": -0.5029296875,
        "optimal_params": [
            4.475831343598253,
            1.3053493551974273,
            -0.03244613109360761,
            -0.42581531665504846
        ]
    }
}