{
    "metadata": {
        "qaoaLayers": 20,
        "backend_name": "aer_simulator"
    },
    "result": {
        "instance_id": 1,
        "repitition_id": 38,
        "sampled_distribution": [
            [
                "0110",
                3796
            ],
            [
                "0111",
                2218
            ],
            [
                "1110",
                1704
            ],
            [
                "0101",
                962
            ],
            [
                "0010",
                509
            ],
            [
                "1011",
                476
            ],
            [
                "1001",
                91
            ],
            [
                "1010",
                69
            ],
            [
                "0001",
                56
            ],
            [
                "0100",
                49
            ],
            [
                "1000",
                40
            ],
            [
                "1101",
                19
            ],
            [
                "0011",
                8
            ],
            [
                "1100",
                1
            ],
            [
                "0000",
                1
            ],
            [
                "1111",
                1
            ]
        ],
        "num_training_loops": 313,
        "final_training_cost": -0.97900390625,
        "optimal_params": [
            3.201304340700137,
            2.8980973515896773,
            2.856776125683706,
            3.0459629479622317,
            2.549549658892754,
            3.3447453667219915,
            2.173776807030069,
            1.989564527790001,
            1.8518372158821277,
            1.6943836547674676,
            1.4704003565294075,
            1.426515154912695,
            1.1522413200744612,
            0.9799314688777069,
            0.9398968888168556,
            0.7527369455542771,
            0.6480767039785339,
            0.396844910643091,
            0.7750054597265933,
            0.16008646248621713,
            -0.00952430481307237,
            0.15233896723876433,
            1.3094707705060826,
            0.2911850542980538,
            0.5451757551778811,
            0.9862328674991244,
            0.957408968059333,
            1.1031417688055545,
            1.2668011104606425,
            1.4310031410589614,
            1.3868580728171152,
            1.8751383040189455,
            1.8841031424042882,
            2.0590226883724823,
            2.2472945696422952,
            2.3605696433767926,
            2.5161683985462724,
            3.6716799393357067,
            2.830494863812899,
            4.037810779112303
        ]
    }
}