{
    "metadata": {
        "qaoaLayers": 20,
        "backend_name": "aer_simulator"
    },
    "result": {
        "instance_id": 1,
        "repitition_id": 11,
        "sampled_distribution": [
            [
                "1010",
                2280
            ],
            [
                "1110",
                1811
            ],
            [
                "1000",
                1424
            ],
            [
                "1100",
                1063
            ],
            [
                "0110",
                832
            ],
            [
                "0100",
                664
            ],
            [
                "0111",
                620
            ],
            [
                "1101",
                609
            ],
            [
                "1001",
                529
            ],
            [
                "0001",
                57
            ],
            [
                "1111",
                28
            ],
            [
                "0000",
                19
            ],
            [
                "0011",
                19
            ],
            [
                "1011",
                16
            ],
            [
                "0010",
                16
            ],
            [
                "0101",
                13
            ]
        ],
        "num_training_loops": 261,
        "final_training_cost": -0.94580078125,
        "optimal_params": [
            3.118667127397215,
            2.932297523498114,
            2.8757169971114087,
            3.3599441439431232,
            3.3399021922496717,
            2.3410866793422396,
            2.38237332169284,
            2.026692697719193,
            1.8752218835369352,
            1.717664652928948,
            1.398199157576441,
            1.3949118195827879,
            1.2448072362647031,
            1.094717831247584,
            0.928945948428996,
            0.7629495989092095,
            0.611904707867357,
            0.4580344193732982,
            0.29134701723904105,
            0.13568487203450158,
            -0.010761929297457076,
            0.14457634359239757,
            1.2976479555243692,
            0.4649494938376406,
            0.6310434093144831,
            0.7795881574755166,
            0.9281536784811888,
            2.09635169959769,
            1.2846492593240522,
            1.3997080700895532,
            1.558425091214768,
            1.6776628856981484,
            1.9080457287139754,
            2.0303904423149164,
            2.1877003660872174,
            2.3570881150395855,
            2.502478374315306,
            2.656516346550441,
            2.812700950516664,
            3.0592560347508435
        ]
    }
}