{
    "metadata": {
        "qaoaLayers": 2,
        "backend_name": "aer_simulator"
    },
    "result": {
        "instance_id": 2,
        "repitition_id": 63,
        "sampled_distribution": [
            [
                "1110",
                3316
            ],
            [
                "0110",
                1047
            ],
            [
                "1010",
                1042
            ],
            [
                "1111",
                992
            ],
            [
                "1100",
                985
            ],
            [
                "1011",
                402
            ],
            [
                "1101",
                391
            ],
            [
                "0111",
                348
            ],
            [
                "0100",
                334
            ],
            [
                "0010",
                304
            ],
            [
                "1000",
                288
            ],
            [
                "0000",
                172
            ],
            [
                "1001",
                113
            ],
            [
                "0101",
                109
            ],
            [
                "0011",
                94
            ],
            [
                "0001",
                63
            ]
        ],
        "num_training_loops": 42,
        "final_training_cost": 0.03271484375,
        "optimal_params": [
            2.2498823988094783,
            1.1857669383733727,
            -0.07682870197285546,
            1.4920439708527125
        ]
    }
}