{
    "metadata": {
        "qaoaLayers": 20,
        "backend_name": "aer_simulator"
    },
    "result": {
        "instance_id": 1,
        "repitition_id": 32,
        "sampled_distribution": [
            [
                "0110",
                3240
            ],
            [
                "1110",
                2340
            ],
            [
                "0111",
                1377
            ],
            [
                "0101",
                761
            ],
            [
                "1010",
                521
            ],
            [
                "1011",
                442
            ],
            [
                "1101",
                304
            ],
            [
                "0010",
                274
            ],
            [
                "0100",
                225
            ],
            [
                "1001",
                183
            ],
            [
                "0011",
                108
            ],
            [
                "0001",
                107
            ],
            [
                "1000",
                76
            ],
            [
                "1100",
                20
            ],
            [
                "0000",
                12
            ],
            [
                "1111",
                10
            ]
        ],
        "num_training_loops": 251,
        "final_training_cost": -0.9970703125,
        "optimal_params": [
            3.0634928995423056,
            2.986863868687402,
            2.825600333724466,
            2.6665962891061428,
            2.517890973005429,
            3.3515813587998506,
            2.2077805586558137,
            2.047882697808086,
            2.0714308951703955,
            1.879237058639828,
            1.544928509964419,
            1.387233928552644,
            1.2327405053028335,
            1.0732891524883035,
            0.9173131933915605,
            0.7591952212801595,
            0.6021958263616791,
            0.49458510965090985,
            0.3183092186187494,
            0.06893208591475641,
            -0.025537245616276905,
            0.13155016190395277,
            1.2902126338276516,
            0.47501441281169793,
            0.5924010619663049,
            0.7829317080638531,
            0.9410046673803781,
            1.099093528388887,
            1.2557331289738276,
            1.411413592598522,
            1.569263046436621,
            1.7266380298453774,
            1.8833249237079155,
            2.041384301723734,
            2.1962323457469433,
            2.4065865786424236,
            2.497426229193923,
            3.6681842542364658,
            2.8297987746196926,
            3.9829601839430673
        ]
    }
}