{
    "metadata": {
        "qaoaLayers": 20,
        "backend_name": "aer_simulator"
    },
    "result": {
        "instance_id": 2,
        "repitition_id": 42,
        "sampled_distribution": [
            [
                "0001",
                2015
            ],
            [
                "1010",
                1354
            ],
            [
                "0110",
                1311
            ],
            [
                "1100",
                1218
            ],
            [
                "1101",
                795
            ],
            [
                "0111",
                741
            ],
            [
                "1011",
                727
            ],
            [
                "1110",
                698
            ],
            [
                "0011",
                342
            ],
            [
                "1001",
                338
            ],
            [
                "0101",
                316
            ],
            [
                "0010",
                42
            ],
            [
                "1000",
                40
            ],
            [
                "0100",
                39
            ],
            [
                "0000",
                16
            ],
            [
                "1111",
                8
            ]
        ],
        "num_training_loops": 305,
        "final_training_cost": -0.9658203125,
        "optimal_params": [
            3.1366279662895575,
            2.973265996821643,
            2.8325607283875507,
            3.674611085857325,
            2.520695256232349,
            2.379415464048622,
            2.201996267554662,
            2.0299431835061816,
            2.639315146046298,
            1.727800476801718,
            1.5973551697729267,
            1.4149099151186197,
            1.2406428945577284,
            1.008173138085512,
            0.9242225905650225,
            0.7821245818781137,
            0.6405871782750547,
            0.48776046856251193,
            0.31320520482347936,
            0.17076318306252963,
            0.2148011831650195,
            0.12275668944061756,
            0.21001933718188906,
            0.3656828383506691,
            1.501084819121864,
            0.7566146654296545,
            2.088934585068715,
            1.2946953070008005,
            1.2385073722152704,
            1.2984263846196418,
            1.7501096782720633,
            1.5187221833212832,
            1.9218914530891233,
            2.0722637573664846,
            3.2295974025101057,
            2.36270727719599,
            2.4928585172704727,
            2.6730119590398416,
            2.8390061433271057,
            2.995226662970348
        ]
    }
}