{
    "metadata": {
        "qaoaLayers": 20,
        "backend_name": "aer_simulator"
    },
    "result": {
        "instance_id": 2,
        "repitition_id": 22,
        "sampled_distribution": [
            [
                "1110",
                2458
            ],
            [
                "1100",
                1309
            ],
            [
                "0110",
                1304
            ],
            [
                "1010",
                1228
            ],
            [
                "0001",
                1088
            ],
            [
                "1000",
                532
            ],
            [
                "0010",
                514
            ],
            [
                "0100",
                508
            ],
            [
                "1001",
                344
            ],
            [
                "0101",
                331
            ],
            [
                "0011",
                306
            ],
            [
                "1111",
                47
            ],
            [
                "0000",
                17
            ],
            [
                "1011",
                7
            ],
            [
                "1101",
                4
            ],
            [
                "0111",
                3
            ]
        ],
        "num_training_loops": 300,
        "final_training_cost": -0.9443359375,
        "optimal_params": [
            2.9007606240996475,
            3.102456822686203,
            2.9745943571235647,
            3.7575052215250953,
            2.5727644311222666,
            2.2414557115659854,
            2.159537585986166,
            2.0238926613933175,
            2.933408850558141,
            1.7364302684587367,
            1.5409040433932026,
            1.642531394393541,
            1.6927989702322022,
            1.0845913207206046,
            0.9450753009624868,
            0.7618730958177875,
            0.6128675291236303,
            0.47637219746117315,
            1.26878169591807,
            0.12744484736457212,
            0.076157183674921,
            0.16789218125371308,
            0.2276398917265527,
            0.4853656989955601,
            0.6039567073907783,
            0.8877984373442696,
            0.9199093726785944,
            1.1476074036124757,
            1.2865969636863583,
            1.3735484755903538,
            1.604345990434603,
            1.5685231016911956,
            1.9802762871865525,
            2.031243180125169,
            2.490820464466747,
            2.3357882007070203,
            2.4985976644795755,
            2.686659924262758,
            2.7932150941140685,
            3.3882367256893855
        ]
    }
}