{
    "metadata": {
        "qaoaLayers": 20,
        "backend_name": "aer_simulator"
    },
    "result": {
        "instance_id": 1,
        "repitition_id": 70,
        "sampled_distribution": [
            [
                "1000",
                3087
            ],
            [
                "1110",
                1692
            ],
            [
                "0001",
                1401
            ],
            [
                "0111",
                1302
            ],
            [
                "1010",
                889
            ],
            [
                "1100",
                774
            ],
            [
                "1001",
                262
            ],
            [
                "0110",
                236
            ],
            [
                "0101",
                122
            ],
            [
                "0011",
                94
            ],
            [
                "0100",
                86
            ],
            [
                "1101",
                24
            ],
            [
                "1011",
                22
            ],
            [
                "0010",
                5
            ],
            [
                "0000",
                4
            ]
        ],
        "num_training_loops": 278,
        "final_training_cost": -0.9970703125,
        "optimal_params": [
            3.1457748362962703,
            2.982463488191095,
            2.825071448912092,
            3.672587247418247,
            3.510745448459336,
            2.3451826001101215,
            2.197397904321244,
            2.061586507657968,
            1.9268990736907468,
            1.7315362101677505,
            1.5713354681090872,
            1.3301863051609792,
            1.34358667368146,
            1.1097197080443366,
            0.9520631820459802,
            0.8128054776742983,
            0.5878566222536451,
            0.48423375002040225,
            0.33434251026202283,
            0.14715796419702093,
            1.0339746700569987,
            1.160489993794177,
            1.561435291388406,
            0.5170305429765675,
            0.626818263999122,
            0.7669697940694983,
            0.9452888239979562,
            2.098790821876399,
            1.2573762647925995,
            1.413086441408673,
            1.5717141775375016,
            1.8322177208676593,
            1.8105506863960932,
            2.0566411665158233,
            2.1966451033029744,
            2.3593334644885027,
            2.516978113832496,
            2.671058692493226,
            2.8338422267116776,
            3.0012352498118777
        ]
    }
}