{
    "metadata": {
        "qaoaLayers": 4,
        "backend_name": "aer_simulator"
    },
    "result": {
        "instance_id": 2,
        "repitition_id": 59,
        "sampled_distribution": [
            [
                "1110",
                1445
            ],
            [
                "0110",
                1418
            ],
            [
                "1010",
                1376
            ],
            [
                "1100",
                1320
            ],
            [
                "0001",
                1096
            ],
            [
                "1000",
                663
            ],
            [
                "0100",
                635
            ],
            [
                "0010",
                623
            ],
            [
                "0101",
                268
            ],
            [
                "0011",
                267
            ],
            [
                "1001",
                235
            ],
            [
                "0111",
                229
            ],
            [
                "1011",
                195
            ],
            [
                "1101",
                195
            ],
            [
                "1111",
                22
            ],
            [
                "0000",
                13
            ]
        ],
        "num_training_loops": 77,
        "final_training_cost": -0.96435546875,
        "optimal_params": [
            3.9549296384581187,
            2.591539772598185,
            2.63848845350612,
            1.8821277649859134,
            -0.11943749770646327,
            0.24204625614928646,
            0.8695946722991396,
            1.9735933131443284
        ]
    }
}