{
    "metadata": {
        "qaoaLayers": 20,
        "backend_name": "aer_simulator"
    },
    "result": {
        "instance_id": 2,
        "repitition_id": 57,
        "sampled_distribution": [
            [
                "0001",
                1901
            ],
            [
                "1001",
                901
            ],
            [
                "0011",
                887
            ],
            [
                "0101",
                840
            ],
            [
                "1101",
                832
            ],
            [
                "1110",
                824
            ],
            [
                "1011",
                817
            ],
            [
                "0111",
                775
            ],
            [
                "1010",
                723
            ],
            [
                "1100",
                689
            ],
            [
                "0110",
                672
            ],
            [
                "1111",
                49
            ],
            [
                "0100",
                30
            ],
            [
                "1000",
                30
            ],
            [
                "0010",
                23
            ],
            [
                "0000",
                7
            ]
        ],
        "num_training_loops": 314,
        "final_training_cost": -0.9072265625,
        "optimal_params": [
            3.1084765762686404,
            2.971113039058259,
            2.8618671564689886,
            3.6655111287684425,
            2.5355822504831598,
            2.27175490885671,
            2.227713878991428,
            2.0435098431929717,
            2.837435614279208,
            1.8082383819255363,
            1.5279544292046006,
            1.5329201620263029,
            1.3268346888542755,
            1.1654659584347622,
            0.9224623811340648,
            0.7361665196003415,
            0.7540942877680584,
            0.4442856498897139,
            0.24343855033715273,
            0.21330219714202164,
            0.9701882855190288,
            0.0438457002784283,
            0.3203796210566469,
            0.5142504998651571,
            1.63908735323666,
            1.2754734290756047,
            1.9739826172644837,
            1.1815774793573606,
            1.347110519765885,
            1.2193995912793787,
            1.623951971063885,
            1.7308070876480335,
            1.978441062177662,
            1.9843820840277258,
            3.2328482279449706,
            2.3210855070411784,
            2.476275223672696,
            2.684457530151771,
            2.7906632873027126,
            2.947098402213885
        ]
    }
}