{
    "metadata": {
        "qaoaLayers": 4,
        "backend_name": "aer_simulator"
    },
    "result": {
        "instance_id": 1,
        "repitition_id": 43,
        "sampled_distribution": [
            [
                "0001",
                7538
            ],
            [
                "1001",
                855
            ],
            [
                "0101",
                692
            ],
            [
                "0011",
                636
            ],
            [
                "0111",
                65
            ],
            [
                "1011",
                65
            ],
            [
                "1000",
                37
            ],
            [
                "1101",
                32
            ],
            [
                "0010",
                25
            ],
            [
                "1010",
                21
            ],
            [
                "0000",
                12
            ],
            [
                "1100",
                8
            ],
            [
                "1110",
                5
            ],
            [
                "0100",
                5
            ],
            [
                "1111",
                2
            ],
            [
                "0110",
                2
            ]
        ],
        "num_training_loops": 71,
        "final_training_cost": -0.99462890625,
        "optimal_params": [
            2.9641510973939225,
            2.0583814360610733,
            1.6202712440621512,
            2.4938501157085247,
            -1.8958935480116892,
            0.6144786297604208,
            4.112799606254271,
            2.222322449980138
        ]
    }
}