{
    "metadata": {
        "qaoaLayers": 4,
        "backend_name": "aer_simulator_from(fake_torino)"
    },
    "result": {
        "instance_id": 1,
        "repitition_id": 26,
        "sampled_distribution": [
            [
                "1000",
                3319
            ],
            [
                "1100",
                2140
            ],
            [
                "1010",
                2072
            ],
            [
                "1110",
                1317
            ],
            [
                "0000",
                232
            ],
            [
                "0010",
                175
            ],
            [
                "0100",
                153
            ],
            [
                "1001",
                128
            ],
            [
                "1011",
                119
            ],
            [
                "0110",
                98
            ],
            [
                "1101",
                85
            ],
            [
                "1111",
                56
            ],
            [
                "0001",
                32
            ],
            [
                "0101",
                30
            ],
            [
                "0011",
                28
            ],
            [
                "0111",
                16
            ]
        ],
        "num_training_loops": 67,
        "final_training_cost": -0.81298828125,
        "optimal_params": [
            3.2082673606834127,
            3.6160455892882237,
            2.5786796929698412,
            1.7024938670833298,
            -0.00433067300780226,
            0.7809274789180608,
            1.637723455758263,
            3.2982119410411554
        ]
    }
}