{
    "metadata": {
        "qaoaLayers": 3,
        "backend_name": "aer_simulator"
    },
    "result": {
        "instance_id": 2,
        "repitition_id": 89,
        "sampled_distribution": [
            [
                "0001",
                3909
            ],
            [
                "0011",
                1215
            ],
            [
                "1001",
                1207
            ],
            [
                "0101",
                1151
            ],
            [
                "0111",
                455
            ],
            [
                "1101",
                443
            ],
            [
                "1011",
                430
            ],
            [
                "0100",
                188
            ],
            [
                "1111",
                170
            ],
            [
                "1000",
                154
            ],
            [
                "0000",
                139
            ],
            [
                "0010",
                128
            ],
            [
                "1100",
                123
            ],
            [
                "1010",
                117
            ],
            [
                "0110",
                110
            ],
            [
                "1110",
                61
            ]
        ],
        "num_training_loops": 51,
        "final_training_cost": -0.5703125,
        "optimal_params": [
            3.3335189435587838,
            1.9628496893541234,
            0.7479848451886132,
            -0.27858683353722624,
            2.0237032650527387,
            3.207771220127012
        ]
    }
}