{
    "metadata": {
        "qaoaLayers": 4,
        "backend_name": "aer_simulator"
    },
    "result": {
        "instance_id": 1,
        "repitition_id": 72,
        "sampled_distribution": [
            [
                "1110",
                7157
            ],
            [
                "1010",
                1317
            ],
            [
                "1100",
                1255
            ],
            [
                "1000",
                224
            ],
            [
                "1101",
                14
            ],
            [
                "1111",
                14
            ],
            [
                "0010",
                11
            ],
            [
                "0110",
                2
            ],
            [
                "1011",
                2
            ],
            [
                "1001",
                1
            ],
            [
                "0111",
                1
            ],
            [
                "0101",
                1
            ],
            [
                "0000",
                1
            ]
        ],
        "num_training_loops": 63,
        "final_training_cost": -0.98828125,
        "optimal_params": [
            3.0689251430360622,
            3.3418326344488847,
            2.9096212398636747,
            1.6673458758231234,
            0.11883081885763404,
            1.936793680133738,
            1.510779790527265,
            2.8774209876100927
        ]
    }
}