{
    "metadata": {
        "qaoaLayers": 20,
        "backend_name": "aer_simulator"
    },
    "result": {
        "instance_id": 1,
        "repitition_id": 72,
        "sampled_distribution": [
            [
                "0110",
                1708
            ],
            [
                "0101",
                1321
            ],
            [
                "1010",
                1038
            ],
            [
                "1110",
                943
            ],
            [
                "1001",
                841
            ],
            [
                "0111",
                827
            ],
            [
                "1011",
                677
            ],
            [
                "0010",
                653
            ],
            [
                "0100",
                571
            ],
            [
                "1000",
                512
            ],
            [
                "1101",
                445
            ],
            [
                "0001",
                361
            ],
            [
                "1100",
                68
            ],
            [
                "0000",
                15
            ],
            [
                "1111",
                14
            ],
            [
                "0011",
                6
            ]
        ],
        "num_training_loops": 268,
        "final_training_cost": -0.9580078125,
        "optimal_params": [
            3.2578773635927107,
            2.9463112149414044,
            2.807431731305785,
            3.677119086670261,
            3.37803524926802,
            2.4785598461390608,
            2.5384764683608756,
            2.0555218635750117,
            1.9703458478532145,
            1.805535534323095,
            1.7004126616091262,
            1.3805010135545581,
            1.4395539689006098,
            1.2379344594784571,
            1.016680520331919,
            0.841536668086609,
            0.6949873978395266,
            0.5757409004158456,
            0.37773273668214297,
            0.23591310532086257,
            1.1031950511808812,
            -0.10685631932678925,
            1.3310020358289587,
            0.4525557037428254,
            0.622347366219679,
            0.7327414676820551,
            1.0721146035654012,
            2.044613085460455,
            1.219662233834566,
            1.3768826544842276,
            1.7082060750840014,
            1.6916539696205657,
            1.6708516594578657,
            2.0184269363836838,
            2.1614258125585493,
            2.346989809139548,
            2.4915075029652516,
            2.6445944573227056,
            2.785119485728053,
            2.9724844491101194
        ]
    }
}