{
    "metadata": {
        "qaoaLayers": 1,
        "backend_name": "aer_simulator"
    },
    "result": {
        "instance_id": 2,
        "repitition_id": 76,
        "sampled_distribution": [
            [
                "1110",
                2590
            ],
            [
                "1111",
                1082
            ],
            [
                "0110",
                1040
            ],
            [
                "1010",
                1022
            ],
            [
                "1100",
                1012
            ],
            [
                "0010",
                435
            ],
            [
                "1101",
                434
            ],
            [
                "1000",
                430
            ],
            [
                "0100",
                427
            ],
            [
                "0111",
                408
            ],
            [
                "1011",
                398
            ],
            [
                "0011",
                179
            ],
            [
                "1001",
                163
            ],
            [
                "0000",
                161
            ],
            [
                "0101",
                154
            ],
            [
                "0001",
                65
            ]
        ],
        "num_training_loops": 21,
        "final_training_cost": 0.07080078125,
        "optimal_params": [
            4.146453640486323,
            -0.006795138343427025
        ]
    }
}