{
    "metadata": {
        "qaoaLayers": 3,
        "backend_name": "aer_simulator"
    },
    "result": {
        "instance_id": 1,
        "repitition_id": 93,
        "sampled_distribution": [
            [
                "0001",
                9953
            ],
            [
                "1001",
                26
            ],
            [
                "0101",
                8
            ],
            [
                "0011",
                8
            ],
            [
                "1010",
                3
            ],
            [
                "0000",
                2
            ]
        ],
        "num_training_loops": 45,
        "final_training_cost": -0.99658203125,
        "optimal_params": [
            4.369250192319714,
            3.162121263695639,
            1.937586690327116,
            1.1267363497395715,
            1.0542003430125226,
            2.097004117744829
        ]
    }
}