{
    "metadata": {
        "qaoaLayers": 3,
        "backend_name": "aer_simulator"
    },
    "result": {
        "instance_id": 2,
        "repitition_id": 94,
        "sampled_distribution": [
            [
                "0001",
                3885
            ],
            [
                "0101",
                933
            ],
            [
                "1001",
                932
            ],
            [
                "0011",
                900
            ],
            [
                "0100",
                534
            ],
            [
                "0010",
                492
            ],
            [
                "1000",
                482
            ],
            [
                "1010",
                266
            ],
            [
                "1101",
                266
            ],
            [
                "0111",
                255
            ],
            [
                "0110",
                252
            ],
            [
                "1011",
                241
            ],
            [
                "1100",
                238
            ],
            [
                "1111",
                138
            ],
            [
                "0000",
                121
            ],
            [
                "1110",
                65
            ]
        ],
        "num_training_loops": 62,
        "final_training_cost": -0.53271484375,
        "optimal_params": [
            3.5860351715491214,
            2.0707427840293837,
            0.9504895957763588,
            1.3070961322575414,
            1.2634341522830619,
            2.8951059903356375
        ]
    }
}