{
    "metadata": {
        "qaoaLayers": 4,
        "backend_name": "aer_simulator"
    },
    "result": {
        "instance_id": 1,
        "repitition_id": 26,
        "sampled_distribution": [
            [
                "0001",
                6144
            ],
            [
                "0101",
                1181
            ],
            [
                "0011",
                1030
            ],
            [
                "1001",
                970
            ],
            [
                "0111",
                210
            ],
            [
                "1011",
                182
            ],
            [
                "0010",
                144
            ],
            [
                "1000",
                46
            ],
            [
                "1101",
                45
            ],
            [
                "0110",
                20
            ],
            [
                "1100",
                13
            ],
            [
                "0000",
                9
            ],
            [
                "1111",
                2
            ],
            [
                "1010",
                2
            ],
            [
                "0100",
                1
            ],
            [
                "1110",
                1
            ]
        ],
        "num_training_loops": 59,
        "final_training_cost": -0.9931640625,
        "optimal_params": [
            3.161234260611493,
            3.4302248546027267,
            1.4905534329477548,
            1.7379400742860631,
            1.0005539983227283,
            0.7815149139960975,
            1.5927515006548654,
            2.2895576484455447
        ]
    }
}