{
    "metadata": {
        "qaoaLayers": 2,
        "backend_name": "aer_simulator"
    },
    "result": {
        "instance_id": 2,
        "repitition_id": 64,
        "sampled_distribution": [
            [
                "0001",
                2718
            ],
            [
                "0000",
                1085
            ],
            [
                "0101",
                1054
            ],
            [
                "1001",
                1014
            ],
            [
                "0011",
                1006
            ],
            [
                "1000",
                460
            ],
            [
                "1101",
                415
            ],
            [
                "0010",
                414
            ],
            [
                "1011",
                408
            ],
            [
                "0100",
                394
            ],
            [
                "0111",
                393
            ],
            [
                "1100",
                161
            ],
            [
                "1111",
                144
            ],
            [
                "0110",
                137
            ],
            [
                "1010",
                133
            ],
            [
                "1110",
                64
            ]
        ],
        "num_training_loops": 34,
        "final_training_cost": 0.02294921875,
        "optimal_params": [
            3.123138796532569,
            2.5692299362350743,
            0.02313118689513518,
            1.4311766136303559
        ]
    }
}