{
    "metadata": {
        "qaoaLayers": 4,
        "backend_name": "aer_simulator"
    },
    "result": {
        "instance_id": 2,
        "repitition_id": 94,
        "sampled_distribution": [
            [
                "0001",
                5939
            ],
            [
                "0101",
                964
            ],
            [
                "1001",
                952
            ],
            [
                "0011",
                912
            ],
            [
                "1011",
                289
            ],
            [
                "1101",
                286
            ],
            [
                "0111",
                285
            ],
            [
                "0000",
                80
            ],
            [
                "1010",
                50
            ],
            [
                "0010",
                47
            ],
            [
                "0110",
                46
            ],
            [
                "1111",
                41
            ],
            [
                "0100",
                37
            ],
            [
                "1100",
                32
            ],
            [
                "1000",
                31
            ],
            [
                "1110",
                9
            ]
        ],
        "num_training_loops": 73,
        "final_training_cost": -0.54638671875,
        "optimal_params": [
            2.8861160935559576,
            1.484147410000778,
            1.5011207092010985,
            0.25786715039372515,
            -0.12165937230549577,
            1.4590364479840674,
            1.5727460212445363,
            2.167855414364985
        ]
    }
}