{
    "metadata": {
        "qaoaLayers": 3,
        "backend_name": "aer_simulator"
    },
    "result": {
        "instance_id": 1,
        "repitition_id": 100,
        "sampled_distribution": [
            [
                "0001",
                9985
            ],
            [
                "1101",
                3
            ],
            [
                "1001",
                3
            ],
            [
                "0101",
                3
            ],
            [
                "0000",
                3
            ],
            [
                "1010",
                2
            ],
            [
                "1100",
                1
            ]
        ],
        "num_training_loops": 50,
        "final_training_cost": -1.0009765625,
        "optimal_params": [
            4.209850461326659,
            3.122614053507119,
            2.0812375547152717,
            0.02364983960917265,
            1.0251465173245562,
            2.1122278097597875
        ]
    }
}