{
    "metadata": {
        "qaoaLayers": 2,
        "backend_name": "aer_simulator_from(fake_torino)"
    },
    "result": {
        "instance_id": 1,
        "repitition_id": 12,
        "sampled_distribution": [
            [
                "1110",
                9123
            ],
            [
                "0110",
                351
            ],
            [
                "1111",
                169
            ],
            [
                "1100",
                146
            ],
            [
                "1010",
                90
            ],
            [
                "0010",
                38
            ],
            [
                "0111",
                34
            ],
            [
                "1101",
                30
            ],
            [
                "0100",
                11
            ],
            [
                "0101",
                5
            ],
            [
                "0001",
                2
            ],
            [
                "0011",
                1
            ]
        ],
        "num_training_loops": 35,
        "final_training_cost": -0.90185546875,
        "optimal_params": [
            3.147882976422815,
            1.5742785827967456,
            0.9989226532795182,
            1.5731479103563917
        ]
    }
}