{
    "metadata": {
        "qaoaLayers": 1,
        "backend_name": "aer_simulator"
    },
    "result": {
        "instance_id": 2,
        "repitition_id": 44,
        "sampled_distribution": [
            [
                "1110",
                2999
            ],
            [
                "1100",
                1098
            ],
            [
                "1010",
                1061
            ],
            [
                "1111",
                1044
            ],
            [
                "0110",
                1032
            ],
            [
                "0111",
                397
            ],
            [
                "0100",
                390
            ],
            [
                "0010",
                378
            ],
            [
                "1011",
                373
            ],
            [
                "1000",
                355
            ],
            [
                "1101",
                355
            ],
            [
                "0101",
                128
            ],
            [
                "0011",
                117
            ],
            [
                "0000",
                117
            ],
            [
                "1001",
                115
            ],
            [
                "0001",
                41
            ]
        ],
        "num_training_loops": 22,
        "final_training_cost": -0.00634765625,
        "optimal_params": [
            4.180443196809297,
            -0.9944107920206043
        ]
    }
}