{
    "metadata": {
        "qaoaLayers": 3,
        "backend_name": "aer_simulator"
    },
    "result": {
        "instance_id": 2,
        "repitition_id": 17,
        "sampled_distribution": [
            [
                "0001",
                2152
            ],
            [
                "1010",
                1099
            ],
            [
                "1100",
                1071
            ],
            [
                "0110",
                1046
            ],
            [
                "1110",
                947
            ],
            [
                "0100",
                838
            ],
            [
                "0010",
                804
            ],
            [
                "1000",
                757
            ],
            [
                "0101",
                399
            ],
            [
                "1001",
                368
            ],
            [
                "0011",
                339
            ],
            [
                "0000",
                59
            ],
            [
                "1111",
                36
            ],
            [
                "1011",
                33
            ],
            [
                "0111",
                30
            ],
            [
                "1101",
                22
            ]
        ],
        "num_training_loops": 55,
        "final_training_cost": -0.80078125,
        "optimal_params": [
            3.5347643358509133,
            1.9796211165239845,
            0.7297748887041394,
            -0.15054659750598687,
            2.0360083893016117,
            3.5254641535128233
        ]
    }
}