{
    "metadata": {
        "qaoaLayers": 3,
        "backend_name": "aer_simulator"
    },
    "result": {
        "instance_id": 2,
        "repitition_id": 33,
        "sampled_distribution": [
            [
                "0001",
                5325
            ],
            [
                "0011",
                1058
            ],
            [
                "1001",
                1043
            ],
            [
                "0101",
                1003
            ],
            [
                "1101",
                374
            ],
            [
                "0111",
                361
            ],
            [
                "1011",
                338
            ],
            [
                "0000",
                79
            ],
            [
                "1111",
                71
            ],
            [
                "1010",
                57
            ],
            [
                "0110",
                55
            ],
            [
                "0100",
                54
            ],
            [
                "0010",
                54
            ],
            [
                "1100",
                51
            ],
            [
                "1000",
                50
            ],
            [
                "1110",
                27
            ]
        ],
        "num_training_loops": 54,
        "final_training_cost": -0.5595703125,
        "optimal_params": [
            3.37998795062696,
            2.3985223252496857,
            0.440493633806202,
            0.03976477064491558,
            1.0972990396307716,
            3.142686793141585
        ]
    }
}