{
    "metadata": {
        "qaoaLayers": 3,
        "backend_name": "aer_simulator"
    },
    "result": {
        "instance_id": 2,
        "repitition_id": 5,
        "sampled_distribution": [
            [
                "0001",
                2729
            ],
            [
                "1000",
                1388
            ],
            [
                "0100",
                1316
            ],
            [
                "0010",
                1311
            ],
            [
                "0011",
                702
            ],
            [
                "0101",
                676
            ],
            [
                "1001",
                644
            ],
            [
                "1110",
                347
            ],
            [
                "1100",
                260
            ],
            [
                "1010",
                257
            ],
            [
                "0110",
                249
            ],
            [
                "0000",
                77
            ],
            [
                "1111",
                29
            ],
            [
                "1101",
                6
            ],
            [
                "0111",
                6
            ],
            [
                "1011",
                3
            ]
        ],
        "num_training_loops": 58,
        "final_training_cost": -0.47314453125,
        "optimal_params": [
            3.8020337907528825,
            2.0307076342057906,
            1.1269575363471034,
            0.9874543327253638,
            1.1622872072282984,
            2.69711081683373
        ]
    }
}