{
    "metadata": {
        "qaoaLayers": 2,
        "backend_name": "aer_simulator_from(fake_torino)"
    },
    "result": {
        "instance_id": 1,
        "repitition_id": 39,
        "sampled_distribution": [
            [
                "1110",
                9083
            ],
            [
                "0110",
                375
            ],
            [
                "1111",
                162
            ],
            [
                "1100",
                155
            ],
            [
                "1010",
                101
            ],
            [
                "1101",
                41
            ],
            [
                "0010",
                37
            ],
            [
                "0111",
                37
            ],
            [
                "0100",
                4
            ],
            [
                "1011",
                2
            ],
            [
                "0000",
                1
            ],
            [
                "0101",
                1
            ],
            [
                "1000",
                1
            ]
        ],
        "num_training_loops": 34,
        "final_training_cost": -0.90283203125,
        "optimal_params": [
            3.141338497156861,
            1.5735585228825462,
            -0.12825774774158513,
            1.4462126436430556
        ]
    }
}