{
    "metadata": {
        "qaoaLayers": 3,
        "backend_name": "aer_simulator"
    },
    "result": {
        "instance_id": 2,
        "repitition_id": 87,
        "sampled_distribution": [
            [
                "0001",
                1323
            ],
            [
                "1110",
                1058
            ],
            [
                "1001",
                688
            ],
            [
                "0011",
                647
            ],
            [
                "0101",
                639
            ],
            [
                "1010",
                637
            ],
            [
                "1000",
                632
            ],
            [
                "0010",
                631
            ],
            [
                "1100",
                625
            ],
            [
                "0111",
                610
            ],
            [
                "1011",
                609
            ],
            [
                "0110",
                604
            ],
            [
                "1101",
                602
            ],
            [
                "0100",
                592
            ],
            [
                "1111",
                86
            ],
            [
                "0000",
                17
            ]
        ],
        "num_training_loops": 49,
        "final_training_cost": -0.74853515625,
        "optimal_params": [
            3.57003911735497,
            2.049760119660281,
            0.8766034643442142,
            -0.012863508117794095,
            1.025064524599732,
            3.465876397215003
        ]
    }
}