{
    "metadata": {
        "qaoaLayers": 2,
        "backend_name": "aer_simulator_from(fake_torino)"
    },
    "result": {
        "instance_id": 1,
        "repitition_id": 24,
        "sampled_distribution": [
            [
                "1110",
                9101
            ],
            [
                "0110",
                370
            ],
            [
                "1111",
                179
            ],
            [
                "1100",
                145
            ],
            [
                "1010",
                72
            ],
            [
                "1101",
                51
            ],
            [
                "0111",
                37
            ],
            [
                "0010",
                33
            ],
            [
                "0100",
                7
            ],
            [
                "1011",
                2
            ],
            [
                "1001",
                1
            ],
            [
                "0101",
                1
            ],
            [
                "0000",
                1
            ]
        ],
        "num_training_loops": 34,
        "final_training_cost": -0.90283203125,
        "optimal_params": [
            3.142663061200254,
            1.569763639834172,
            1.0014609147142504,
            1.571518475820888
        ]
    }
}