{
    "metadata": {
        "qaoaLayers": 20,
        "backend_name": "aer_simulator"
    },
    "result": {
        "instance_id": 1,
        "repitition_id": 28,
        "sampled_distribution": [
            [
                "0110",
                2669
            ],
            [
                "0111",
                1662
            ],
            [
                "1110",
                1416
            ],
            [
                "0101",
                1057
            ],
            [
                "1010",
                765
            ],
            [
                "1011",
                483
            ],
            [
                "0010",
                421
            ],
            [
                "0100",
                377
            ],
            [
                "1101",
                361
            ],
            [
                "1001",
                287
            ],
            [
                "0001",
                247
            ],
            [
                "1000",
                105
            ],
            [
                "0011",
                96
            ],
            [
                "1100",
                49
            ],
            [
                "1111",
                5
            ]
        ],
        "num_training_loops": 309,
        "final_training_cost": -1.00244140625,
        "optimal_params": [
            3.144193289658065,
            2.96423259172549,
            2.81615349606487,
            2.6865009847446064,
            2.501224187423436,
            3.347210509750478,
            2.188382428165445,
            2.0306395590439505,
            1.880476406011913,
            1.7653859623949726,
            1.5326766116839952,
            1.397369100702168,
            1.249273244279857,
            1.0851793603782547,
            0.9427205232734357,
            0.7688798223067674,
            0.6118916250462458,
            0.45892952297046435,
            0.3124265311500265,
            0.16265638047819808,
            0.0121594399886233,
            1.148306849240843,
            1.3741151504671214,
            0.48943021516243224,
            0.6077985229612944,
            0.7902522535752052,
            0.9399792042023141,
            1.0771786006130402,
            1.2874664838617074,
            1.4364290301777827,
            1.5756652715127515,
            1.74326619985688,
            1.889805257820625,
            1.837893040105605,
            2.1948386550529486,
            2.423609090388484,
            2.592490232468336,
            3.7500477468003575,
            2.8057492349815405,
            3.857456706342401
        ]
    }
}