{
    "metadata": {
        "qaoaLayers": 2,
        "backend_name": "aer_simulator"
    },
    "result": {
        "instance_id": 2,
        "repitition_id": 31,
        "sampled_distribution": [
            [
                "0001",
                2206
            ],
            [
                "0011",
                1065
            ],
            [
                "1001",
                1023
            ],
            [
                "0000",
                965
            ],
            [
                "0101",
                943
            ],
            [
                "0100",
                504
            ],
            [
                "0111",
                491
            ],
            [
                "0010",
                486
            ],
            [
                "1101",
                460
            ],
            [
                "1000",
                458
            ],
            [
                "1011",
                453
            ],
            [
                "1010",
                239
            ],
            [
                "0110",
                217
            ],
            [
                "1100",
                206
            ],
            [
                "1111",
                177
            ],
            [
                "1110",
                107
            ]
        ],
        "num_training_loops": 35,
        "final_training_cost": -0.02978515625,
        "optimal_params": [
            4.136836219495576,
            1.5920087246189916,
            0.9881130131625854,
            1.552022113562026
        ]
    }
}