{
    "metadata": {
        "qaoaLayers": 1,
        "backend_name": "aer_simulator"
    },
    "result": {
        "instance_id": 2,
        "repitition_id": 48,
        "sampled_distribution": [
            [
                "1110",
                5544
            ],
            [
                "0110",
                901
            ],
            [
                "1100",
                882
            ],
            [
                "1010",
                870
            ],
            [
                "1111",
                870
            ],
            [
                "1101",
                167
            ],
            [
                "1000",
                143
            ],
            [
                "1011",
                138
            ],
            [
                "0010",
                135
            ],
            [
                "0111",
                133
            ],
            [
                "0100",
                120
            ],
            [
                "0000",
                24
            ],
            [
                "0101",
                24
            ],
            [
                "1001",
                22
            ],
            [
                "0011",
                22
            ],
            [
                "0001",
                5
            ]
        ],
        "num_training_loops": 22,
        "final_training_cost": -0.025390625,
        "optimal_params": [
            4.330495004974945,
            -0.9571485512520936
        ]
    }
}