{
    "metadata": {
        "qaoaLayers": 20,
        "backend_name": "aer_simulator"
    },
    "result": {
        "instance_id": 2,
        "repitition_id": 89,
        "sampled_distribution": [
            [
                "0001",
                2408
            ],
            [
                "1110",
                1115
            ],
            [
                "1001",
                988
            ],
            [
                "0101",
                983
            ],
            [
                "0011",
                969
            ],
            [
                "1010",
                642
            ],
            [
                "1100",
                611
            ],
            [
                "0110",
                609
            ],
            [
                "1101",
                376
            ],
            [
                "0111",
                366
            ],
            [
                "1011",
                358
            ],
            [
                "1000",
                182
            ],
            [
                "0010",
                179
            ],
            [
                "0100",
                147
            ],
            [
                "0000",
                42
            ],
            [
                "1111",
                25
            ]
        ],
        "num_training_loops": 271,
        "final_training_cost": -0.92529296875,
        "optimal_params": [
            3.183941725474732,
            2.9876131631243474,
            2.8279046949191193,
            3.4572014661501966,
            2.5388892064678763,
            2.3667192533667594,
            2.1779518800393296,
            1.9158446337380632,
            2.8841343956963423,
            1.7251679650171958,
            1.5760713228276664,
            1.3941419724762685,
            1.2352893834821785,
            1.1236287684866417,
            0.9314211577374336,
            0.7860400320289928,
            0.6244942545396112,
            0.4609364120773046,
            0.3055855732479722,
            0.14730441549216838,
            1.025555758751978,
            -0.11455031669457938,
            0.3507419688873509,
            0.47840025392610175,
            1.770232887803169,
            0.9867958736192401,
            1.9756245392622374,
            1.0765273934288522,
            1.2137252858171588,
            1.3754590333216674,
            1.6352663618055374,
            1.7269004926959233,
            1.884077144077989,
            2.043492937831457,
            3.207262706445584,
            2.354611973847647,
            2.513018662621243,
            2.6682606525837915,
            2.8256775780901697,
            2.9837975334101783
        ]
    }
}