{
    "metadata": {
        "qaoaLayers": 2,
        "backend_name": "aer_simulator"
    },
    "result": {
        "instance_id": 2,
        "repitition_id": 10,
        "sampled_distribution": [
            [
                "0001",
                2109
            ],
            [
                "0011",
                1035
            ],
            [
                "0000",
                993
            ],
            [
                "0101",
                993
            ],
            [
                "1001",
                972
            ],
            [
                "1000",
                505
            ],
            [
                "0100",
                481
            ],
            [
                "0010",
                477
            ],
            [
                "1011",
                467
            ],
            [
                "0111",
                462
            ],
            [
                "1101",
                447
            ],
            [
                "1111",
                261
            ],
            [
                "1010",
                253
            ],
            [
                "0110",
                226
            ],
            [
                "1100",
                215
            ],
            [
                "1110",
                104
            ]
        ],
        "num_training_loops": 36,
        "final_training_cost": -0.00927734375,
        "optimal_params": [
            3.1994731997829566,
            0.6623637584373483,
            -0.050584226805545175,
            1.5236387581239408
        ]
    }
}