{
    "metadata": {
        "qaoaLayers": 3,
        "backend_name": "aer_simulator"
    },
    "result": {
        "instance_id": 1,
        "repitition_id": 2,
        "sampled_distribution": [
            [
                "0001",
                9983
            ],
            [
                "1001",
                7
            ],
            [
                "0011",
                4
            ],
            [
                "0101",
                2
            ],
            [
                "1100",
                1
            ],
            [
                "1101",
                1
            ],
            [
                "1000",
                1
            ],
            [
                "0000",
                1
            ]
        ],
        "num_training_loops": 49,
        "final_training_cost": -0.998046875,
        "optimal_params": [
            4.329327752303078,
            3.1270839600867184,
            1.940447984428054,
            1.1125155600274435,
            1.0524876598264374,
            2.082983171101302
        ]
    }
}