{
    "metadata": {
        "qaoaLayers": 1,
        "backend_name": "aer_simulator"
    },
    "result": {
        "instance_id": 2,
        "repitition_id": 60,
        "sampled_distribution": [
            [
                "1110",
                2502
            ],
            [
                "1010",
                1061
            ],
            [
                "0110",
                1044
            ],
            [
                "1100",
                1020
            ],
            [
                "1111",
                988
            ],
            [
                "0010",
                465
            ],
            [
                "0100",
                451
            ],
            [
                "1101",
                444
            ],
            [
                "0111",
                427
            ],
            [
                "1000",
                421
            ],
            [
                "1011",
                419
            ],
            [
                "0011",
                185
            ],
            [
                "0101",
                185
            ],
            [
                "1001",
                165
            ],
            [
                "0000",
                141
            ],
            [
                "0001",
                82
            ]
        ],
        "num_training_loops": 20,
        "final_training_cost": 0.01025390625,
        "optimal_params": [
            4.142048516340707,
            0.001789993177339833
        ]
    }
}