{
    "metadata": {
        "qaoaLayers": 1,
        "backend_name": "aer_simulator_from(fake_torino)"
    },
    "result": {
        "instance_id": 1,
        "repitition_id": 23,
        "sampled_distribution": [
            [
                "0001",
                9267
            ],
            [
                "1001",
                317
            ],
            [
                "0000",
                131
            ],
            [
                "0011",
                123
            ],
            [
                "0101",
                83
            ],
            [
                "1101",
                28
            ],
            [
                "1000",
                21
            ],
            [
                "0010",
                20
            ],
            [
                "1011",
                6
            ],
            [
                "0100",
                2
            ],
            [
                "1100",
                1
            ],
            [
                "1010",
                1
            ]
        ],
        "num_training_loops": 20,
        "final_training_cost": -0.91357421875,
        "optimal_params": [
            3.140212930101218,
            -0.12595770900013167
        ]
    }
}