{
    "metadata": {
        "qaoaLayers": 3,
        "backend_name": "aer_simulator"
    },
    "result": {
        "instance_id": 1,
        "repitition_id": 90,
        "sampled_distribution": [
            [
                "0001",
                9982
            ],
            [
                "0011",
                5
            ],
            [
                "1100",
                4
            ],
            [
                "0101",
                4
            ],
            [
                "1001",
                2
            ],
            [
                "0010",
                2
            ],
            [
                "1101",
                1
            ]
        ],
        "num_training_loops": 54,
        "final_training_cost": -0.99951171875,
        "optimal_params": [
            4.205927932316792,
            3.1184673789270945,
            2.07850036856827,
            0.03074743999202085,
            1.0514947158992376,
            2.084161690884204
        ]
    }
}