{
    "metadata": {
        "qaoaLayers": 1,
        "backend_name": "aer_simulator"
    },
    "result": {
        "instance_id": 1,
        "repitition_id": 58,
        "sampled_distribution": [
            [
                "0001",
                9989
            ],
            [
                "0011",
                5
            ],
            [
                "0101",
                3
            ],
            [
                "1001",
                2
            ],
            [
                "0000",
                1
            ]
        ],
        "num_training_loops": 22,
        "final_training_cost": -0.9990234375,
        "optimal_params": [
            3.1567048759900245,
            -0.0008585214809052294
        ]
    }
}