{
    "metadata": {
        "qaoaLayers": 3,
        "backend_name": "aer_simulator_from(fake_torino)"
    },
    "result": {
        "instance_id": 1,
        "repitition_id": 51,
        "sampled_distribution": [
            [
                "0001",
                8816
            ],
            [
                "1001",
                441
            ],
            [
                "0000",
                228
            ],
            [
                "0011",
                158
            ],
            [
                "0101",
                114
            ],
            [
                "1101",
                72
            ],
            [
                "1000",
                51
            ],
            [
                "0010",
                48
            ],
            [
                "1100",
                23
            ],
            [
                "1010",
                17
            ],
            [
                "1011",
                14
            ],
            [
                "0100",
                8
            ],
            [
                "0111",
                5
            ],
            [
                "0110",
                4
            ],
            [
                "1111",
                1
            ]
        ],
        "num_training_loops": 49,
        "final_training_cost": -0.87158203125,
        "optimal_params": [
            4.2031335701536,
            3.1036220713127127,
            2.045676913973585,
            0.016413860201903625,
            1.0657500797165746,
            2.0846438998583365
        ]
    }
}