{
    "metadata": {
        "qaoaLayers": 3,
        "backend_name": "aer_simulator"
    },
    "result": {
        "instance_id": 1,
        "repitition_id": 9,
        "sampled_distribution": [
            [
                "0001",
                9982
            ],
            [
                "0000",
                7
            ],
            [
                "1001",
                6
            ],
            [
                "0011",
                4
            ],
            [
                "0101",
                1
            ]
        ],
        "num_training_loops": 52,
        "final_training_cost": -0.99560546875,
        "optimal_params": [
            4.420696580477505,
            3.131812930275499,
            1.8385970189965168,
            0.995822937266287,
            1.06849525622581,
            2.0860926853408306
        ]
    }
}