{
    "metadata": {
        "qaoaLayers": 4,
        "backend_name": "aer_simulator"
    },
    "result": {
        "instance_id": 2,
        "repitition_id": 2,
        "sampled_distribution": [
            [
                "0001",
                1323
            ],
            [
                "1110",
                1303
            ],
            [
                "1001",
                649
            ],
            [
                "1111",
                633
            ],
            [
                "0101",
                620
            ],
            [
                "0000",
                619
            ],
            [
                "0011",
                611
            ],
            [
                "1010",
                597
            ],
            [
                "0110",
                571
            ],
            [
                "1100",
                567
            ],
            [
                "1000",
                445
            ],
            [
                "1101",
                428
            ],
            [
                "0010",
                422
            ],
            [
                "0111",
                415
            ],
            [
                "0100",
                402
            ],
            [
                "1011",
                395
            ]
        ],
        "num_training_loops": 52,
        "final_training_cost": 0.0439453125,
        "optimal_params": [
            4.1420976231575315,
            2.3559600385306267,
            1.570457655228477,
            0.7853536158863134,
            0.0002465622132972953,
            0.7848066679313357,
            1.5705565482419963,
            2.3565188382730202
        ]
    }
}