{
    "metadata": {
        "qaoaLayers": 2,
        "backend_name": "aer_simulator_from(fake_torino)"
    },
    "result": {
        "instance_id": 1,
        "repitition_id": 80,
        "sampled_distribution": [
            [
                "1110",
                9080
            ],
            [
                "0110",
                378
            ],
            [
                "1111",
                186
            ],
            [
                "1100",
                131
            ],
            [
                "1010",
                100
            ],
            [
                "1101",
                38
            ],
            [
                "0010",
                38
            ],
            [
                "0111",
                34
            ],
            [
                "0100",
                6
            ],
            [
                "0101",
                4
            ],
            [
                "1011",
                2
            ],
            [
                "1000",
                1
            ],
            [
                "0001",
                1
            ],
            [
                "0011",
                1
            ]
        ],
        "num_training_loops": 31,
        "final_training_cost": -0.90283203125,
        "optimal_params": [
            3.1402841524909775,
            1.5740787518684438,
            1.1247621160255954,
            1.5707819985439786
        ]
    }
}