{
    "metadata": {
        "qaoaLayers": 1,
        "backend_name": "aer_simulator"
    },
    "result": {
        "instance_id": 2,
        "repitition_id": 34,
        "sampled_distribution": [
            [
                "1110",
                1513
            ],
            [
                "1100",
                969
            ],
            [
                "1010",
                926
            ],
            [
                "1111",
                918
            ],
            [
                "0110",
                899
            ],
            [
                "0111",
                564
            ],
            [
                "1101",
                564
            ],
            [
                "1011",
                558
            ],
            [
                "1000",
                547
            ],
            [
                "0010",
                534
            ],
            [
                "0100",
                522
            ],
            [
                "1001",
                353
            ],
            [
                "0000",
                333
            ],
            [
                "0011",
                311
            ],
            [
                "0101",
                303
            ],
            [
                "0001",
                186
            ]
        ],
        "num_training_loops": 25,
        "final_training_cost": -0.01416015625,
        "optimal_params": [
            2.22757529325723,
            0.08138626957888123
        ]
    }
}