{
    "metadata": {
        "qaoaLayers": 4,
        "backend_name": "aer_simulator_from(fake_torino)"
    },
    "result": {
        "instance_id": 1,
        "repitition_id": 3,
        "sampled_distribution": [
            [
                "1110",
                7100
            ],
            [
                "0110",
                1098
            ],
            [
                "1010",
                525
            ],
            [
                "1100",
                512
            ],
            [
                "1111",
                228
            ],
            [
                "0010",
                126
            ],
            [
                "1101",
                118
            ],
            [
                "0111",
                105
            ],
            [
                "0100",
                76
            ],
            [
                "1000",
                43
            ],
            [
                "1011",
                20
            ],
            [
                "0011",
                14
            ],
            [
                "0101",
                12
            ],
            [
                "0000",
                9
            ],
            [
                "1001",
                9
            ],
            [
                "0001",
                5
            ]
        ],
        "num_training_loops": 74,
        "final_training_cost": -0.84814453125,
        "optimal_params": [
            3.0635904166625325,
            1.5239309662017253,
            1.8201571215635786,
            1.7634287275900027,
            -0.8149888474469643,
            0.3709338922604284,
            3.216710198464854,
            2.4683502683631176
        ]
    }
}