{
    "metadata": {
        "qaoaLayers": 20,
        "backend_name": "aer_simulator"
    },
    "result": {
        "instance_id": 1,
        "repitition_id": 86,
        "sampled_distribution": [
            [
                "0110",
                2777
            ],
            [
                "0111",
                2637
            ],
            [
                "1110",
                1211
            ],
            [
                "0101",
                921
            ],
            [
                "1010",
                555
            ],
            [
                "1011",
                415
            ],
            [
                "0010",
                399
            ],
            [
                "1101",
                275
            ],
            [
                "0100",
                220
            ],
            [
                "1001",
                149
            ],
            [
                "0011",
                117
            ],
            [
                "0001",
                107
            ],
            [
                "1100",
                105
            ],
            [
                "1000",
                95
            ],
            [
                "1111",
                17
            ]
        ],
        "num_training_loops": 288,
        "final_training_cost": -0.9775390625,
        "optimal_params": [
            3.1465336580671366,
            2.9781355205058353,
            2.8310086498059146,
            2.6864465672005844,
            2.5093967049382506,
            3.354241738092179,
            2.217779531839632,
            2.0312499455195017,
            1.888954751601264,
            1.7269406812372532,
            1.5707863988032835,
            1.419330718521423,
            1.252552605053791,
            1.0977265163135537,
            0.9445454775255976,
            0.7490818048740187,
            0.6627152024197691,
            0.46872515709599677,
            0.328786417052687,
            0.13388765556049909,
            1.0131909200013416,
            0.15813955806754157,
            1.225609659624551,
            0.46362993921532347,
            0.6227871616563382,
            0.7704248812257185,
            1.1761429538269985,
            1.0514234288086037,
            1.2141637239881797,
            1.373231388640452,
            1.52843175922333,
            1.6873341373219601,
            1.8484285757577057,
            1.983015093552407,
            2.263835220095954,
            2.314567467561358,
            2.4906477247721486,
            3.6244847408931906,
            2.8258430321172376,
            4.014477949722932
        ]
    }
}