{
    "metadata": {
        "qaoaLayers": 3,
        "backend_name": "aer_simulator"
    },
    "result": {
        "instance_id": 2,
        "repitition_id": 88,
        "sampled_distribution": [
            [
                "0001",
                2746
            ],
            [
                "1100",
                846
            ],
            [
                "1010",
                791
            ],
            [
                "0110",
                782
            ],
            [
                "0100",
                713
            ],
            [
                "1110",
                698
            ],
            [
                "1000",
                675
            ],
            [
                "0010",
                646
            ],
            [
                "0011",
                576
            ],
            [
                "0101",
                560
            ],
            [
                "1001",
                551
            ],
            [
                "1011",
                113
            ],
            [
                "0111",
                104
            ],
            [
                "1101",
                102
            ],
            [
                "1111",
                70
            ],
            [
                "0000",
                27
            ]
        ],
        "num_training_loops": 67,
        "final_training_cost": -0.7685546875,
        "optimal_params": [
            3.4861076398622335,
            1.9253933099750595,
            0.7580129716162045,
            -0.27333000400457175,
            1.1064748502575767,
            2.831705762251285
        ]
    }
}