{
    "metadata": {
        "qaoaLayers": 2,
        "backend_name": "aer_simulator"
    },
    "result": {
        "instance_id": 2,
        "repitition_id": 25,
        "sampled_distribution": [
            [
                "0001",
                2521
            ],
            [
                "0011",
                1103
            ],
            [
                "1001",
                1052
            ],
            [
                "0000",
                1022
            ],
            [
                "0101",
                973
            ],
            [
                "0100",
                456
            ],
            [
                "0010",
                444
            ],
            [
                "1101",
                434
            ],
            [
                "1011",
                434
            ],
            [
                "0111",
                416
            ],
            [
                "1000",
                394
            ],
            [
                "1100",
                197
            ],
            [
                "0110",
                174
            ],
            [
                "1010",
                160
            ],
            [
                "1111",
                151
            ],
            [
                "1110",
                69
            ]
        ],
        "num_training_loops": 31,
        "final_training_cost": -0.00146484375,
        "optimal_params": [
            3.141402909384755,
            2.570489877785021,
            -0.0007486277161691989,
            1.570239871330745
        ]
    }
}