{
    "metadata": {
        "qaoaLayers": 20,
        "backend_name": "aer_simulator"
    },
    "result": {
        "instance_id": 1,
        "repitition_id": 54,
        "sampled_distribution": [
            [
                "1000",
                3644
            ],
            [
                "0001",
                1188
            ],
            [
                "1001",
                1171
            ],
            [
                "0111",
                1117
            ],
            [
                "1110",
                963
            ],
            [
                "1010",
                444
            ],
            [
                "0110",
                397
            ],
            [
                "1100",
                395
            ],
            [
                "0101",
                251
            ],
            [
                "0011",
                227
            ],
            [
                "1101",
                96
            ],
            [
                "0010",
                51
            ],
            [
                "0000",
                20
            ],
            [
                "1011",
                19
            ],
            [
                "0100",
                9
            ],
            [
                "1111",
                8
            ]
        ],
        "num_training_loops": 242,
        "final_training_cost": -0.97802734375,
        "optimal_params": [
            3.1417330309999443,
            2.9844721314803158,
            2.827433210801425,
            3.6703407534555366,
            3.5132348359089676,
            2.3561556195037436,
            2.199135573839078,
            2.0420374449435696,
            1.8850497359481602,
            1.7279374039621476,
            1.5708219686781215,
            1.4137443264149891,
            1.256589366222001,
            1.0995477738918935,
            0.9424951423827675,
            0.7854133640605829,
            0.6284685667133645,
            0.47090718649690066,
            0.3142544361646163,
            0.15712853992563328,
            1.0000847232699535,
            0.15726616528282134,
            1.3144277656823775,
            0.4712199473565664,
            0.6286861492200403,
            0.7853031430307167,
            0.9422053901469329,
            2.099584219829605,
            1.2567525132996809,
            1.413841510194101,
            1.5707388611700752,
            1.7279896355999356,
            1.8849777579667746,
            2.1485082667745057,
            2.133202922484521,
            2.35624586606024,
            2.6064907048940826,
            2.587616954969253,
            2.827836001034699,
            2.9846128545724464
        ]
    }
}