{
    "metadata": {
        "qaoaLayers": 4,
        "backend_name": "aer_simulator_from(fake_torino)"
    },
    "result": {
        "instance_id": 1,
        "repitition_id": 34,
        "sampled_distribution": [
            [
                "0111",
                3560
            ],
            [
                "0110",
                2581
            ],
            [
                "1110",
                1175
            ],
            [
                "0101",
                707
            ],
            [
                "0010",
                326
            ],
            [
                "1111",
                300
            ],
            [
                "1011",
                292
            ],
            [
                "0011",
                278
            ],
            [
                "1010",
                218
            ],
            [
                "1101",
                157
            ],
            [
                "0100",
                140
            ],
            [
                "1100",
                100
            ],
            [
                "0001",
                90
            ],
            [
                "1001",
                53
            ],
            [
                "1000",
                12
            ],
            [
                "0000",
                11
            ]
        ],
        "num_training_loops": 61,
        "final_training_cost": -0.8125,
        "optimal_params": [
            4.255451732346382,
            3.893320593939656,
            1.0241329693264993,
            0.4173478301084587,
            -0.06510266873152541,
            0.5003630705452238,
            1.4549373264216914,
            1.7002357443039056
        ]
    }
}