{
    "metadata": {
        "qaoaLayers": 20,
        "backend_name": "aer_simulator"
    },
    "result": {
        "instance_id": 1,
        "repitition_id": 68,
        "sampled_distribution": [
            [
                "1110",
                2617
            ],
            [
                "1000",
                1792
            ],
            [
                "1010",
                1720
            ],
            [
                "1100",
                1333
            ],
            [
                "0111",
                701
            ],
            [
                "0001",
                564
            ],
            [
                "1001",
                281
            ],
            [
                "0110",
                262
            ],
            [
                "1101",
                234
            ],
            [
                "0100",
                175
            ],
            [
                "0101",
                127
            ],
            [
                "0011",
                106
            ],
            [
                "0010",
                57
            ],
            [
                "0000",
                22
            ],
            [
                "1111",
                8
            ],
            [
                "1011",
                1
            ]
        ],
        "num_training_loops": 272,
        "final_training_cost": -0.99755859375,
        "optimal_params": [
            3.143502116526267,
            2.9841303005324638,
            2.827065637525154,
            3.497184094203817,
            3.335836757726296,
            2.3600447628396513,
            2.199500700445733,
            2.036116280004552,
            1.887990069342512,
            1.7309723587886985,
            1.5647269632603051,
            1.4078891975861898,
            1.464125637549052,
            0.9528167422274799,
            0.9329061799146015,
            0.7720749536857329,
            0.5156977957053925,
            0.4609473182317636,
            0.31775527167138834,
            0.15041785873996885,
            -0.005928243225207418,
            0.15144599493275537,
            1.3151682018561386,
            0.4702294516240646,
            0.6264725806201366,
            0.7854145722893577,
            0.9429902884877127,
            2.10136191550669,
            1.2587821267847676,
            1.4137761268931783,
            1.7485738434979028,
            1.5493064457413956,
            1.8853381322089593,
            2.042059702899438,
            2.199309815891539,
            2.3561683817171994,
            2.513426909153934,
            2.6706017729623817,
            2.8276287862488148,
            2.9846494305459346
        ]
    }
}