{
    "metadata": {
        "qaoaLayers": 3,
        "backend_name": "aer_simulator"
    },
    "result": {
        "instance_id": 2,
        "repitition_id": 42,
        "sampled_distribution": [
            [
                "0001",
                5430
            ],
            [
                "0101",
                904
            ],
            [
                "0011",
                891
            ],
            [
                "1001",
                870
            ],
            [
                "1101",
                471
            ],
            [
                "1011",
                463
            ],
            [
                "0111",
                452
            ],
            [
                "0110",
                87
            ],
            [
                "1100",
                74
            ],
            [
                "1111",
                74
            ],
            [
                "1010",
                66
            ],
            [
                "0000",
                55
            ],
            [
                "0100",
                45
            ],
            [
                "1000",
                43
            ],
            [
                "1110",
                41
            ],
            [
                "0010",
                34
            ]
        ],
        "num_training_loops": 63,
        "final_training_cost": -0.5341796875,
        "optimal_params": [
            3.39588420073303,
            2.1264139016474903,
            0.7300988387805148,
            1.006105276670898,
            1.0506690759949333,
            3.2043311011989615
        ]
    }
}