{
    "metadata": {
        "qaoaLayers": 1,
        "backend_name": "aer_simulator"
    },
    "result": {
        "instance_id": 2,
        "repitition_id": 28,
        "sampled_distribution": [
            [
                "1110",
                7077
            ],
            [
                "1100",
                688
            ],
            [
                "1111",
                648
            ],
            [
                "1010",
                638
            ],
            [
                "0110",
                618
            ],
            [
                "1101",
                69
            ],
            [
                "0010",
                55
            ],
            [
                "0100",
                53
            ],
            [
                "0111",
                50
            ],
            [
                "1000",
                47
            ],
            [
                "1011",
                39
            ],
            [
                "0011",
                6
            ],
            [
                "0000",
                5
            ],
            [
                "1001",
                5
            ],
            [
                "0101",
                2
            ]
        ],
        "num_training_loops": 21,
        "final_training_cost": -0.00048828125,
        "optimal_params": [
            4.418348885465321,
            0.2519307064580391
        ]
    }
}