{
    "metadata": {
        "qaoaLayers": 3,
        "backend_name": "aer_simulator"
    },
    "result": {
        "instance_id": 1,
        "repitition_id": 10,
        "sampled_distribution": [
            [
                "0001",
                9978
            ],
            [
                "1001",
                9
            ],
            [
                "1000",
                3
            ],
            [
                "1010",
                2
            ],
            [
                "0000",
                2
            ],
            [
                "1101",
                2
            ],
            [
                "1100",
                2
            ],
            [
                "0011",
                1
            ],
            [
                "0101",
                1
            ]
        ],
        "num_training_loops": 45,
        "final_training_cost": -0.99755859375,
        "optimal_params": [
            4.200036771539084,
            3.120248376772012,
            2.074410954607249,
            0.02853561138458911,
            1.055810373239387,
            2.0916742765885585
        ]
    }
}