{
    "metadata": {
        "qaoaLayers": 2,
        "backend_name": "aer_simulator_from(fake_torino)"
    },
    "result": {
        "instance_id": 1,
        "repitition_id": 35,
        "sampled_distribution": [
            [
                "1110",
                8987
            ],
            [
                "0110",
                431
            ],
            [
                "1100",
                191
            ],
            [
                "1111",
                169
            ],
            [
                "1010",
                114
            ],
            [
                "0111",
                35
            ],
            [
                "1101",
                28
            ],
            [
                "0010",
                28
            ],
            [
                "0100",
                7
            ],
            [
                "1000",
                4
            ],
            [
                "1011",
                3
            ],
            [
                "1001",
                1
            ],
            [
                "0011",
                1
            ],
            [
                "0101",
                1
            ]
        ],
        "num_training_loops": 31,
        "final_training_cost": -0.9150390625,
        "optimal_params": [
            3.1016809475391245,
            1.5227864693154831,
            0.0008381979992131707,
            2.570752945185117
        ]
    }
}