{
    "metadata": {
        "qaoaLayers": 1,
        "backend_name": "aer_simulator"
    },
    "result": {
        "instance_id": 2,
        "repitition_id": 79,
        "sampled_distribution": [
            [
                "0001",
                7062
            ],
            [
                "0011",
                663
            ],
            [
                "0101",
                644
            ],
            [
                "0000",
                631
            ],
            [
                "1001",
                630
            ],
            [
                "1011",
                62
            ],
            [
                "1101",
                60
            ],
            [
                "0100",
                60
            ],
            [
                "0111",
                59
            ],
            [
                "0010",
                59
            ],
            [
                "1000",
                44
            ],
            [
                "0110",
                11
            ],
            [
                "1111",
                6
            ],
            [
                "1100",
                5
            ],
            [
                "1010",
                4
            ]
        ],
        "num_training_loops": 24,
        "final_training_cost": -0.0078125,
        "optimal_params": [
            2.8484184134934787,
            -0.10306412588620045
        ]
    }
}