{
    "metadata": {
        "qaoaLayers": 4,
        "backend_name": "aer_simulator"
    },
    "result": {
        "instance_id": 1,
        "repitition_id": 94,
        "sampled_distribution": [
            [
                "0001",
                6252
            ],
            [
                "0101",
                1323
            ],
            [
                "0011",
                1088
            ],
            [
                "1001",
                717
            ],
            [
                "0111",
                269
            ],
            [
                "1011",
                147
            ],
            [
                "0010",
                117
            ],
            [
                "0110",
                22
            ],
            [
                "1000",
                22
            ],
            [
                "1101",
                17
            ],
            [
                "0000",
                12
            ],
            [
                "1111",
                5
            ],
            [
                "1100",
                3
            ],
            [
                "0100",
                3
            ],
            [
                "1010",
                2
            ],
            [
                "1110",
                1
            ]
        ],
        "num_training_loops": 60,
        "final_training_cost": -0.9833984375,
        "optimal_params": [
            3.14242231439656,
            3.4229416205227983,
            1.4591448901450905,
            1.740243139984988,
            -0.12588260978479937,
            0.7196487206495228,
            1.590724835227847,
            2.3456626823083573
        ]
    }
}