{
    "metadata": {
        "qaoaLayers": 1,
        "backend_name": "aer_simulator"
    },
    "result": {
        "instance_id": 2,
        "repitition_id": 81,
        "sampled_distribution": [
            [
                "0001",
                1992
            ],
            [
                "0011",
                1096
            ],
            [
                "0000",
                1005
            ],
            [
                "1001",
                964
            ],
            [
                "0101",
                957
            ],
            [
                "1011",
                504
            ],
            [
                "0100",
                494
            ],
            [
                "1101",
                491
            ],
            [
                "0010",
                489
            ],
            [
                "0111",
                481
            ],
            [
                "1000",
                471
            ],
            [
                "1010",
                250
            ],
            [
                "1100",
                236
            ],
            [
                "1111",
                221
            ],
            [
                "0110",
                217
            ],
            [
                "1110",
                132
            ]
        ],
        "num_training_loops": 25,
        "final_training_cost": 0.0166015625,
        "optimal_params": [
            2.529928486212413,
            -0.057568704588547216
        ]
    }
}