{
    "metadata": {
        "qaoaLayers": 2,
        "backend_name": "aer_simulator"
    },
    "result": {
        "instance_id": 2,
        "repitition_id": 14,
        "sampled_distribution": [
            [
                "0001",
                5452
            ],
            [
                "0011",
                1015
            ],
            [
                "1001",
                1006
            ],
            [
                "0101",
                930
            ],
            [
                "1011",
                388
            ],
            [
                "0111",
                369
            ],
            [
                "1101",
                358
            ],
            [
                "1111",
                94
            ],
            [
                "0000",
                79
            ],
            [
                "0110",
                63
            ],
            [
                "1010",
                53
            ],
            [
                "1100",
                52
            ],
            [
                "1000",
                47
            ],
            [
                "0010",
                43
            ],
            [
                "0100",
                33
            ],
            [
                "1110",
                18
            ]
        ],
        "num_training_loops": 47,
        "final_training_cost": -0.54736328125,
        "optimal_params": [
            2.898406923529066,
            2.8385198206127478,
            -1.2767620914180444,
            3.6314834930228073
        ]
    }
}