{
    "metadata": {
        "qaoaLayers": 2,
        "backend_name": "aer_simulator_from(fake_torino)"
    },
    "result": {
        "instance_id": 1,
        "repitition_id": 45,
        "sampled_distribution": [
            [
                "1110",
                9078
            ],
            [
                "0110",
                393
            ],
            [
                "1111",
                175
            ],
            [
                "1100",
                131
            ],
            [
                "1010",
                94
            ],
            [
                "0111",
                44
            ],
            [
                "1101",
                41
            ],
            [
                "0010",
                32
            ],
            [
                "0100",
                6
            ],
            [
                "0011",
                3
            ],
            [
                "1011",
                2
            ],
            [
                "1000",
                1
            ]
        ],
        "num_training_loops": 31,
        "final_training_cost": -0.9130859375,
        "optimal_params": [
            3.1381020649075495,
            1.5693614295937504,
            -0.24947971873308036,
            2.5550910722035742
        ]
    }
}