{
    "metadata": {
        "qaoaLayers": 20,
        "backend_name": "aer_simulator"
    },
    "result": {
        "instance_id": 2,
        "repitition_id": 34,
        "sampled_distribution": [
            [
                "0001",
                1833
            ],
            [
                "1010",
                1519
            ],
            [
                "0110",
                1462
            ],
            [
                "1100",
                1375
            ],
            [
                "1110",
                1184
            ],
            [
                "0111",
                433
            ],
            [
                "1101",
                416
            ],
            [
                "1011",
                415
            ],
            [
                "0010",
                263
            ],
            [
                "1000",
                245
            ],
            [
                "0100",
                227
            ],
            [
                "1001",
                222
            ],
            [
                "0101",
                202
            ],
            [
                "0011",
                198
            ],
            [
                "0000",
                4
            ],
            [
                "1111",
                2
            ]
        ],
        "num_training_loops": 337,
        "final_training_cost": -0.96826171875,
        "optimal_params": [
            3.1231844617404967,
            2.9244205532902887,
            2.949639793790387,
            3.6788456363429205,
            2.400694042534452,
            2.30923533801734,
            2.291307654432057,
            2.0656165958901624,
            3.2279515677359116,
            1.9371397261484118,
            1.6271811941869025,
            1.34433995557891,
            1.2766032715938072,
            0.9676360310025329,
            0.8707901882950014,
            0.8131940163707843,
            0.6879970847427284,
            0.34843177450059104,
            0.12689248056420901,
            0.15480023513201666,
            1.4634417628249914,
            -0.33226906993010746,
            0.3172730121017018,
            0.6794253921470546,
            1.7533753668650645,
            0.9014951873424681,
            1.9513496714365899,
            1.1056117488418657,
            1.2269321646484865,
            1.5583886814842476,
            1.2424969912130674,
            1.6802900600852178,
            2.0175095791060205,
            2.0396196593630536,
            3.2110121547595827,
            2.369285400043475,
            2.5550489321983365,
            2.6402165571950382,
            2.778020667039121,
            2.9843880126627114
        ]
    }
}