{
    "metadata": {
        "qaoaLayers": 4,
        "backend_name": "aer_simulator_from(fake_torino)"
    },
    "result": {
        "instance_id": 1,
        "repitition_id": 71,
        "sampled_distribution": [
            [
                "0111",
                5125
            ],
            [
                "1010",
                1418
            ],
            [
                "1100",
                1209
            ],
            [
                "0001",
                332
            ],
            [
                "1111",
                290
            ],
            [
                "0100",
                287
            ],
            [
                "1110",
                244
            ],
            [
                "0110",
                238
            ],
            [
                "1011",
                171
            ],
            [
                "0101",
                148
            ],
            [
                "0011",
                133
            ],
            [
                "1001",
                105
            ],
            [
                "0010",
                101
            ],
            [
                "1101",
                78
            ],
            [
                "1000",
                73
            ],
            [
                "0000",
                48
            ]
        ],
        "num_training_loops": 60,
        "final_training_cost": -0.77734375,
        "optimal_params": [
            3.9251780082017813,
            2.8857714331457003,
            1.3784597888367802,
            0.7054361947086497,
            0.0020517284172173766,
            0.7236780186145894,
            1.5597633880002149,
            2.2734933720908193
        ]
    }
}