{
    "metadata": {
        "qaoaLayers": 3,
        "backend_name": "aer_simulator"
    },
    "result": {
        "instance_id": 1,
        "repitition_id": 19,
        "sampled_distribution": [
            [
                "0001",
                9890
            ],
            [
                "1001",
                46
            ],
            [
                "0000",
                11
            ],
            [
                "1100",
                11
            ],
            [
                "0101",
                11
            ],
            [
                "1010",
                10
            ],
            [
                "0011",
                8
            ],
            [
                "1101",
                6
            ],
            [
                "0010",
                4
            ],
            [
                "1000",
                3
            ]
        ],
        "num_training_loops": 53,
        "final_training_cost": -0.99267578125,
        "optimal_params": [
            4.168499066567059,
            3.0871307100325,
            2.098758900646739,
            -0.11263437474334968,
            1.0172130506026607,
            2.1186934798680452
        ]
    }
}