{
    "metadata": {
        "qaoaLayers": 4,
        "backend_name": "aer_simulator_from(fake_torino)"
    },
    "result": {
        "instance_id": 1,
        "repitition_id": 47,
        "sampled_distribution": [
            [
                "0111",
                4715
            ],
            [
                "0110",
                1163
            ],
            [
                "0101",
                1162
            ],
            [
                "0011",
                872
            ],
            [
                "1110",
                488
            ],
            [
                "1111",
                379
            ],
            [
                "0010",
                273
            ],
            [
                "1011",
                265
            ],
            [
                "0001",
                192
            ],
            [
                "1010",
                117
            ],
            [
                "1100",
                110
            ],
            [
                "0100",
                104
            ],
            [
                "1101",
                81
            ],
            [
                "1001",
                39
            ],
            [
                "1000",
                22
            ],
            [
                "0000",
                18
            ]
        ],
        "num_training_loops": 75,
        "final_training_cost": -0.80322265625,
        "optimal_params": [
            4.206594663775332,
            3.870589697493047,
            0.9826430642391485,
            0.3163573893266007,
            -0.2567818459637699,
            0.3249103978384195,
            1.5259156144279276,
            1.736650752715931
        ]
    }
}