{
    "metadata": {
        "qaoaLayers": 3,
        "backend_name": "aer_simulator_from(fake_torino)"
    },
    "result": {
        "instance_id": 1,
        "repitition_id": 20,
        "sampled_distribution": [
            [
                "0001",
                8753
            ],
            [
                "1001",
                436
            ],
            [
                "0000",
                216
            ],
            [
                "0011",
                169
            ],
            [
                "0101",
                133
            ],
            [
                "1000",
                76
            ],
            [
                "0010",
                72
            ],
            [
                "1101",
                63
            ],
            [
                "1100",
                28
            ],
            [
                "1010",
                22
            ],
            [
                "1011",
                13
            ],
            [
                "0100",
                10
            ],
            [
                "0111",
                7
            ],
            [
                "1111",
                1
            ],
            [
                "1110",
                1
            ]
        ],
        "num_training_loops": 53,
        "final_training_cost": -0.87109375,
        "optimal_params": [
            4.205147016252478,
            3.0913955687984904,
            2.0579836457678655,
            0.020421215901621118,
            1.0559691425746693,
            2.0937022531962493
        ]
    }
}