{
    "metadata": {
        "qaoaLayers": 3,
        "backend_name": "aer_simulator"
    },
    "result": {
        "instance_id": 1,
        "repitition_id": 85,
        "sampled_distribution": [
            [
                "0001",
                9977
            ],
            [
                "0011",
                8
            ],
            [
                "0101",
                7
            ],
            [
                "1101",
                5
            ],
            [
                "0010",
                2
            ],
            [
                "1001",
                1
            ]
        ],
        "num_training_loops": 51,
        "final_training_cost": -0.99853515625,
        "optimal_params": [
            4.331225406771741,
            3.1593106152107633,
            1.9494322820012118,
            1.104277026553005,
            1.0606680682220506,
            2.096597417442375
        ]
    }
}