{
    "metadata": {
        "qaoaLayers": 2,
        "backend_name": "aer_simulator"
    },
    "result": {
        "instance_id": 2,
        "repitition_id": 91,
        "sampled_distribution": [
            [
                "0001",
                4834
            ],
            [
                "0011",
                1058
            ],
            [
                "0101",
                1056
            ],
            [
                "1001",
                1055
            ],
            [
                "1011",
                423
            ],
            [
                "0111",
                407
            ],
            [
                "1101",
                404
            ],
            [
                "1111",
                141
            ],
            [
                "0100",
                96
            ],
            [
                "0000",
                94
            ],
            [
                "1010",
                84
            ],
            [
                "1000",
                81
            ],
            [
                "1100",
                80
            ],
            [
                "0010",
                80
            ],
            [
                "0110",
                70
            ],
            [
                "1110",
                37
            ]
        ],
        "num_training_loops": 39,
        "final_training_cost": -0.56396484375,
        "optimal_params": [
            4.510856615911077,
            1.179822390007375,
            1.4375292113301859,
            3.6702248807093025
        ]
    }
}