{
    "metadata": {
        "qaoaLayers": 4,
        "backend_name": "aer_simulator"
    },
    "result": {
        "instance_id": 1,
        "repitition_id": 28,
        "sampled_distribution": [
            [
                "0111",
                4729
            ],
            [
                "0110",
                2389
            ],
            [
                "1110",
                1564
            ],
            [
                "0101",
                428
            ],
            [
                "1011",
                260
            ],
            [
                "1010",
                141
            ],
            [
                "1101",
                123
            ],
            [
                "0010",
                114
            ],
            [
                "0011",
                64
            ],
            [
                "0100",
                55
            ],
            [
                "1100",
                40
            ],
            [
                "0001",
                38
            ],
            [
                "1111",
                31
            ],
            [
                "1001",
                19
            ],
            [
                "0000",
                3
            ],
            [
                "1000",
                2
            ]
        ],
        "num_training_loops": 65,
        "final_training_cost": -0.9443359375,
        "optimal_params": [
            4.195077628248604,
            3.9727031600168647,
            0.9551582549827446,
            0.41461309948337394,
            -0.04273867714488181,
            0.4786310762792643,
            1.481409006805254,
            1.7902277266988496
        ]
    }
}