{
    "metadata": {
        "qaoaLayers": 4,
        "backend_name": "aer_simulator"
    },
    "result": {
        "instance_id": 2,
        "repitition_id": 68,
        "sampled_distribution": [
            [
                "1110",
                2466
            ],
            [
                "1100",
                1393
            ],
            [
                "0110",
                1342
            ],
            [
                "1010",
                1337
            ],
            [
                "1000",
                581
            ],
            [
                "0010",
                573
            ],
            [
                "0001",
                543
            ],
            [
                "0100",
                492
            ],
            [
                "1111",
                268
            ],
            [
                "0000",
                242
            ],
            [
                "1001",
                140
            ],
            [
                "0101",
                137
            ],
            [
                "0011",
                136
            ],
            [
                "1011",
                127
            ],
            [
                "1101",
                114
            ],
            [
                "0111",
                109
            ]
        ],
        "num_training_loops": 91,
        "final_training_cost": -0.5888671875,
        "optimal_params": [
            4.245407669409578,
            2.2034425738942685,
            1.6765856100904666,
            0.5505377662495515,
            0.292163675133857,
            0.2953972434084578,
            1.4919410552740389,
            2.322880825917743
        ]
    }
}