{
    "metadata": {
        "qaoaLayers": 3,
        "backend_name": "aer_simulator"
    },
    "result": {
        "instance_id": 2,
        "repitition_id": 86,
        "sampled_distribution": [
            [
                "0001",
                3064
            ],
            [
                "1110",
                2443
            ],
            [
                "1010",
                591
            ],
            [
                "0110",
                586
            ],
            [
                "1100",
                571
            ],
            [
                "0100",
                390
            ],
            [
                "1001",
                376
            ],
            [
                "0011",
                368
            ],
            [
                "1000",
                362
            ],
            [
                "0101",
                349
            ],
            [
                "0010",
                347
            ],
            [
                "1011",
                159
            ],
            [
                "0111",
                139
            ],
            [
                "1101",
                139
            ],
            [
                "1111",
                79
            ],
            [
                "0000",
                37
            ]
        ],
        "num_training_loops": 63,
        "final_training_cost": -0.529296875,
        "optimal_params": [
            3.4519894401295277,
            2.105320894952791,
            0.8160493320217438,
            1.2682088146365833,
            2.1114783610467462,
            3.881333738700093
        ]
    }
}