{
    "metadata": {
        "qaoaLayers": 20,
        "backend_name": "aer_simulator"
    },
    "result": {
        "instance_id": 2,
        "repitition_id": 52,
        "sampled_distribution": [
            [
                "0001",
                2791
            ],
            [
                "0101",
                1046
            ],
            [
                "0011",
                1036
            ],
            [
                "1001",
                994
            ],
            [
                "1101",
                673
            ],
            [
                "0111",
                647
            ],
            [
                "1011",
                646
            ],
            [
                "0110",
                597
            ],
            [
                "1100",
                578
            ],
            [
                "1010",
                559
            ],
            [
                "1110",
                408
            ],
            [
                "1111",
                7
            ],
            [
                "0010",
                6
            ],
            [
                "1000",
                5
            ],
            [
                "0000",
                4
            ],
            [
                "0100",
                3
            ]
        ],
        "num_training_loops": 336,
        "final_training_cost": -0.94482421875,
        "optimal_params": [
            3.123237059125243,
            2.980702158422611,
            2.884669953204858,
            3.5766319576755916,
            2.3482957282685755,
            2.290121323574521,
            2.1440842185220967,
            2.0180463676189726,
            2.8345931152510255,
            1.644767399120332,
            1.6299157916708642,
            1.404261668106456,
            1.2302830445318271,
            1.2449778191296703,
            0.893854000768609,
            0.8442314041484594,
            0.6249290700675315,
            0.5059340381587123,
            0.3145408137572575,
            0.21412682105068823,
            1.5429252338509458,
            1.184474533611922,
            0.26173891064791477,
            0.4519475135121865,
            1.618512002926038,
            0.7455017750780447,
            1.933248699351018,
            1.133341860838386,
            1.2492344259284194,
            1.3901363960423692,
            1.648208441667573,
            1.7308248777179829,
            1.9015827259533757,
            2.040692542783565,
            3.2563693101855193,
            2.365599172114408,
            2.5810183804501765,
            2.791700001684149,
            2.8016748418638415,
            3.925919255853472
        ]
    }
}