{
    "metadata": {
        "qaoaLayers": 2,
        "backend_name": "aer_simulator"
    },
    "result": {
        "instance_id": 2,
        "repitition_id": 13,
        "sampled_distribution": [
            [
                "1110",
                8080
            ],
            [
                "1111",
                448
            ],
            [
                "0110",
                446
            ],
            [
                "1100",
                430
            ],
            [
                "1010",
                422
            ],
            [
                "0100",
                35
            ],
            [
                "0111",
                33
            ],
            [
                "1101",
                29
            ],
            [
                "1000",
                28
            ],
            [
                "1011",
                27
            ],
            [
                "0010",
                19
            ],
            [
                "0101",
                1
            ],
            [
                "0000",
                1
            ],
            [
                "0011",
                1
            ]
        ],
        "num_training_loops": 45,
        "final_training_cost": -0.02880859375,
        "optimal_params": [
            2.1078557714121096,
            0.3073176741049225,
            -0.4673402904152874,
            1.5786461201912096
        ]
    }
}