{
    "metadata": {
        "qaoaLayers": 20,
        "backend_name": "aer_simulator"
    },
    "result": {
        "instance_id": 2,
        "repitition_id": 10,
        "sampled_distribution": [
            [
                "0001",
                1961
            ],
            [
                "1010",
                1229
            ],
            [
                "1100",
                1211
            ],
            [
                "0110",
                1153
            ],
            [
                "1110",
                902
            ],
            [
                "0111",
                750
            ],
            [
                "1011",
                723
            ],
            [
                "1101",
                688
            ],
            [
                "0011",
                439
            ],
            [
                "0101",
                437
            ],
            [
                "1001",
                427
            ],
            [
                "0100",
                24
            ],
            [
                "0010",
                22
            ],
            [
                "1000",
                22
            ],
            [
                "0000",
                10
            ],
            [
                "1111",
                2
            ]
        ],
        "num_training_loops": 296,
        "final_training_cost": -0.95166015625,
        "optimal_params": [
            3.1526468953526856,
            2.994393498968445,
            2.813938573440273,
            3.6572268818289992,
            2.522916741454048,
            2.362565918522046,
            2.2205709905288735,
            2.0270694853797093,
            2.8830909567041454,
            1.7136180956596303,
            1.5519101815833183,
            1.4137366832811005,
            1.2994457173502467,
            0.9112525864923876,
            1.092816768233167,
            0.7302333402588947,
            0.6105252334766018,
            0.4696922006922672,
            0.32135337188501,
            0.22433696350168808,
            1.2422190826075874,
            -0.087798145785905,
            0.3064174043073301,
            0.47971383456761457,
            1.634753651333333,
            0.8100209254635065,
            1.9369375940069604,
            1.0983303873544283,
            1.240656010935833,
            1.5342241431418608,
            1.3752052042695682,
            1.5754425114372463,
            1.8756152042653431,
            2.24305026395175,
            3.2335379594027533,
            2.3539779065726942,
            2.4816945589286035,
            2.6616716782389918,
            2.823030660956046,
            2.980088178631804
        ]
    }
}