{
    "metadata": {
        "qaoaLayers": 3,
        "backend_name": "aer_simulator_from(fake_torino)"
    },
    "result": {
        "instance_id": 1,
        "repitition_id": 53,
        "sampled_distribution": [
            [
                "0001",
                8369
            ],
            [
                "1001",
                516
            ],
            [
                "0000",
                214
            ],
            [
                "0011",
                203
            ],
            [
                "0101",
                167
            ],
            [
                "0010",
                113
            ],
            [
                "1101",
                110
            ],
            [
                "1100",
                94
            ],
            [
                "1000",
                70
            ],
            [
                "1010",
                69
            ],
            [
                "1011",
                32
            ],
            [
                "0100",
                24
            ],
            [
                "0111",
                8
            ],
            [
                "1110",
                5
            ],
            [
                "1111",
                3
            ],
            [
                "0110",
                3
            ]
        ],
        "num_training_loops": 51,
        "final_training_cost": -0.8505859375,
        "optimal_params": [
            4.112462117008258,
            3.0243260819889484,
            2.154497178453875,
            0.05765733240615072,
            0.9953413254624405,
            2.0976139934558393
        ]
    }
}