{
    "metadata": {
        "qaoaLayers": 20,
        "backend_name": "aer_simulator"
    },
    "result": {
        "instance_id": 2,
        "repitition_id": 41,
        "sampled_distribution": [
            [
                "0001",
                1763
            ],
            [
                "0101",
                1086
            ],
            [
                "0011",
                1066
            ],
            [
                "1001",
                1064
            ],
            [
                "1110",
                992
            ],
            [
                "0110",
                580
            ],
            [
                "1100",
                568
            ],
            [
                "1010",
                529
            ],
            [
                "0010",
                475
            ],
            [
                "0100",
                439
            ],
            [
                "1000",
                413
            ],
            [
                "1101",
                343
            ],
            [
                "1011",
                342
            ],
            [
                "0111",
                310
            ],
            [
                "1111",
                16
            ],
            [
                "0000",
                14
            ]
        ],
        "num_training_loops": 292,
        "final_training_cost": -0.98681640625,
        "optimal_params": [
            3.032891289362634,
            3.057659551047406,
            2.81287278080137,
            3.701863787011947,
            2.58980679209979,
            2.3783738214423233,
            2.1945238676598424,
            2.0334035055186432,
            2.8758321035708554,
            1.7107037406062338,
            1.5905273035685321,
            1.4168555570504084,
            1.2885369327188958,
            1.0154698670367683,
            0.962108409592924,
            0.7881030276307079,
            0.5998903814644476,
            0.4677499795184,
            0.32104167790452104,
            0.15619301608570088,
            1.0044102084596114,
            0.21786209344416313,
            0.31422948179059657,
            0.4616953193901151,
            1.8230573021999799,
            0.9368055678194076,
            1.9411179162701828,
            1.0455686965951771,
            1.1897549350595262,
            1.4411428617064637,
            1.6007412902386704,
            1.7401237649234689,
            1.8544859541799892,
            2.071558603734345,
            3.272857448053914,
            2.3504546737619525,
            2.529330515952207,
            2.6641288552789946,
            2.8278925911186037,
            2.984448909910188
        ]
    }
}