{
    "metadata": {
        "qaoaLayers": 2,
        "backend_name": "aer_simulator"
    },
    "result": {
        "instance_id": 2,
        "repitition_id": 24,
        "sampled_distribution": [
            [
                "0001",
                4788
            ],
            [
                "0011",
                1126
            ],
            [
                "0101",
                1090
            ],
            [
                "1001",
                1074
            ],
            [
                "0000",
                393
            ],
            [
                "1011",
                362
            ],
            [
                "1101",
                297
            ],
            [
                "0111",
                296
            ],
            [
                "0010",
                113
            ],
            [
                "1000",
                110
            ],
            [
                "0100",
                103
            ],
            [
                "1111",
                85
            ],
            [
                "1010",
                49
            ],
            [
                "0110",
                48
            ],
            [
                "1100",
                47
            ],
            [
                "1110",
                19
            ]
        ],
        "num_training_loops": 37,
        "final_training_cost": -0.4033203125,
        "optimal_params": [
            4.531965317460827,
            1.247630473559316,
            -1.4207217777806396,
            3.482526887241204
        ]
    }
}