{
    "metadata": {
        "qaoaLayers": 3,
        "backend_name": "aer_simulator_from(fake_torino)"
    },
    "result": {
        "instance_id": 1,
        "repitition_id": 54,
        "sampled_distribution": [
            [
                "0001",
                8688
            ],
            [
                "1001",
                405
            ],
            [
                "0000",
                230
            ],
            [
                "0101",
                169
            ],
            [
                "0011",
                152
            ],
            [
                "0010",
                98
            ],
            [
                "1101",
                83
            ],
            [
                "1000",
                77
            ],
            [
                "1010",
                25
            ],
            [
                "1100",
                23
            ],
            [
                "0100",
                19
            ],
            [
                "1011",
                18
            ],
            [
                "1110",
                6
            ],
            [
                "0111",
                5
            ],
            [
                "1111",
                2
            ]
        ],
        "num_training_loops": 50,
        "final_training_cost": -0.857421875,
        "optimal_params": [
            4.139983219752972,
            3.1039362486319497,
            2.0955146781955114,
            0.9633686992728845,
            1.0184145608596742,
            2.0765089922614792
        ]
    }
}