{
    "metadata": {
        "qaoaLayers": 4,
        "backend_name": "aer_simulator"
    },
    "result": {
        "instance_id": 2,
        "repitition_id": 10,
        "sampled_distribution": [
            [
                "1110",
                1958
            ],
            [
                "1010",
                1151
            ],
            [
                "1100",
                1101
            ],
            [
                "0110",
                1086
            ],
            [
                "0010",
                882
            ],
            [
                "1000",
                863
            ],
            [
                "0100",
                813
            ],
            [
                "0011",
                499
            ],
            [
                "0001",
                499
            ],
            [
                "0101",
                482
            ],
            [
                "1001",
                459
            ],
            [
                "1011",
                55
            ],
            [
                "1111",
                49
            ],
            [
                "1101",
                42
            ],
            [
                "0111",
                38
            ],
            [
                "0000",
                23
            ]
        ],
        "num_training_loops": 78,
        "final_training_cost": -0.87939453125,
        "optimal_params": [
            4.083544039441959,
            2.4234302744361385,
            2.620422246495712,
            1.8046500157378513,
            -0.1293126772785657,
            -0.0014625616385322985,
            0.9205129152712251,
            2.0121567380434393
        ]
    }
}