{
    "metadata": {
        "qaoaLayers": 20,
        "backend_name": "aer_simulator"
    },
    "result": {
        "instance_id": 2,
        "repitition_id": 49,
        "sampled_distribution": [
            [
                "0001",
                1647
            ],
            [
                "1110",
                1114
            ],
            [
                "0011",
                1084
            ],
            [
                "1001",
                1025
            ],
            [
                "0101",
                978
            ],
            [
                "0110",
                569
            ],
            [
                "0111",
                564
            ],
            [
                "1011",
                560
            ],
            [
                "1010",
                550
            ],
            [
                "1101",
                549
            ],
            [
                "1100",
                525
            ],
            [
                "1000",
                291
            ],
            [
                "0100",
                285
            ],
            [
                "0010",
                249
            ],
            [
                "0000",
                5
            ],
            [
                "1111",
                5
            ]
        ],
        "num_training_loops": 331,
        "final_training_cost": -0.9375,
        "optimal_params": [
            3.1272072950261536,
            2.969871185504585,
            2.8001545439664364,
            3.687593560196967,
            2.507633134096622,
            2.3702126885299655,
            2.19489328296587,
            2.0490320909562976,
            2.8384667612136796,
            1.8116986986445878,
            1.6860615393953848,
            1.4471379411930254,
            1.298816891590803,
            0.9884470799156303,
            1.0014449121268314,
            0.7837532216308583,
            0.6332987523323141,
            0.4730775523627486,
            0.4420850154557376,
            0.08961881462501743,
            1.4974084730294028,
            1.4388763906716282,
            0.33465464381131704,
            0.46083951786511396,
            1.831402145748868,
            0.960024352624016,
            1.9387923756067929,
            1.0357791089354562,
            1.1947579993026425,
            1.3736909653389948,
            1.5661021645058468,
            1.733876583286109,
            1.9006846968028306,
            2.081733784564426,
            3.237027671072057,
            2.338396000180416,
            2.5181166463621683,
            2.6486659580604157,
            2.794914673000402,
            2.9638326839229254
        ]
    }
}