{
    "metadata": {
        "qaoaLayers": 3,
        "backend_name": "aer_simulator"
    },
    "result": {
        "instance_id": 2,
        "repitition_id": 29,
        "sampled_distribution": [
            [
                "1110",
                1134
            ],
            [
                "0001",
                1003
            ],
            [
                "0110",
                786
            ],
            [
                "1010",
                763
            ],
            [
                "1100",
                739
            ],
            [
                "0100",
                653
            ],
            [
                "1011",
                639
            ],
            [
                "1000",
                636
            ],
            [
                "0010",
                634
            ],
            [
                "0111",
                621
            ],
            [
                "1101",
                613
            ],
            [
                "0101",
                566
            ],
            [
                "1001",
                566
            ],
            [
                "0011",
                553
            ],
            [
                "0000",
                59
            ],
            [
                "1111",
                35
            ]
        ],
        "num_training_loops": 59,
        "final_training_cost": -0.759765625,
        "optimal_params": [
            3.5520538697253525,
            1.9712968045896628,
            0.8831641995752735,
            -0.35293571578318217,
            1.0764979650095738,
            3.4515328756358983
        ]
    }
}