{
    "metadata": {
        "qaoaLayers": 20,
        "backend_name": "aer_simulator"
    },
    "result": {
        "instance_id": 2,
        "repitition_id": 6,
        "sampled_distribution": [
            [
                "0001",
                2997
            ],
            [
                "1010",
                1118
            ],
            [
                "1100",
                1103
            ],
            [
                "0110",
                1088
            ],
            [
                "1110",
                615
            ],
            [
                "1011",
                531
            ],
            [
                "1101",
                528
            ],
            [
                "0111",
                514
            ],
            [
                "0101",
                471
            ],
            [
                "1001",
                456
            ],
            [
                "0011",
                450
            ],
            [
                "1111",
                39
            ],
            [
                "0010",
                32
            ],
            [
                "1000",
                30
            ],
            [
                "0100",
                27
            ],
            [
                "0000",
                1
            ]
        ],
        "num_training_loops": 271,
        "final_training_cost": -0.90673828125,
        "optimal_params": [
            3.1692671359376,
            3.0118083633444357,
            2.810568281738248,
            3.6650270301030505,
            2.51498014880381,
            2.3494466133247607,
            2.180632744678284,
            2.027253774952169,
            2.773938123670742,
            1.824897636869589,
            1.5538214239560364,
            1.4052845761651125,
            1.3172544841891667,
            1.0177390800995607,
            0.9101521604545929,
            0.7241466613931418,
            0.5404682860548249,
            0.41379197000584794,
            0.26630645914337936,
            0.3079200614223616,
            0.030507649985976947,
            0.11411085587345385,
            0.27283668242356657,
            0.4169907755016794,
            1.582433504809482,
            0.794365135724023,
            1.9427429431427097,
            1.0976865390558654,
            1.261622558621127,
            1.4046165388497494,
            1.5667945890857853,
            1.726004441707487,
            1.8651703407199791,
            2.0388199997811935,
            3.207888149886839,
            2.3579714937520335,
            2.519205242857987,
            2.6610038389864683,
            2.837419093976627,
            2.9930419458896007
        ]
    }
}