{
    "metadata": {
        "qaoaLayers": 4,
        "backend_name": "aer_simulator"
    },
    "result": {
        "instance_id": 2,
        "repitition_id": 91,
        "sampled_distribution": [
            [
                "1110",
                1668
            ],
            [
                "1100",
                935
            ],
            [
                "1010",
                884
            ],
            [
                "0110",
                863
            ],
            [
                "1000",
                625
            ],
            [
                "0100",
                583
            ],
            [
                "0010",
                580
            ],
            [
                "0001",
                495
            ],
            [
                "0101",
                479
            ],
            [
                "0000",
                472
            ],
            [
                "1001",
                459
            ],
            [
                "1011",
                449
            ],
            [
                "0011",
                439
            ],
            [
                "1101",
                421
            ],
            [
                "0111",
                403
            ],
            [
                "1111",
                245
            ]
        ],
        "num_training_loops": 81,
        "final_training_cost": -0.42822265625,
        "optimal_params": [
            3.3140141591305388,
            3.314442159695728,
            1.537978667436988,
            0.6361586901628367,
            0.020022397446396525,
            1.9427015756676291,
            1.6188919023495338,
            2.342590960931919
        ]
    }
}