{
    "metadata": {
        "qaoaLayers": 2,
        "backend_name": "aer_simulator_from(fake_torino)"
    },
    "result": {
        "instance_id": 1,
        "repitition_id": 37,
        "sampled_distribution": [
            [
                "1110",
                8939
            ],
            [
                "0110",
                432
            ],
            [
                "1100",
                189
            ],
            [
                "1111",
                168
            ],
            [
                "1010",
                132
            ],
            [
                "1101",
                52
            ],
            [
                "0010",
                49
            ],
            [
                "0111",
                27
            ],
            [
                "0100",
                4
            ],
            [
                "1011",
                2
            ],
            [
                "1000",
                2
            ],
            [
                "0101",
                2
            ],
            [
                "0011",
                1
            ],
            [
                "0000",
                1
            ]
        ],
        "num_training_loops": 33,
        "final_training_cost": -0.89990234375,
        "optimal_params": [
            3.095178965447321,
            1.5326708777620446,
            -0.2498861995932815,
            2.5389935827645465
        ]
    }
}