{
    "metadata": {
        "qaoaLayers": 20,
        "backend_name": "aer_simulator"
    },
    "result": {
        "instance_id": 1,
        "repitition_id": 2,
        "sampled_distribution": [
            [
                "0111",
                2078
            ],
            [
                "0110",
                1914
            ],
            [
                "0101",
                1823
            ],
            [
                "0010",
                818
            ],
            [
                "1110",
                787
            ],
            [
                "1011",
                645
            ],
            [
                "1001",
                445
            ],
            [
                "0011",
                368
            ],
            [
                "1000",
                327
            ],
            [
                "0001",
                316
            ],
            [
                "1010",
                207
            ],
            [
                "1101",
                118
            ],
            [
                "0100",
                86
            ],
            [
                "1100",
                60
            ],
            [
                "1111",
                5
            ],
            [
                "0000",
                3
            ]
        ],
        "num_training_loops": 262,
        "final_training_cost": -1.0068359375,
        "optimal_params": [
            3.150535148399717,
            2.979471086742436,
            2.828587666370789,
            2.6788304829812,
            2.5068463405111725,
            3.364462982467068,
            2.1941259950413894,
            2.037319478407664,
            1.8846869981392036,
            1.7401005965347607,
            1.5759659524109466,
            1.4315582583721616,
            1.2447195885303675,
            1.2497465016933824,
            1.089651549048686,
            0.7320101721920789,
            0.5669218951539756,
            0.465691369115609,
            0.3082596469747789,
            0.13552492909811484,
            0.14440879260396902,
            -0.006761634002256834,
            1.1483854891507588,
            0.4516227484550019,
            0.5944212690073543,
            0.7671711050914591,
            0.9199406889698772,
            1.0764231978951047,
            1.2361464860111162,
            1.3970777056738077,
            1.5541647807630397,
            1.7397450328947082,
            1.8800561299758662,
            2.032329221241669,
            2.255492638154875,
            2.3321450077612003,
            2.539677307369839,
            3.6198465803706714,
            2.9032388842585757,
            3.984209818099381
        ]
    }
}