{
    "metadata": {
        "qaoaLayers": 3,
        "backend_name": "aer_simulator"
    },
    "result": {
        "instance_id": 2,
        "repitition_id": 74,
        "sampled_distribution": [
            [
                "0001",
                3013
            ],
            [
                "1000",
                750
            ],
            [
                "0010",
                718
            ],
            [
                "1100",
                700
            ],
            [
                "0100",
                697
            ],
            [
                "0110",
                676
            ],
            [
                "1010",
                672
            ],
            [
                "1001",
                627
            ],
            [
                "0011",
                623
            ],
            [
                "0101",
                610
            ],
            [
                "1110",
                470
            ],
            [
                "0111",
                121
            ],
            [
                "1011",
                116
            ],
            [
                "1101",
                102
            ],
            [
                "1111",
                93
            ],
            [
                "0000",
                12
            ]
        ],
        "num_training_loops": 61,
        "final_training_cost": -0.69189453125,
        "optimal_params": [
            3.462329865146789,
            1.9543077977432026,
            0.7745889919562088,
            0.1445493467416575,
            2.0382991095682383,
            3.4338720791495048
        ]
    }
}