{
    "metadata": {
        "qaoaLayers": 1,
        "backend_name": "aer_simulator"
    },
    "result": {
        "instance_id": 2,
        "repitition_id": 25,
        "sampled_distribution": [
            [
                "1110",
                2519
            ],
            [
                "0110",
                1052
            ],
            [
                "1100",
                1047
            ],
            [
                "1111",
                1043
            ],
            [
                "1010",
                999
            ],
            [
                "1011",
                459
            ],
            [
                "0100",
                444
            ],
            [
                "1101",
                442
            ],
            [
                "0010",
                431
            ],
            [
                "1000",
                413
            ],
            [
                "0111",
                410
            ],
            [
                "1001",
                192
            ],
            [
                "0000",
                161
            ],
            [
                "0011",
                159
            ],
            [
                "0101",
                159
            ],
            [
                "0001",
                70
            ]
        ],
        "num_training_loops": 19,
        "final_training_cost": 0.05322265625,
        "optimal_params": [
            4.141979852783198,
            0.000921996087099347
        ]
    }
}