{
    "metadata": {
        "qaoaLayers": 3,
        "backend_name": "aer_simulator"
    },
    "result": {
        "instance_id": 2,
        "repitition_id": 13,
        "sampled_distribution": [
            [
                "0001",
                2141
            ],
            [
                "1001",
                756
            ],
            [
                "0011",
                745
            ],
            [
                "0101",
                708
            ],
            [
                "1101",
                685
            ],
            [
                "0111",
                655
            ],
            [
                "1011",
                590
            ],
            [
                "1110",
                580
            ],
            [
                "0100",
                519
            ],
            [
                "0010",
                517
            ],
            [
                "1100",
                514
            ],
            [
                "0110",
                508
            ],
            [
                "1010",
                504
            ],
            [
                "1000",
                448
            ],
            [
                "1111",
                95
            ],
            [
                "0000",
                35
            ]
        ],
        "num_training_loops": 55,
        "final_training_cost": -0.6845703125,
        "optimal_params": [
            3.5477539518246597,
            2.092678824318371,
            0.8479248754500666,
            0.2508530078135005,
            1.043070901075251,
            3.398352116624469
        ]
    }
}