{
    "metadata": {
        "qaoaLayers": 3,
        "backend_name": "aer_simulator"
    },
    "result": {
        "instance_id": 2,
        "repitition_id": 82,
        "sampled_distribution": [
            [
                "0001",
                1389
            ],
            [
                "0110",
                1382
            ],
            [
                "1110",
                1338
            ],
            [
                "1100",
                1332
            ],
            [
                "1010",
                1315
            ],
            [
                "1000",
                839
            ],
            [
                "0010",
                818
            ],
            [
                "0100",
                777
            ],
            [
                "1111",
                187
            ],
            [
                "0000",
                165
            ],
            [
                "0101",
                150
            ],
            [
                "1001",
                136
            ],
            [
                "0011",
                125
            ],
            [
                "1101",
                18
            ],
            [
                "0111",
                16
            ],
            [
                "1011",
                13
            ]
        ],
        "num_training_loops": 58,
        "final_training_cost": -0.71044921875,
        "optimal_params": [
            3.5905242500430843,
            2.050474344825616,
            0.6894207506991782,
            0.9971437081746213,
            1.0883326802502347,
            2.604861172590325
        ]
    }
}