{
    "metadata": {
        "qaoaLayers": 1,
        "backend_name": "aer_simulator_from(fake_torino)"
    },
    "result": {
        "instance_id": 1,
        "repitition_id": 32,
        "sampled_distribution": [
            [
                "0001",
                9252
            ],
            [
                "1001",
                342
            ],
            [
                "0000",
                138
            ],
            [
                "0011",
                127
            ],
            [
                "0101",
                77
            ],
            [
                "1101",
                19
            ],
            [
                "1000",
                17
            ],
            [
                "0010",
                17
            ],
            [
                "1011",
                8
            ],
            [
                "0111",
                1
            ],
            [
                "1010",
                1
            ],
            [
                "0100",
                1
            ]
        ],
        "num_training_loops": 23,
        "final_training_cost": -0.92333984375,
        "optimal_params": [
            3.148011688356112,
            1.140223759066847
        ]
    }
}