{
    "metadata": {
        "qaoaLayers": 4,
        "backend_name": "aer_simulator"
    },
    "result": {
        "instance_id": 1,
        "repitition_id": 3,
        "sampled_distribution": [
            [
                "0111",
                4331
            ],
            [
                "0110",
                2501
            ],
            [
                "1110",
                1401
            ],
            [
                "0101",
                522
            ],
            [
                "1010",
                290
            ],
            [
                "0011",
                289
            ],
            [
                "0010",
                140
            ],
            [
                "0100",
                133
            ],
            [
                "1011",
                120
            ],
            [
                "1100",
                77
            ],
            [
                "1101",
                75
            ],
            [
                "0001",
                46
            ],
            [
                "1111",
                36
            ],
            [
                "1001",
                27
            ],
            [
                "1000",
                11
            ],
            [
                "0000",
                1
            ]
        ],
        "num_training_loops": 66,
        "final_training_cost": -0.98583984375,
        "optimal_params": [
            4.2050363703115705,
            3.943759913798127,
            1.060177685405113,
            0.41993057000236894,
            -0.352489065165729,
            0.41593229870750903,
            1.4553388040822544,
            1.844269726077337
        ]
    }
}