{
    "metadata": {
        "qaoaLayers": 2,
        "backend_name": "aer_simulator_from(fake_torino)"
    },
    "result": {
        "instance_id": 1,
        "repitition_id": 53,
        "sampled_distribution": [
            [
                "1110",
                9085
            ],
            [
                "0110",
                381
            ],
            [
                "1111",
                158
            ],
            [
                "1100",
                151
            ],
            [
                "1010",
                91
            ],
            [
                "0111",
                43
            ],
            [
                "1101",
                38
            ],
            [
                "0010",
                34
            ],
            [
                "0100",
                11
            ],
            [
                "1011",
                4
            ],
            [
                "1001",
                1
            ],
            [
                "0000",
                1
            ],
            [
                "1000",
                1
            ],
            [
                "0101",
                1
            ]
        ],
        "num_training_loops": 34,
        "final_training_cost": -0.8935546875,
        "optimal_params": [
            3.1573205797623505,
            1.5707034865177958,
            -0.02593691147914804,
            1.5735472001435615
        ]
    }
}