{
    "metadata": {
        "qaoaLayers": 4,
        "backend_name": "aer_simulator_from(fake_torino)"
    },
    "result": {
        "instance_id": 1,
        "repitition_id": 19,
        "sampled_distribution": [
            [
                "1110",
                2647
            ],
            [
                "0111",
                2625
            ],
            [
                "0110",
                2102
            ],
            [
                "0101",
                587
            ],
            [
                "0011",
                352
            ],
            [
                "0010",
                311
            ],
            [
                "1111",
                299
            ],
            [
                "1010",
                271
            ],
            [
                "0100",
                221
            ],
            [
                "1100",
                211
            ],
            [
                "1011",
                133
            ],
            [
                "1000",
                64
            ],
            [
                "1101",
                62
            ],
            [
                "0001",
                44
            ],
            [
                "1001",
                36
            ],
            [
                "0000",
                35
            ]
        ],
        "num_training_loops": 66,
        "final_training_cost": -0.78759765625,
        "optimal_params": [
            4.075536852158572,
            3.8090536023887163,
            1.103833637837328,
            0.649388556231748,
            -0.12147431235281139,
            0.4303201231221503,
            1.643926696380914,
            1.9931703493057302
        ]
    }
}