{
    "metadata": {
        "qaoaLayers": 3,
        "backend_name": "aer_simulator_from(fake_torino)"
    },
    "result": {
        "instance_id": 1,
        "repitition_id": 87,
        "sampled_distribution": [
            [
                "0001",
                8721
            ],
            [
                "1001",
                456
            ],
            [
                "0000",
                236
            ],
            [
                "0011",
                153
            ],
            [
                "0101",
                142
            ],
            [
                "1101",
                80
            ],
            [
                "0010",
                74
            ],
            [
                "1000",
                67
            ],
            [
                "1100",
                23
            ],
            [
                "1010",
                22
            ],
            [
                "1011",
                10
            ],
            [
                "0100",
                9
            ],
            [
                "0111",
                4
            ],
            [
                "1110",
                2
            ],
            [
                "1111",
                1
            ]
        ],
        "num_training_loops": 49,
        "final_training_cost": -0.88916015625,
        "optimal_params": [
            4.204902236126449,
            3.092199784223732,
            2.056822692838508,
            0.021678444486694558,
            1.044940693298323,
            2.0976966447193446
        ]
    }
}