{
    "metadata": {
        "qaoaLayers": 3,
        "backend_name": "aer_simulator"
    },
    "result": {
        "instance_id": 2,
        "repitition_id": 75,
        "sampled_distribution": [
            [
                "0001",
                5329
            ],
            [
                "1001",
                1092
            ],
            [
                "0011",
                1037
            ],
            [
                "0101",
                1028
            ],
            [
                "1101",
                254
            ],
            [
                "1011",
                253
            ],
            [
                "0111",
                246
            ],
            [
                "0000",
                175
            ],
            [
                "1111",
                149
            ],
            [
                "0010",
                96
            ],
            [
                "1000",
                91
            ],
            [
                "0100",
                82
            ],
            [
                "1010",
                51
            ],
            [
                "0110",
                48
            ],
            [
                "1100",
                43
            ],
            [
                "1110",
                26
            ]
        ],
        "num_training_loops": 66,
        "final_training_cost": -0.48486328125,
        "optimal_params": [
            3.3079611255319334,
            2.725224822908836,
            0.07647417271764334,
            0.07271825314831436,
            1.017143140534329,
            2.878008575334935
        ]
    }
}