{
    "metadata": {
        "qaoaLayers": 4,
        "backend_name": "aer_simulator_from(fake_torino)"
    },
    "result": {
        "instance_id": 1,
        "repitition_id": 37,
        "sampled_distribution": [
            [
                "1010",
                1789
            ],
            [
                "1001",
                1325
            ],
            [
                "1000",
                1078
            ],
            [
                "1110",
                1068
            ],
            [
                "0001",
                927
            ],
            [
                "1101",
                902
            ],
            [
                "1100",
                580
            ],
            [
                "0110",
                579
            ],
            [
                "0100",
                555
            ],
            [
                "0101",
                267
            ],
            [
                "0010",
                241
            ],
            [
                "0000",
                198
            ],
            [
                "1011",
                170
            ],
            [
                "0111",
                135
            ],
            [
                "0011",
                110
            ],
            [
                "1111",
                76
            ]
        ],
        "num_training_loops": 70,
        "final_training_cost": -0.82275390625,
        "optimal_params": [
            4.231140045606489,
            3.3793154347982792,
            0.6660225953057898,
            0.4406045850731211,
            0.9864014280947186,
            0.5532375778792067,
            0.7888899650508215,
            2.2727453992479294
        ]
    }
}