{
    "metadata": {
        "qaoaLayers": 1,
        "backend_name": "aer_simulator"
    },
    "result": {
        "instance_id": 1,
        "repitition_id": 46,
        "sampled_distribution": [
            [
                "0001",
                9968
            ],
            [
                "0011",
                11
            ],
            [
                "0101",
                8
            ],
            [
                "0000",
                8
            ],
            [
                "1001",
                5
            ]
        ],
        "num_training_loops": 24,
        "final_training_cost": -0.99853515625,
        "optimal_params": [
            3.173653616090143,
            0.000585098131107848
        ]
    }
}