{
    "metadata": {
        "qaoaLayers": 20,
        "backend_name": "aer_simulator"
    },
    "result": {
        "instance_id": 1,
        "repitition_id": 65,
        "sampled_distribution": [
            [
                "0110",
                2471
            ],
            [
                "0111",
                1716
            ],
            [
                "0101",
                1231
            ],
            [
                "1110",
                1051
            ],
            [
                "0010",
                713
            ],
            [
                "1010",
                635
            ],
            [
                "1011",
                578
            ],
            [
                "1001",
                346
            ],
            [
                "1101",
                323
            ],
            [
                "0100",
                278
            ],
            [
                "0001",
                261
            ],
            [
                "1000",
                164
            ],
            [
                "1100",
                116
            ],
            [
                "0011",
                60
            ],
            [
                "1111",
                44
            ],
            [
                "0000",
                13
            ]
        ],
        "num_training_loops": 285,
        "final_training_cost": -0.97314453125,
        "optimal_params": [
            3.1774244427484133,
            2.9986489473952336,
            2.820108958600172,
            2.553674392692529,
            2.4758322864493345,
            3.4329791066701256,
            2.2600570086793703,
            2.051337011169404,
            1.8557336672976665,
            1.6473398174314893,
            1.6547778946799208,
            1.2843038018921606,
            1.181269859072262,
            1.0413070155075281,
            0.9718185391214571,
            0.5962983194740515,
            0.65946038364489,
            0.4604014713301408,
            0.20360833571946915,
            0.09103381332293536,
            1.3059907982891343,
            0.17049782615715217,
            1.39135807069843,
            0.39517184941520656,
            0.6110976200121121,
            0.7306263178212643,
            0.8860293527791214,
            1.0426567325427443,
            1.2885439253220599,
            1.3582519645759268,
            1.4933278430258812,
            1.7603818210708315,
            1.8083098779642954,
            2.005389860376953,
            2.0893234405851504,
            2.766230704702929,
            2.456701421513,
            3.6041955201176257,
            2.8114152922093028,
            3.97084155104163
        ]
    }
}