{
    "metadata": {
        "qaoaLayers": 2,
        "backend_name": "aer_simulator"
    },
    "result": {
        "instance_id": 2,
        "repitition_id": 66,
        "sampled_distribution": [
            [
                "0001",
                4936
            ],
            [
                "1001",
                1075
            ],
            [
                "0101",
                1016
            ],
            [
                "0011",
                979
            ],
            [
                "0111",
                449
            ],
            [
                "1101",
                449
            ],
            [
                "1011",
                427
            ],
            [
                "1111",
                154
            ],
            [
                "1100",
                92
            ],
            [
                "1010",
                87
            ],
            [
                "0110",
                82
            ],
            [
                "0010",
                66
            ],
            [
                "1000",
                65
            ],
            [
                "0100",
                58
            ],
            [
                "0000",
                33
            ],
            [
                "1110",
                32
            ]
        ],
        "num_training_loops": 54,
        "final_training_cost": -0.53662109375,
        "optimal_params": [
            4.478792959633857,
            1.9319525912685582,
            -0.29411952874214276,
            2.0977692566976103
        ]
    }
}