{
    "metadata": {
        "qaoaLayers": 20,
        "backend_name": "aer_simulator"
    },
    "result": {
        "instance_id": 1,
        "repitition_id": 97,
        "sampled_distribution": [
            [
                "0001",
                2894
            ],
            [
                "1110",
                2418
            ],
            [
                "1000",
                1346
            ],
            [
                "1010",
                658
            ],
            [
                "1001",
                620
            ],
            [
                "1100",
                461
            ],
            [
                "0110",
                405
            ],
            [
                "0111",
                352
            ],
            [
                "0101",
                308
            ],
            [
                "0011",
                231
            ],
            [
                "1101",
                122
            ],
            [
                "0100",
                85
            ],
            [
                "1011",
                60
            ],
            [
                "0010",
                35
            ],
            [
                "0000",
                4
            ],
            [
                "1111",
                1
            ]
        ],
        "num_training_loops": 313,
        "final_training_cost": -1.00927734375,
        "optimal_params": [
            3.051745024009866,
            2.801467941699388,
            3.0501541804928265,
            3.663406115654107,
            3.504163193941189,
            2.4407220677130823,
            2.122216575723754,
            2.048278364100862,
            1.9076376878583408,
            1.6561025916316972,
            1.5735999736758097,
            1.4356768903596364,
            1.2754220143243602,
            1.0843637116682454,
            0.8908921985534948,
            0.9516991666583043,
            0.6356412062973815,
            0.42179195076695447,
            0.3192050100483419,
            0.1678132951138968,
            -0.22731234684160181,
            1.3862005712367131,
            1.5709354770045258,
            0.5037683232869019,
            0.6365439446743453,
            0.8073751846668482,
            0.9297344233009632,
            2.3458582246187323,
            1.2907990168567482,
            1.5811375012015756,
            1.3762481760432446,
            1.9001931595474995,
            1.7177254530930404,
            2.0436725575013424,
            2.1792530061713844,
            2.3509306602353712,
            2.5157203173200817,
            2.6690325575212475,
            2.814322155116434,
            3.0123520484190363
        ]
    }
}