{
    "metadata": {
        "qaoaLayers": 1,
        "backend_name": "aer_simulator"
    },
    "result": {
        "instance_id": 2,
        "repitition_id": 53,
        "sampled_distribution": [
            [
                "1110",
                3096
            ],
            [
                "1010",
                1103
            ],
            [
                "1111",
                1083
            ],
            [
                "0110",
                1035
            ],
            [
                "1100",
                987
            ],
            [
                "1011",
                389
            ],
            [
                "0100",
                367
            ],
            [
                "1000",
                363
            ],
            [
                "0010",
                351
            ],
            [
                "0111",
                349
            ],
            [
                "1101",
                326
            ],
            [
                "1001",
                139
            ],
            [
                "0011",
                128
            ],
            [
                "0101",
                127
            ],
            [
                "0000",
                123
            ],
            [
                "0001",
                34
            ]
        ],
        "num_training_loops": 20,
        "final_training_cost": 0.078125,
        "optimal_params": [
            4.180988520438836,
            0.047420024248320806
        ]
    }
}