{
    "metadata": {
        "qaoaLayers": 2,
        "backend_name": "aer_simulator"
    },
    "result": {
        "instance_id": 2,
        "repitition_id": 75,
        "sampled_distribution": [
            [
                "0001",
                2701
            ],
            [
                "0101",
                1061
            ],
            [
                "1001",
                1039
            ],
            [
                "0011",
                1021
            ],
            [
                "0000",
                1018
            ],
            [
                "1011",
                444
            ],
            [
                "0100",
                432
            ],
            [
                "0111",
                410
            ],
            [
                "1101",
                410
            ],
            [
                "0010",
                390
            ],
            [
                "1000",
                380
            ],
            [
                "1010",
                163
            ],
            [
                "1111",
                158
            ],
            [
                "1100",
                154
            ],
            [
                "0110",
                145
            ],
            [
                "1110",
                74
            ]
        ],
        "num_training_loops": 32,
        "final_training_cost": 0.0078125,
        "optimal_params": [
            4.140811454640921,
            1.5624874691410682,
            -0.0003198246125567726,
            1.5692812908782665
        ]
    }
}