{
    "metadata": {
        "qaoaLayers": 1,
        "backend_name": "aer_simulator"
    },
    "result": {
        "instance_id": 2,
        "repitition_id": 41,
        "sampled_distribution": [
            [
                "0001",
                9397
            ],
            [
                "0101",
                152
            ],
            [
                "1001",
                148
            ],
            [
                "0000",
                144
            ],
            [
                "0011",
                143
            ],
            [
                "1011",
                5
            ],
            [
                "1101",
                3
            ],
            [
                "0010",
                3
            ],
            [
                "1000",
                2
            ],
            [
                "1111",
                1
            ],
            [
                "0111",
                1
            ],
            [
                "0100",
                1
            ]
        ],
        "num_training_loops": 19,
        "final_training_cost": 0.00390625,
        "optimal_params": [
            3.2675807461035165,
            0.00015386092526527444
        ]
    }
}