{
    "metadata": {
        "qaoaLayers": 1,
        "backend_name": "aer_simulator"
    },
    "result": {
        "instance_id": 2,
        "repitition_id": 100,
        "sampled_distribution": [
            [
                "1110",
                830
            ],
            [
                "1010",
                738
            ],
            [
                "1100",
                706
            ],
            [
                "1111",
                706
            ],
            [
                "0110",
                685
            ],
            [
                "1000",
                651
            ],
            [
                "0100",
                648
            ],
            [
                "1101",
                648
            ],
            [
                "1011",
                638
            ],
            [
                "0010",
                608
            ],
            [
                "0111",
                606
            ],
            [
                "0000",
                540
            ],
            [
                "0011",
                521
            ],
            [
                "0101",
                511
            ],
            [
                "1001",
                505
            ],
            [
                "0001",
                459
            ]
        ],
        "num_training_loops": 23,
        "final_training_cost": 0.06494140625,
        "optimal_params": [
            2.3157966372528844,
            -0.1805744060110362
        ]
    }
}