{
    "metadata": {
        "qaoaLayers": 4,
        "backend_name": "aer_simulator_from(fake_torino)"
    },
    "result": {
        "instance_id": 1,
        "repitition_id": 24,
        "sampled_distribution": [
            [
                "1110",
                1897
            ],
            [
                "0101",
                1436
            ],
            [
                "0110",
                1389
            ],
            [
                "0010",
                1040
            ],
            [
                "1101",
                594
            ],
            [
                "1001",
                569
            ],
            [
                "1010",
                521
            ],
            [
                "0001",
                464
            ],
            [
                "1011",
                457
            ],
            [
                "1000",
                398
            ],
            [
                "0111",
                339
            ],
            [
                "0011",
                271
            ],
            [
                "0100",
                186
            ],
            [
                "1111",
                171
            ],
            [
                "1100",
                146
            ],
            [
                "0000",
                122
            ]
        ],
        "num_training_loops": 77,
        "final_training_cost": -0.78857421875,
        "optimal_params": [
            2.606893620534948,
            2.09257806508497,
            1.5743949280889455,
            2.2985197464781644,
            -0.9925842595127687,
            -1.142872589487591,
            3.543568809816492,
            3.486398299008031
        ]
    }
}