{
    "metadata": {
        "qaoaLayers": 20,
        "backend_name": "aer_simulator"
    },
    "result": {
        "instance_id": 2,
        "repitition_id": 21,
        "sampled_distribution": [
            [
                "0001",
                1351
            ],
            [
                "1011",
                1137
            ],
            [
                "0111",
                1086
            ],
            [
                "1101",
                1072
            ],
            [
                "1010",
                944
            ],
            [
                "1100",
                918
            ],
            [
                "0110",
                917
            ],
            [
                "1110",
                668
            ],
            [
                "0101",
                599
            ],
            [
                "0011",
                541
            ],
            [
                "1001",
                500
            ],
            [
                "0100",
                78
            ],
            [
                "0010",
                76
            ],
            [
                "1000",
                67
            ],
            [
                "0000",
                39
            ],
            [
                "1111",
                7
            ]
        ],
        "num_training_loops": 295,
        "final_training_cost": -0.84814453125,
        "optimal_params": [
            3.1367875305395696,
            2.9442354730907137,
            2.8430487167871967,
            3.677835406661862,
            2.537990364131808,
            2.352510992852396,
            2.2135176504906253,
            2.0440214012315474,
            2.786422237467787,
            1.6820203172314305,
            1.565023197583552,
            1.423142218428345,
            1.2568416762816912,
            1.108753299295284,
            0.9303612407600765,
            0.7876616774241325,
            0.6619932359106908,
            0.4849739795675419,
            0.3173191207494016,
            0.1221271769053137,
            1.2449079756080177,
            -0.0853023510682514,
            0.3178529087165403,
            0.5038896351324241,
            1.6397295335063986,
            0.9401447525156315,
            1.9397966907750415,
            1.105215770890137,
            1.2432901732843717,
            1.5163896262783523,
            1.3602384253766462,
            1.751451173239893,
            1.9095306544127066,
            2.070089630586113,
            3.2269948936504456,
            2.3545882083013634,
            2.5058461630224502,
            2.6716050404899017,
            2.829169144765168,
            2.9979408089783726
        ]
    }
}