{
    "metadata": {
        "qaoaLayers": 4,
        "backend_name": "aer_simulator"
    },
    "result": {
        "instance_id": 2,
        "repitition_id": 46,
        "sampled_distribution": [
            [
                "1110",
                3353
            ],
            [
                "1100",
                1270
            ],
            [
                "0110",
                1267
            ],
            [
                "1010",
                1196
            ],
            [
                "0010",
                637
            ],
            [
                "1000",
                632
            ],
            [
                "0100",
                619
            ],
            [
                "1001",
                210
            ],
            [
                "0011",
                180
            ],
            [
                "0101",
                169
            ],
            [
                "0001",
                138
            ],
            [
                "1011",
                87
            ],
            [
                "0111",
                86
            ],
            [
                "1101",
                71
            ],
            [
                "0000",
                54
            ],
            [
                "1111",
                31
            ]
        ],
        "num_training_loops": 69,
        "final_training_cost": -0.81884765625,
        "optimal_params": [
            3.2933617833598166,
            2.3785329730695928,
            2.676979737886907,
            1.8554951775247013,
            0.07673750361752191,
            0.8839226124529617,
            1.5135848860487202,
            3.6147581768604806
        ]
    }
}