{
    "metadata": {
        "qaoaLayers": 20,
        "backend_name": "aer_simulator"
    },
    "result": {
        "instance_id": 1,
        "repitition_id": 61,
        "sampled_distribution": [
            [
                "0001",
                1894
            ],
            [
                "0111",
                1758
            ],
            [
                "1110",
                1349
            ],
            [
                "1010",
                1048
            ],
            [
                "0110",
                854
            ],
            [
                "1001",
                706
            ],
            [
                "1100",
                559
            ],
            [
                "0101",
                418
            ],
            [
                "1000",
                414
            ],
            [
                "0100",
                334
            ],
            [
                "0011",
                212
            ],
            [
                "1101",
                200
            ],
            [
                "0010",
                139
            ],
            [
                "1011",
                98
            ],
            [
                "0000",
                17
            ]
        ],
        "num_training_loops": 300,
        "final_training_cost": -0.9677734375,
        "optimal_params": [
            3.1493034413009138,
            2.9775766018169927,
            2.8183552023120564,
            2.6703823373781,
            2.5091963545727802,
            3.3542136866301817,
            2.1996251625662393,
            2.330226281047469,
            1.483853532768546,
            1.679556786863432,
            1.655888805786915,
            1.4380390698000058,
            1.2602861492873059,
            1.1073675768322944,
            0.9446505049049373,
            0.7946188480482179,
            0.6322125541595999,
            0.48423115104240666,
            0.31671272118802696,
            0.15001880683126567,
            0.9986942612649364,
            0.1608409530402109,
            1.4386981320573202,
            0.35318728411079336,
            0.6262487423890706,
            0.6868677678774229,
            0.8189425793351921,
            0.9697360488730999,
            1.1512783380968314,
            1.310570071442391,
            1.4838759278085396,
            1.6236842495382289,
            1.7755516676384004,
            1.9323678539200517,
            2.602188341415683,
            2.2476760457656257,
            2.401131015097513,
            3.5702531782849025,
            2.8577891543682457,
            4.005835459201122
        ]
    }
}