{
    "metadata": {
        "qaoaLayers": 2,
        "backend_name": "aer_simulator"
    },
    "result": {
        "instance_id": 2,
        "repitition_id": 15,
        "sampled_distribution": [
            [
                "0001",
                6031
            ],
            [
                "0101",
                866
            ],
            [
                "1001",
                853
            ],
            [
                "0011",
                852
            ],
            [
                "1101",
                321
            ],
            [
                "1011",
                310
            ],
            [
                "0111",
                308
            ],
            [
                "0010",
                77
            ],
            [
                "1111",
                65
            ],
            [
                "1000",
                62
            ],
            [
                "0110",
                60
            ],
            [
                "1100",
                58
            ],
            [
                "0100",
                57
            ],
            [
                "1010",
                42
            ],
            [
                "1110",
                30
            ],
            [
                "0000",
                8
            ]
        ],
        "num_training_loops": 42,
        "final_training_cost": -0.48193359375,
        "optimal_params": [
            4.461609004345868,
            1.284186434323111,
            0.2857876006447442,
            2.554547825067367
        ]
    }
}