{
    "metadata": {
        "qaoaLayers": 20,
        "backend_name": "aer_simulator"
    },
    "result": {
        "instance_id": 1,
        "repitition_id": 14,
        "sampled_distribution": [
            [
                "0110",
                3368
            ],
            [
                "0111",
                2392
            ],
            [
                "1110",
                1501
            ],
            [
                "0101",
                929
            ],
            [
                "0010",
                477
            ],
            [
                "1011",
                385
            ],
            [
                "1010",
                307
            ],
            [
                "0100",
                156
            ],
            [
                "1101",
                151
            ],
            [
                "0001",
                101
            ],
            [
                "1001",
                86
            ],
            [
                "0011",
                73
            ],
            [
                "1000",
                32
            ],
            [
                "1100",
                27
            ],
            [
                "1111",
                9
            ],
            [
                "0000",
                6
            ]
        ],
        "num_training_loops": 311,
        "final_training_cost": -0.98388671875,
        "optimal_params": [
            3.156282261847242,
            3.0118771194420035,
            2.819549850753079,
            2.6824119809835616,
            2.4834448963985354,
            3.3962465144194605,
            2.2175316911611747,
            1.9675978870487416,
            1.9730882533125806,
            1.7405037310582534,
            1.578106104982027,
            1.3401177155359096,
            1.307385280544763,
            1.0612993060723814,
            1.0122425410342195,
            0.7494577315549025,
            0.6079185946889915,
            0.4728079794896617,
            0.22828265050957608,
            0.14526920459228163,
            1.6109092346652976,
            1.4054079216568678,
            1.3282915745753159,
            0.39177145390128865,
            0.565534725284348,
            0.7513681574933242,
            0.9025454446096599,
            1.0244102019551944,
            1.1805072108432035,
            1.3749068381961773,
            1.2520352777593782,
            1.752219422315347,
            1.874216302703466,
            1.985440497714984,
            2.1153139631699864,
            2.7358369388065356,
            2.4973228906339155,
            3.6531789460604824,
            2.802776738263363,
            3.9881144244580446
        ]
    }
}