{
    "metadata": {
        "qaoaLayers": 1,
        "backend_name": "aer_simulator"
    },
    "result": {
        "instance_id": 2,
        "repitition_id": 56,
        "sampled_distribution": [
            [
                "1110",
                2512
            ],
            [
                "1100",
                1050
            ],
            [
                "1111",
                1037
            ],
            [
                "0110",
                1015
            ],
            [
                "1010",
                1008
            ],
            [
                "1101",
                442
            ],
            [
                "0010",
                439
            ],
            [
                "1000",
                435
            ],
            [
                "1011",
                429
            ],
            [
                "0100",
                427
            ],
            [
                "0111",
                391
            ],
            [
                "0011",
                191
            ],
            [
                "0101",
                186
            ],
            [
                "1001",
                182
            ],
            [
                "0000",
                181
            ],
            [
                "0001",
                75
            ]
        ],
        "num_training_loops": 19,
        "final_training_cost": -0.02783203125,
        "optimal_params": [
            4.142235062077147,
            0.0007663624047248214
        ]
    }
}