{
    "metadata": {
        "qaoaLayers": 1,
        "backend_name": "aer_simulator_from(fake_torino)"
    },
    "result": {
        "instance_id": 1,
        "repitition_id": 53,
        "sampled_distribution": [
            [
                "0001",
                9248
            ],
            [
                "1001",
                317
            ],
            [
                "0000",
                159
            ],
            [
                "0011",
                126
            ],
            [
                "0101",
                74
            ],
            [
                "1000",
                26
            ],
            [
                "0010",
                24
            ],
            [
                "1101",
                18
            ],
            [
                "1011",
                7
            ],
            [
                "0110",
                1
            ]
        ],
        "num_training_loops": 21,
        "final_training_cost": -0.93359375,
        "optimal_params": [
            3.1735416820772415,
            0.9959672514917126
        ]
    }
}