{
    "metadata": {
        "qaoaLayers": 3,
        "backend_name": "aer_simulator_from(fake_torino)"
    },
    "result": {
        "instance_id": 1,
        "repitition_id": 90,
        "sampled_distribution": [
            [
                "0001",
                8864
            ],
            [
                "1001",
                417
            ],
            [
                "0000",
                190
            ],
            [
                "0011",
                176
            ],
            [
                "0101",
                134
            ],
            [
                "1101",
                68
            ],
            [
                "1000",
                60
            ],
            [
                "0010",
                56
            ],
            [
                "1010",
                15
            ],
            [
                "1011",
                8
            ],
            [
                "1100",
                5
            ],
            [
                "0100",
                4
            ],
            [
                "0111",
                2
            ],
            [
                "1111",
                1
            ]
        ],
        "num_training_loops": 48,
        "final_training_cost": -0.8798828125,
        "optimal_params": [
            4.383776237732525,
            3.1549838260024625,
            1.9418323236901094,
            1.084903605304319,
            1.0541841504584222,
            2.0945454060038204
        ]
    }
}