{
    "metadata": {
        "qaoaLayers": 20,
        "backend_name": "aer_simulator"
    },
    "result": {
        "instance_id": 2,
        "repitition_id": 3,
        "sampled_distribution": [
            [
                "0001",
                1794
            ],
            [
                "1110",
                1322
            ],
            [
                "1010",
                861
            ],
            [
                "0101",
                835
            ],
            [
                "1001",
                833
            ],
            [
                "0110",
                822
            ],
            [
                "0011",
                821
            ],
            [
                "1100",
                796
            ],
            [
                "0111",
                443
            ],
            [
                "1011",
                433
            ],
            [
                "1101",
                415
            ],
            [
                "0010",
                210
            ],
            [
                "0100",
                201
            ],
            [
                "1000",
                196
            ],
            [
                "0000",
                10
            ],
            [
                "1111",
                8
            ]
        ],
        "num_training_loops": 284,
        "final_training_cost": -0.9775390625,
        "optimal_params": [
            3.1468505573755694,
            2.98822508318459,
            2.8514484058780765,
            3.630439799713478,
            2.481513321565414,
            2.342018130379393,
            2.2133885135280353,
            2.043554839109511,
            2.8661926154970496,
            1.6978561348740413,
            1.557790041352412,
            1.3995440459883854,
            1.2409726824657832,
            1.1179750439715244,
            0.9107414832608608,
            0.7754842471126058,
            0.5744616146961042,
            0.4348009027650622,
            0.3195215508624821,
            0.17918201394849154,
            1.0667854320115018,
            -0.15320890341405632,
            0.36390849007309584,
            0.4896053172572573,
            1.7633516556271958,
            0.9608258317362077,
            1.9178434824992443,
            1.1159290049423352,
            1.2683296270157198,
            1.35198509100923,
            1.5908098462946059,
            1.7538545265131762,
            1.9198554933499679,
            2.0746873159705013,
            3.2409041075789324,
            2.3697230880384352,
            2.5186498202185654,
            2.666436307014034,
            2.840256357320881,
            3.0009262316874104
        ]
    }
}