{
    "metadata": {
        "qaoaLayers": 2,
        "backend_name": "aer_simulator"
    },
    "result": {
        "instance_id": 2,
        "repitition_id": 62,
        "sampled_distribution": [
            [
                "0001",
                3203
            ],
            [
                "0000",
                853
            ],
            [
                "0101",
                723
            ],
            [
                "0011",
                720
            ],
            [
                "1001",
                714
            ],
            [
                "0111",
                699
            ],
            [
                "1101",
                680
            ],
            [
                "1011",
                653
            ],
            [
                "1010",
                390
            ],
            [
                "0110",
                355
            ],
            [
                "1100",
                342
            ],
            [
                "1110",
                294
            ],
            [
                "0100",
                118
            ],
            [
                "1000",
                106
            ],
            [
                "0010",
                103
            ],
            [
                "1111",
                47
            ]
        ],
        "num_training_loops": 34,
        "final_training_cost": -0.09033203125,
        "optimal_params": [
            4.1749720692506225,
            1.3234264113802947,
            0.993044596678318,
            2.570607243095095
        ]
    }
}