{
    "metadata": {
        "qaoaLayers": 1,
        "backend_name": "aer_simulator"
    },
    "result": {
        "instance_id": 2,
        "repitition_id": 80,
        "sampled_distribution": [
            [
                "0001",
                7766
            ],
            [
                "0011",
                513
            ],
            [
                "0101",
                513
            ],
            [
                "1001",
                499
            ],
            [
                "0000",
                481
            ],
            [
                "0100",
                43
            ],
            [
                "1101",
                39
            ],
            [
                "1000",
                38
            ],
            [
                "0111",
                32
            ],
            [
                "0010",
                30
            ],
            [
                "1011",
                29
            ],
            [
                "1100",
                9
            ],
            [
                "1111",
                4
            ],
            [
                "0110",
                2
            ],
            [
                "1010",
                2
            ]
        ],
        "num_training_loops": 22,
        "final_training_cost": 0.02294921875,
        "optimal_params": [
            3.3972346958432613,
            0.12479372537324783
        ]
    }
}