{
    "metadata": {
        "qaoaLayers": 4,
        "backend_name": "aer_simulator"
    },
    "result": {
        "instance_id": 2,
        "repitition_id": 93,
        "sampled_distribution": [
            [
                "1110",
                4486
            ],
            [
                "1100",
                1293
            ],
            [
                "1010",
                1279
            ],
            [
                "0110",
                1225
            ],
            [
                "0010",
                412
            ],
            [
                "1000",
                406
            ],
            [
                "0100",
                378
            ],
            [
                "0000",
                116
            ],
            [
                "1011",
                66
            ],
            [
                "1001",
                64
            ],
            [
                "1101",
                60
            ],
            [
                "0111",
                59
            ],
            [
                "0011",
                54
            ],
            [
                "0101",
                53
            ],
            [
                "0001",
                25
            ],
            [
                "1111",
                24
            ]
        ],
        "num_training_loops": 68,
        "final_training_cost": -0.66748046875,
        "optimal_params": [
            3.1424836396637694,
            3.217041720420085,
            1.7470202676016813,
            0.40434634675645514,
            -0.2784795625841427,
            1.6962601214114938,
            1.103975609974456,
            2.6004426574376236
        ]
    }
}