{
    "metadata": {
        "qaoaLayers": 3,
        "backend_name": "aer_simulator"
    },
    "result": {
        "instance_id": 2,
        "repitition_id": 6,
        "sampled_distribution": [
            [
                "0001",
                1913
            ],
            [
                "1001",
                838
            ],
            [
                "0101",
                834
            ],
            [
                "0011",
                789
            ],
            [
                "0111",
                644
            ],
            [
                "1011",
                626
            ],
            [
                "1110",
                579
            ],
            [
                "1101",
                569
            ],
            [
                "0100",
                566
            ],
            [
                "0010",
                554
            ],
            [
                "1000",
                549
            ],
            [
                "0110",
                500
            ],
            [
                "1100",
                483
            ],
            [
                "1010",
                470
            ],
            [
                "0000",
                53
            ],
            [
                "1111",
                33
            ]
        ],
        "num_training_loops": 63,
        "final_training_cost": -0.734375,
        "optimal_params": [
            3.5379718220372,
            2.0125763474289027,
            0.924463177905823,
            -0.05070319138273236,
            1.034891208551998,
            3.4106991527354134
        ]
    }
}