{
    "metadata": {
        "qaoaLayers": 1,
        "backend_name": "aer_simulator"
    },
    "result": {
        "instance_id": 2,
        "repitition_id": 95,
        "sampled_distribution": [
            [
                "1110",
                2517
            ],
            [
                "1010",
                1032
            ],
            [
                "1100",
                1027
            ],
            [
                "0110",
                1003
            ],
            [
                "1111",
                1000
            ],
            [
                "0100",
                467
            ],
            [
                "0111",
                450
            ],
            [
                "0010",
                443
            ],
            [
                "1000",
                442
            ],
            [
                "1101",
                421
            ],
            [
                "1011",
                416
            ],
            [
                "0011",
                183
            ],
            [
                "0000",
                183
            ],
            [
                "1001",
                174
            ],
            [
                "0101",
                156
            ],
            [
                "0001",
                86
            ]
        ],
        "num_training_loops": 22,
        "final_training_cost": 0.0048828125,
        "optimal_params": [
            4.141557486462056,
            0.9990006185547416
        ]
    }
}