{
    "metadata": {
        "qaoaLayers": 3,
        "backend_name": "aer_simulator"
    },
    "result": {
        "instance_id": 1,
        "repitition_id": 34,
        "sampled_distribution": [
            [
                "0001",
                9958
            ],
            [
                "0000",
                14
            ],
            [
                "1001",
                12
            ],
            [
                "0101",
                8
            ],
            [
                "0011",
                7
            ],
            [
                "1000",
                1
            ]
        ],
        "num_training_loops": 54,
        "final_training_cost": -0.9951171875,
        "optimal_params": [
            4.186144342647159,
            3.13721776373235,
            2.0698478894154055,
            0.032136677297095004,
            1.1227644304708846,
            2.0325298710557185
        ]
    }
}