{
    "metadata": {
        "qaoaLayers": 20,
        "backend_name": "aer_simulator"
    },
    "result": {
        "instance_id": 1,
        "repitition_id": 99,
        "sampled_distribution": [
            [
                "1000",
                3341
            ],
            [
                "0111",
                1558
            ],
            [
                "1010",
                1063
            ],
            [
                "1110",
                1003
            ],
            [
                "1001",
                881
            ],
            [
                "1100",
                731
            ],
            [
                "0001",
                567
            ],
            [
                "0110",
                495
            ],
            [
                "1101",
                224
            ],
            [
                "0100",
                113
            ],
            [
                "1011",
                13
            ],
            [
                "0101",
                4
            ],
            [
                "0010",
                3
            ],
            [
                "0000",
                2
            ],
            [
                "1111",
                1
            ],
            [
                "0011",
                1
            ]
        ],
        "num_training_loops": 284,
        "final_training_cost": -0.97998046875,
        "optimal_params": [
            3.140803084019239,
            2.920596465043334,
            2.9226094203753448,
            3.4662318038141544,
            3.3704606104411985,
            2.3496406648208,
            2.189315377892441,
            2.032777010667757,
            1.875274329423557,
            1.717828372649303,
            1.560676598643043,
            1.4154068455174613,
            1.2393145122752012,
            1.0928638675906492,
            0.9394566976112444,
            0.7854455568905422,
            0.6256424334480932,
            0.27055514759110233,
            0.2737404280636343,
            0.2582345589171042,
            -0.1856566361158052,
            0.32878995818883455,
            1.415011122642895,
            0.47267666722385815,
            0.6281054070576743,
            0.7865035747148743,
            0.9417504743994523,
            2.1000819212240365,
            1.2814567268720864,
            1.4199056164891461,
            1.7461572352502834,
            1.550216086095205,
            1.8848554328462053,
            2.0418434466661783,
            2.199138407845663,
            2.3549225388739856,
            2.5146108385928687,
            2.669644370683895,
            2.826939692237247,
            2.9836307459701326
        ]
    }
}