{
    "metadata": {
        "qaoaLayers": 2,
        "backend_name": "aer_simulator"
    },
    "result": {
        "instance_id": 2,
        "repitition_id": 11,
        "sampled_distribution": [
            [
                "0001",
                5978
            ],
            [
                "0101",
                847
            ],
            [
                "0000",
                840
            ],
            [
                "0011",
                821
            ],
            [
                "1001",
                772
            ],
            [
                "1000",
                132
            ],
            [
                "0010",
                119
            ],
            [
                "1101",
                116
            ],
            [
                "0111",
                112
            ],
            [
                "1011",
                107
            ],
            [
                "0100",
                101
            ],
            [
                "1111",
                17
            ],
            [
                "1100",
                15
            ],
            [
                "1010",
                11
            ],
            [
                "0110",
                11
            ],
            [
                "1110",
                1
            ]
        ],
        "num_training_loops": 36,
        "final_training_cost": 0.064453125,
        "optimal_params": [
            2.8933049747095434,
            2.538867244205102,
            0.0019135859209883873,
            1.5717485850311985
        ]
    }
}