{
    "metadata": {
        "qaoaLayers": 3,
        "backend_name": "aer_simulator_from(fake_torino)"
    },
    "result": {
        "instance_id": 1,
        "repitition_id": 7,
        "sampled_distribution": [
            [
                "0001",
                8781
            ],
            [
                "1001",
                409
            ],
            [
                "0000",
                231
            ],
            [
                "0011",
                148
            ],
            [
                "0101",
                130
            ],
            [
                "1101",
                83
            ],
            [
                "0010",
                76
            ],
            [
                "1000",
                65
            ],
            [
                "1100",
                26
            ],
            [
                "1011",
                17
            ],
            [
                "0100",
                14
            ],
            [
                "1010",
                13
            ],
            [
                "1111",
                3
            ],
            [
                "1110",
                2
            ],
            [
                "0111",
                2
            ]
        ],
        "num_training_loops": 45,
        "final_training_cost": -0.88671875,
        "optimal_params": [
            4.208246406422238,
            3.0922170171038186,
            2.0527044971292847,
            0.03172214133173194,
            1.033606333021352,
            2.1103714391465807
        ]
    }
}