{
    "metadata": {
        "qaoaLayers": 1,
        "backend_name": "aer_simulator"
    },
    "result": {
        "instance_id": 2,
        "repitition_id": 29,
        "sampled_distribution": [
            [
                "1110",
                2413
            ],
            [
                "1111",
                1074
            ],
            [
                "1010",
                1044
            ],
            [
                "0110",
                1029
            ],
            [
                "1100",
                1017
            ],
            [
                "1011",
                466
            ],
            [
                "1000",
                456
            ],
            [
                "0111",
                446
            ],
            [
                "0010",
                440
            ],
            [
                "1101",
                437
            ],
            [
                "0100",
                422
            ],
            [
                "0011",
                180
            ],
            [
                "0000",
                177
            ],
            [
                "0101",
                169
            ],
            [
                "1001",
                161
            ],
            [
                "0001",
                69
            ]
        ],
        "num_training_loops": 25,
        "final_training_cost": 0.05322265625,
        "optimal_params": [
            2.1446433999884027,
            0.03199469192569011
        ]
    }
}