{
    "metadata": {
        "qaoaLayers": 3,
        "backend_name": "aer_simulator"
    },
    "result": {
        "instance_id": 1,
        "repitition_id": 33,
        "sampled_distribution": [
            [
                "0001",
                9900
            ],
            [
                "1001",
                31
            ],
            [
                "1100",
                14
            ],
            [
                "0010",
                13
            ],
            [
                "1101",
                12
            ],
            [
                "0011",
                12
            ],
            [
                "1010",
                11
            ],
            [
                "0101",
                5
            ],
            [
                "0000",
                2
            ]
        ],
        "num_training_loops": 67,
        "final_training_cost": -0.994140625,
        "optimal_params": [
            4.175114444171583,
            3.093749885489749,
            2.089738884643909,
            -0.009266760617200637,
            0.9888482397028322,
            2.133011987516317
        ]
    }
}