{
    "metadata": {
        "qaoaLayers": 20,
        "backend_name": "aer_simulator"
    },
    "result": {
        "instance_id": 2,
        "repitition_id": 7,
        "sampled_distribution": [
            [
                "0001",
                1569
            ],
            [
                "1100",
                1256
            ],
            [
                "1010",
                1255
            ],
            [
                "0110",
                1243
            ],
            [
                "1101",
                991
            ],
            [
                "0111",
                967
            ],
            [
                "1011",
                940
            ],
            [
                "1110",
                739
            ],
            [
                "1001",
                352
            ],
            [
                "0011",
                319
            ],
            [
                "0101",
                289
            ],
            [
                "1111",
                25
            ],
            [
                "0010",
                16
            ],
            [
                "0100",
                14
            ],
            [
                "0000",
                14
            ],
            [
                "1000",
                11
            ]
        ],
        "num_training_loops": 331,
        "final_training_cost": -0.890625,
        "optimal_params": [
            3.181419555128831,
            2.955431362517485,
            2.802762391644413,
            3.6865767392096123,
            2.536480848655862,
            2.3678989519948916,
            2.2308384946892894,
            2.052324903833439,
            2.807571646013179,
            1.654338634265887,
            1.5617618426529345,
            1.4177706053830383,
            1.3395323224964966,
            1.1561928884242911,
            0.8295727818432748,
            0.8229122892306074,
            0.7180286510888072,
            0.2549972364975732,
            0.3124475647120367,
            0.10357025129321479,
            0.9429406022641107,
            -0.10433021051080363,
            0.31468039344291915,
            0.40822925156460893,
            1.6268194206389581,
            0.8847369085150799,
            1.9888771061524388,
            1.1170490857729045,
            1.261806552476372,
            1.5825128844766665,
            1.3877790541789616,
            1.7492314592317197,
            1.8902461280508958,
            2.0553326561261525,
            3.2258667033884554,
            2.347956489065803,
            2.504689347969631,
            2.650624685817829,
            2.8081404909498286,
            2.9941158618194166
        ]
    }
}