{
    "metadata": {
        "qaoaLayers": 4,
        "backend_name": "aer_simulator"
    },
    "result": {
        "instance_id": 2,
        "repitition_id": 58,
        "sampled_distribution": [
            [
                "1110",
                1443
            ],
            [
                "0001",
                1306
            ],
            [
                "0000",
                708
            ],
            [
                "0011",
                634
            ],
            [
                "0101",
                585
            ],
            [
                "1010",
                577
            ],
            [
                "1100",
                573
            ],
            [
                "0110",
                559
            ],
            [
                "1001",
                536
            ],
            [
                "1000",
                488
            ],
            [
                "0100",
                481
            ],
            [
                "1111",
                470
            ],
            [
                "0010",
                459
            ],
            [
                "1011",
                415
            ],
            [
                "0111",
                405
            ],
            [
                "1101",
                361
            ]
        ],
        "num_training_loops": 54,
        "final_training_cost": -0.04345703125,
        "optimal_params": [
            4.150515496695832,
            2.358797050991141,
            1.554280754060625,
            0.793871098830741,
            -0.009995467116830373,
            0.7876765143098237,
            1.561910839098716,
            2.3372887545829264
        ]
    }
}