{
    "metadata": {
        "qaoaLayers": 3,
        "backend_name": "aer_simulator_from(fake_torino)"
    },
    "result": {
        "instance_id": 1,
        "repitition_id": 58,
        "sampled_distribution": [
            [
                "0001",
                8689
            ],
            [
                "1001",
                439
            ],
            [
                "0000",
                247
            ],
            [
                "0101",
                198
            ],
            [
                "0011",
                190
            ],
            [
                "1101",
                71
            ],
            [
                "1000",
                53
            ],
            [
                "0010",
                52
            ],
            [
                "1010",
                17
            ],
            [
                "1100",
                17
            ],
            [
                "1011",
                16
            ],
            [
                "0100",
                4
            ],
            [
                "0111",
                4
            ],
            [
                "1110",
                2
            ],
            [
                "0110",
                1
            ]
        ],
        "num_training_loops": 44,
        "final_training_cost": -0.8681640625,
        "optimal_params": [
            4.362588999015242,
            3.079990794519957,
            1.9679326516058906,
            1.075620590701183,
            1.045746023193302,
            2.0962063989711774
        ]
    }
}