{
    "metadata": {
        "qaoaLayers": 2,
        "backend_name": "aer_simulator"
    },
    "result": {
        "instance_id": 2,
        "repitition_id": 88,
        "sampled_distribution": [
            [
                "0001",
                5578
            ],
            [
                "1001",
                932
            ],
            [
                "0000",
                919
            ],
            [
                "0101",
                895
            ],
            [
                "0011",
                839
            ],
            [
                "1101",
                137
            ],
            [
                "0010",
                135
            ],
            [
                "0100",
                125
            ],
            [
                "0111",
                122
            ],
            [
                "1000",
                119
            ],
            [
                "1011",
                116
            ],
            [
                "1100",
                21
            ],
            [
                "1010",
                20
            ],
            [
                "0110",
                20
            ],
            [
                "1111",
                19
            ],
            [
                "1110",
                3
            ]
        ],
        "num_training_loops": 32,
        "final_training_cost": 0.04638671875,
        "optimal_params": [
            4.2794423052357535,
            1.511970584160679,
            0.19907731842261725,
            1.5574857958630701
        ]
    }
}