{
    "metadata": {
        "qaoaLayers": 4,
        "backend_name": "aer_simulator"
    },
    "result": {
        "instance_id": 2,
        "repitition_id": 67,
        "sampled_distribution": [
            [
                "0001",
                1817
            ],
            [
                "1110",
                1716
            ],
            [
                "0011",
                989
            ],
            [
                "1001",
                962
            ],
            [
                "0101",
                921
            ],
            [
                "1010",
                554
            ],
            [
                "0110",
                548
            ],
            [
                "1100",
                518
            ],
            [
                "0111",
                516
            ],
            [
                "1011",
                511
            ],
            [
                "1101",
                453
            ],
            [
                "0000",
                169
            ],
            [
                "0100",
                87
            ],
            [
                "1111",
                86
            ],
            [
                "1000",
                77
            ],
            [
                "0010",
                76
            ]
        ],
        "num_training_loops": 66,
        "final_training_cost": -0.74853515625,
        "optimal_params": [
            3.3116258049865688,
            2.535010364382577,
            2.7956541455548325,
            0.8509684015798349,
            0.993698090106892,
            0.6192400848647973,
            1.8467018960347603,
            2.139334944285395
        ]
    }
}