{
    "metadata": {
        "qaoaLayers": 4,
        "backend_name": "aer_simulator"
    },
    "result": {
        "instance_id": 1,
        "repitition_id": 88,
        "sampled_distribution": [
            [
                "0111",
                5736
            ],
            [
                "0101",
                1601
            ],
            [
                "0011",
                1354
            ],
            [
                "0110",
                550
            ],
            [
                "0001",
                358
            ],
            [
                "0010",
                148
            ],
            [
                "1110",
                76
            ],
            [
                "1011",
                71
            ],
            [
                "1100",
                31
            ],
            [
                "0100",
                26
            ],
            [
                "0000",
                14
            ],
            [
                "1001",
                12
            ],
            [
                "1010",
                11
            ],
            [
                "1111",
                9
            ],
            [
                "1101",
                2
            ],
            [
                "1000",
                1
            ]
        ],
        "num_training_loops": 59,
        "final_training_cost": -0.97998046875,
        "optimal_params": [
            4.3919962974471165,
            3.3116243789349964,
            0.9574185798303981,
            0.7512278104759146,
            1.0246066838913557,
            0.5721387873366165,
            1.001543385525177,
            1.6042138430066553
        ]
    }
}