{
    "metadata": {
        "qaoaLayers": 3,
        "backend_name": "aer_simulator"
    },
    "result": {
        "instance_id": 2,
        "repitition_id": 55,
        "sampled_distribution": [
            [
                "1110",
                2093
            ],
            [
                "0001",
                1429
            ],
            [
                "0011",
                1127
            ],
            [
                "0101",
                1109
            ],
            [
                "1001",
                1044
            ],
            [
                "1101",
                696
            ],
            [
                "1011",
                693
            ],
            [
                "0111",
                690
            ],
            [
                "0110",
                330
            ],
            [
                "1100",
                307
            ],
            [
                "1010",
                297
            ],
            [
                "1111",
                84
            ],
            [
                "0000",
                48
            ],
            [
                "0100",
                18
            ],
            [
                "1000",
                18
            ],
            [
                "0010",
                17
            ]
        ],
        "num_training_loops": 55,
        "final_training_cost": -0.83154296875,
        "optimal_params": [
            1.9132984802079687,
            2.0524802560670827,
            0.5849556927120413,
            1.0982612572896584,
            0.9444841203705359,
            2.747303944697295
        ]
    }
}