{
    "metadata": {
        "qaoaLayers": 3,
        "backend_name": "aer_simulator_from(fake_torino)"
    },
    "result": {
        "instance_id": 1,
        "repitition_id": 34,
        "sampled_distribution": [
            [
                "0001",
                8802
            ],
            [
                "1001",
                384
            ],
            [
                "0000",
                224
            ],
            [
                "0011",
                169
            ],
            [
                "0101",
                148
            ],
            [
                "1101",
                80
            ],
            [
                "0010",
                71
            ],
            [
                "1000",
                63
            ],
            [
                "1011",
                17
            ],
            [
                "1010",
                15
            ],
            [
                "1100",
                15
            ],
            [
                "0100",
                10
            ],
            [
                "0111",
                2
            ]
        ],
        "num_training_loops": 55,
        "final_training_cost": -0.85693359375,
        "optimal_params": [
            4.197374946191503,
            3.16668745932622,
            2.0483375743150103,
            0.03924038750822536,
            1.0493165752174411,
            2.0990422256594092
        ]
    }
}