{
    "metadata": {
        "qaoaLayers": 20,
        "backend_name": "aer_simulator"
    },
    "result": {
        "instance_id": 1,
        "repitition_id": 90,
        "sampled_distribution": [
            [
                "1000",
                2318
            ],
            [
                "1110",
                2041
            ],
            [
                "1010",
                1586
            ],
            [
                "1100",
                1196
            ],
            [
                "0101",
                668
            ],
            [
                "0011",
                506
            ],
            [
                "0110",
                421
            ],
            [
                "0111",
                414
            ],
            [
                "1001",
                283
            ],
            [
                "0100",
                181
            ],
            [
                "1101",
                148
            ],
            [
                "1011",
                114
            ],
            [
                "0001",
                72
            ],
            [
                "0010",
                47
            ],
            [
                "1111",
                4
            ],
            [
                "0000",
                1
            ]
        ],
        "num_training_loops": 263,
        "final_training_cost": -1.015625,
        "optimal_params": [
            3.142108038706042,
            2.9848178005677424,
            2.8267228574451795,
            3.497192524943707,
            3.3392885788907805,
            2.346801952585241,
            2.1897651351858607,
            2.0325781155865177,
            1.876007036001693,
            1.718119714127102,
            1.5617337733704577,
            1.501945546801937,
            1.4556270192972312,
            1.0597771378865064,
            0.9023202802776806,
            0.7451813622729128,
            0.5881294976577679,
            0.43185571377742316,
            0.2739312782654812,
            0.11690340325378663,
            -0.0399112731859838,
            0.11615550422364547,
            1.2749439517576806,
            0.4714332987447294,
            0.388949140407606,
            0.8773883240312176,
            0.9422156794940891,
            2.099671195701009,
            1.2832775257600841,
            1.412461007373867,
            1.5708566136632327,
            1.726995927648862,
            1.8840936499616323,
            2.0424831860804473,
            2.1981835272149617,
            2.3559956522672945,
            2.512428762664185,
            2.6692802789629138,
            2.8163226067746945,
            2.9805891066959718
        ]
    }
}