{
    "metadata": {
        "qaoaLayers": 4,
        "backend_name": "aer_simulator"
    },
    "result": {
        "instance_id": 1,
        "repitition_id": 11,
        "sampled_distribution": [
            [
                "0111",
                7339
            ],
            [
                "0110",
                1094
            ],
            [
                "0101",
                451
            ],
            [
                "1110",
                425
            ],
            [
                "0011",
                328
            ],
            [
                "1010",
                82
            ],
            [
                "1011",
                72
            ],
            [
                "0010",
                51
            ],
            [
                "1100",
                42
            ],
            [
                "0001",
                38
            ],
            [
                "1111",
                34
            ],
            [
                "0100",
                23
            ],
            [
                "1101",
                18
            ],
            [
                "1001",
                3
            ]
        ],
        "num_training_loops": 70,
        "final_training_cost": -0.966796875,
        "optimal_params": [
            4.100173656679724,
            4.008066773459809,
            0.869875246573245,
            0.40659971449841187,
            0.9831031835777971,
            0.22156524216190795,
            1.3548228297919735,
            1.7018401030570074
        ]
    }
}