{
    "metadata": {
        "qaoaLayers": 2,
        "backend_name": "aer_simulator_from(fake_torino)"
    },
    "result": {
        "instance_id": 1,
        "repitition_id": 1,
        "sampled_distribution": [
            [
                "1111",
                8371
            ],
            [
                "0111",
                436
            ],
            [
                "1011",
                421
            ],
            [
                "1101",
                273
            ],
            [
                "1110",
                241
            ],
            [
                "1001",
                74
            ],
            [
                "0011",
                69
            ],
            [
                "0110",
                45
            ],
            [
                "0101",
                40
            ],
            [
                "1010",
                10
            ],
            [
                "0001",
                6
            ],
            [
                "1100",
                6
            ],
            [
                "0010",
                5
            ],
            [
                "1000",
                2
            ],
            [
                "0000",
                1
            ]
        ],
        "num_training_loops": 35,
        "final_training_cost": -7.906982421875,
        "optimal_params": [
            4.809482586798071,
            1.603216152168975,
            0.029886319015026763,
            2.8703478719966578
        ]
    }
}