{
    "metadata": {
        "qaoaLayers": 20,
        "backend_name": "aer_simulator"
    },
    "result": {
        "instance_id": 1,
        "repitition_id": 34,
        "sampled_distribution": [
            [
                "0111",
                2377
            ],
            [
                "1100",
                2189
            ],
            [
                "1010",
                2187
            ],
            [
                "1111",
                914
            ],
            [
                "1110",
                682
            ],
            [
                "1001",
                639
            ],
            [
                "0110",
                522
            ],
            [
                "1000",
                130
            ],
            [
                "1101",
                118
            ],
            [
                "1011",
                115
            ],
            [
                "0001",
                69
            ],
            [
                "0100",
                19
            ],
            [
                "0010",
                19
            ],
            [
                "0011",
                8
            ],
            [
                "0000",
                6
            ],
            [
                "0101",
                6
            ]
        ],
        "num_training_loops": 310,
        "final_training_cost": -7.8837890625,
        "optimal_params": [
            4.521143399760776,
            4.074356739540588,
            3.8831071533379795,
            2.708384456439349,
            2.530110559526552,
            2.3601085344639845,
            3.18824668259142,
            2.0257618379659004,
            1.8606185894048048,
            1.75205676023909,
            1.5536386607378967,
            1.7364621224459227,
            1.2507641419650686,
            1.1146205116147856,
            0.9721565423804512,
            0.7921795996024564,
            0.6012520958179318,
            0.3247841847266487,
            0.4292867357751539,
            0.14574461110672662,
            0.9974007311944953,
            0.15037512938050063,
            0.3105980974791571,
            0.4604392370308011,
            0.6287225526820585,
            0.7789660189473518,
            0.9382200460791335,
            1.1028786654589098,
            1.2501843828287003,
            1.4200671952375494,
            1.5774254837746589,
            1.7246387612393994,
            1.8900057209492451,
            2.030109736892247,
            2.1968909382325577,
            3.348095291336812,
            2.52254454682076,
            2.663469717214715,
            3.8181327665434583,
            2.9965782691544307
        ]
    }
}