{
    "metadata": {
        "qaoaLayers": 2,
        "backend_name": "aer_simulator"
    },
    "result": {
        "instance_id": 2,
        "repitition_id": 30,
        "sampled_distribution": [
            [
                "1111",
                8609
            ],
            [
                "0111",
                356
            ],
            [
                "1110",
                336
            ],
            [
                "1101",
                332
            ],
            [
                "1011",
                330
            ],
            [
                "1010",
                9
            ],
            [
                "0011",
                6
            ],
            [
                "1001",
                6
            ],
            [
                "1100",
                5
            ],
            [
                "0101",
                5
            ],
            [
                "0110",
                5
            ],
            [
                "0001",
                1
            ]
        ],
        "num_training_loops": 39,
        "final_training_cost": -13.115234375,
        "optimal_params": [
            4.621048134710672,
            1.289774022322249,
            0.017638003599687493,
            1.62644464022411
        ]
    }
}