{
    "metadata": {
        "qaoaLayers": 3,
        "backend_name": "aer_simulator"
    },
    "result": {
        "instance_id": 2,
        "repitition_id": 57,
        "sampled_distribution": [
            [
                "1111",
                8513
            ],
            [
                "1101",
                364
            ],
            [
                "1110",
                344
            ],
            [
                "0111",
                343
            ],
            [
                "1011",
                323
            ],
            [
                "0011",
                24
            ],
            [
                "0110",
                18
            ],
            [
                "0101",
                17
            ],
            [
                "1010",
                17
            ],
            [
                "1001",
                14
            ],
            [
                "1100",
                12
            ],
            [
                "0000",
                6
            ],
            [
                "0100",
                2
            ],
            [
                "0001",
                2
            ],
            [
                "1000",
                1
            ]
        ],
        "num_training_loops": 52,
        "final_training_cost": -13.054443359375,
        "optimal_params": [
            4.423868483755964,
            3.113257251576704,
            1.11029437971219,
            0.9710267792099299,
            1.027967789809767,
            2.1021269146543573
        ]
    }
}