{
    "metadata": {
        "qaoaLayers": 2,
        "backend_name": "aer_simulator"
    },
    "result": {
        "instance_id": 1,
        "repitition_id": 12,
        "sampled_distribution": [
            [
                "1111",
                8294
            ],
            [
                "0111",
                537
            ],
            [
                "1011",
                514
            ],
            [
                "1101",
                490
            ],
            [
                "1110",
                74
            ],
            [
                "1001",
                34
            ],
            [
                "0110",
                16
            ],
            [
                "0101",
                15
            ],
            [
                "0011",
                14
            ],
            [
                "1100",
                6
            ],
            [
                "1010",
                5
            ],
            [
                "0001",
                1
            ]
        ],
        "num_training_loops": 38,
        "final_training_cost": -8.08203125,
        "optimal_params": [
            4.812810108692058,
            1.3831741905667247,
            0.002917709370526395,
            2.7503495422211355
        ]
    }
}