{
    "metadata": {
        "qaoaLayers": 3,
        "backend_name": "aer_simulator"
    },
    "result": {
        "instance_id": 2,
        "repitition_id": 92,
        "sampled_distribution": [
            [
                "1111",
                9179
            ],
            [
                "1101",
                188
            ],
            [
                "1011",
                186
            ],
            [
                "0111",
                181
            ],
            [
                "1110",
                181
            ],
            [
                "1100",
                20
            ],
            [
                "0011",
                15
            ],
            [
                "0110",
                13
            ],
            [
                "0101",
                13
            ],
            [
                "1010",
                13
            ],
            [
                "1001",
                4
            ],
            [
                "0001",
                3
            ],
            [
                "0010",
                2
            ],
            [
                "0100",
                2
            ]
        ],
        "num_training_loops": 50,
        "final_training_cost": -12.976806640625,
        "optimal_params": [
            4.158650787329948,
            3.1419764385785727,
            0.9882881928620353,
            0.966455037741037,
            1.045410466445363,
            2.1114552402485924
        ]
    }
}