{
    "metadata": {
        "qaoaLayers": 4,
        "backend_name": "aer_simulator"
    },
    "result": {
        "instance_id": 2,
        "repitition_id": 70,
        "sampled_distribution": [
            [
                "1111",
                6598
            ],
            [
                "1110",
                879
            ],
            [
                "0111",
                812
            ],
            [
                "1011",
                795
            ],
            [
                "1101",
                789
            ],
            [
                "0110",
                26
            ],
            [
                "0011",
                23
            ],
            [
                "1001",
                23
            ],
            [
                "1010",
                17
            ],
            [
                "0101",
                17
            ],
            [
                "1100",
                16
            ],
            [
                "0010",
                2
            ],
            [
                "1000",
                1
            ],
            [
                "0100",
                1
            ],
            [
                "0001",
                1
            ]
        ],
        "num_training_loops": 73,
        "final_training_cost": -13.214599609375,
        "optimal_params": [
            3.1513579340410076,
            3.359899250488508,
            1.5718721599295962,
            1.7533421012012482,
            -0.2515418353744123,
            0.5327910778633284,
            2.5685825737805503,
            2.3396545556253634
        ]
    }
}