{
    "metadata": {
        "qaoaLayers": 3,
        "backend_name": "aer_simulator"
    },
    "result": {
        "instance_id": 1,
        "repitition_id": 22,
        "sampled_distribution": [
            [
                "1111",
                7224
            ],
            [
                "1011",
                684
            ],
            [
                "1101",
                675
            ],
            [
                "1110",
                639
            ],
            [
                "0111",
                585
            ],
            [
                "1100",
                63
            ],
            [
                "1010",
                62
            ],
            [
                "0110",
                19
            ],
            [
                "1001",
                17
            ],
            [
                "0101",
                15
            ],
            [
                "0011",
                13
            ],
            [
                "1000",
                2
            ],
            [
                "0100",
                2
            ]
        ],
        "num_training_loops": 73,
        "final_training_cost": -8.224853515625,
        "optimal_params": [
            3.0021973602519854,
            1.606898349573084,
            1.4041425423578282,
            1.162125845345269,
            0.8934382390922916,
            1.9407198792658416
        ]
    }
}