{
    "metadata": {
        "qaoaLayers": 2,
        "backend_name": "aer_simulator"
    },
    "result": {
        "instance_id": 1,
        "repitition_id": 78,
        "sampled_distribution": [
            [
                "1111",
                8327
            ],
            [
                "1011",
                440
            ],
            [
                "0111",
                432
            ],
            [
                "1101",
                426
            ],
            [
                "1110",
                285
            ],
            [
                "1100",
                21
            ],
            [
                "0011",
                19
            ],
            [
                "1001",
                16
            ],
            [
                "1010",
                15
            ],
            [
                "0101",
                13
            ],
            [
                "0110",
                6
            ]
        ],
        "num_training_loops": 40,
        "final_training_cost": -8.086669921875,
        "optimal_params": [
            4.814060405406372,
            1.4477372949725111,
            0.0636151738843952,
            1.188399449715337
        ]
    }
}