{
    "metadata": {
        "qaoaLayers": 20,
        "backend_name": "aer_simulator"
    },
    "result": {
        "instance_id": 2,
        "repitition_id": 67,
        "sampled_distribution": [
            [
                "1110",
                2458
            ],
            [
                "1101",
                2417
            ],
            [
                "1011",
                2397
            ],
            [
                "0111",
                2336
            ],
            [
                "1111",
                320
            ],
            [
                "0110",
                11
            ],
            [
                "1100",
                10
            ],
            [
                "0011",
                9
            ],
            [
                "1001",
                8
            ],
            [
                "0010",
                6
            ],
            [
                "0100",
                6
            ],
            [
                "0000",
                6
            ],
            [
                "1000",
                5
            ],
            [
                "1010",
                5
            ],
            [
                "0101",
                4
            ],
            [
                "0001",
                2
            ]
        ],
        "num_training_loops": 330,
        "final_training_cost": -13.837890625,
        "optimal_params": [
            3.1444868270913964,
            2.966969884595911,
            2.833555108374131,
            3.6680090987735623,
            2.5444187304007015,
            2.3448375596537456,
            2.1975649195747575,
            2.0455042866632884,
            2.8853747417567925,
            2.729899954954096,
            1.5823721887645736,
            1.418628769625003,
            1.2574864361687457,
            1.1037492224547425,
            0.8820944401511108,
            0.788263383031023,
            0.6033795941102438,
            0.5169652925633137,
            0.3513523864433326,
            0.12385686253243626,
            0.008228659763718804,
            0.16343206263811313,
            1.3156435998206832,
            0.47182377627919747,
            0.6280251744522639,
            0.7805680706482001,
            0.9416287201435689,
            1.0968738241903142,
            1.2520897317693171,
            1.4091476497847,
            1.572273489708746,
            1.7267127704903222,
            1.88156796493527,
            2.0391148951651314,
            2.196418280611003,
            2.3513114249422364,
            2.513519950191114,
            2.66966724644228,
            2.843488248740687,
            3.96912407424346
        ]
    }
}