{
    "metadata": {
        "qaoaLayers": 2,
        "backend_name": "aer_simulator_from(fake_torino)"
    },
    "result": {
        "instance_id": 1,
        "repitition_id": 66,
        "sampled_distribution": [
            [
                "1111",
                8158
            ],
            [
                "1011",
                545
            ],
            [
                "0111",
                504
            ],
            [
                "1101",
                311
            ],
            [
                "1110",
                189
            ],
            [
                "1001",
                83
            ],
            [
                "0011",
                76
            ],
            [
                "0101",
                54
            ],
            [
                "0110",
                49
            ],
            [
                "1010",
                10
            ],
            [
                "1100",
                6
            ],
            [
                "0100",
                5
            ],
            [
                "0001",
                4
            ],
            [
                "0010",
                3
            ],
            [
                "0000",
                2
            ],
            [
                "1000",
                1
            ]
        ],
        "num_training_loops": 37,
        "final_training_cost": -7.953857421875,
        "optimal_params": [
            4.736310222898173,
            1.70333460933477,
            -0.15029610919658704,
            1.0614205350859116
        ]
    }
}