{
    "metadata": {
        "qaoaLayers": 3,
        "backend_name": "aer_simulator"
    },
    "result": {
        "instance_id": 1,
        "repitition_id": 48,
        "sampled_distribution": [
            [
                "1111",
                5561
            ],
            [
                "0111",
                1802
            ],
            [
                "1011",
                1113
            ],
            [
                "1101",
                999
            ],
            [
                "1110",
                358
            ],
            [
                "1010",
                50
            ],
            [
                "1100",
                38
            ],
            [
                "0011",
                34
            ],
            [
                "0101",
                24
            ],
            [
                "0110",
                14
            ],
            [
                "0001",
                4
            ],
            [
                "1001",
                2
            ],
            [
                "0100",
                1
            ]
        ],
        "num_training_loops": 58,
        "final_training_cost": -8.38916015625,
        "optimal_params": [
            3.252869258711482,
            1.2863503059813415,
            1.3888164275706145,
            0.9039300020311536,
            2.077469561940089,
            2.4192615474837518
        ]
    }
}