{
    "metadata": {
        "qaoaLayers": 1,
        "backend_name": "aer_simulator"
    },
    "result": {
        "instance_id": 2,
        "repitition_id": 84,
        "sampled_distribution": [
            [
                "1111",
                9418
            ],
            [
                "1101",
                152
            ],
            [
                "1011",
                149
            ],
            [
                "0111",
                140
            ],
            [
                "1110",
                130
            ],
            [
                "1100",
                3
            ],
            [
                "0101",
                3
            ],
            [
                "0011",
                2
            ],
            [
                "1010",
                1
            ],
            [
                "0110",
                1
            ],
            [
                "1001",
                1
            ]
        ],
        "num_training_loops": 23,
        "final_training_cost": -13.06103515625,
        "optimal_params": [
            3.017053542870181,
            -0.07205569856278939
        ]
    }
}