{
    "metadata": {
        "qaoaLayers": 20,
        "backend_name": "aer_simulator"
    },
    "result": {
        "instance_id": 2,
        "repitition_id": 89,
        "sampled_distribution": [
            [
                "1111",
                2225
            ],
            [
                "1101",
                1947
            ],
            [
                "1011",
                1895
            ],
            [
                "0111",
                1881
            ],
            [
                "1110",
                1861
            ],
            [
                "1001",
                29
            ],
            [
                "1100",
                28
            ],
            [
                "1010",
                28
            ],
            [
                "0011",
                25
            ],
            [
                "0110",
                25
            ],
            [
                "0101",
                21
            ],
            [
                "0000",
                20
            ],
            [
                "0010",
                8
            ],
            [
                "0100",
                4
            ],
            [
                "0001",
                2
            ],
            [
                "1000",
                1
            ]
        ],
        "num_training_loops": 343,
        "final_training_cost": -13.473388671875,
        "optimal_params": [
            3.141713024362083,
            3.0073603850337003,
            2.7989076386854372,
            3.636304441728099,
            2.5104679954249454,
            2.3317174060961556,
            2.2364996559102295,
            2.02095669628338,
            2.863843623320742,
            2.7690675110541965,
            1.5661303569146194,
            1.3931502215815403,
            1.2603832925505172,
            1.2142075042433893,
            0.9400112421369017,
            0.7510915933209288,
            0.5903145530260385,
            0.5174221604372872,
            0.35355918983099227,
            0.10572917321381503,
            0.0026964044825525555,
            0.13163789914833338,
            1.2880300479036118,
            0.4737092750372532,
            0.60589181097115,
            0.8138828834389351,
            0.9439240533510396,
            1.1069303296683604,
            1.260389645417295,
            1.4036869226815814,
            1.5799050714323448,
            1.732165844097884,
            1.8723832789169748,
            2.0412560876601207,
            2.198026580972303,
            2.356619049887438,
            2.51563910357438,
            2.6721470315326883,
            2.828781032483233,
            3.998327867954888
        ]
    }
}