{
    "metadata": {
        "qaoaLayers": 3,
        "backend_name": "aer_simulator"
    },
    "result": {
        "instance_id": 2,
        "repitition_id": 68,
        "sampled_distribution": [
            [
                "1111",
                7969
            ],
            [
                "1101",
                515
            ],
            [
                "1011",
                504
            ],
            [
                "1110",
                496
            ],
            [
                "0111",
                485
            ],
            [
                "0010",
                6
            ],
            [
                "0100",
                5
            ],
            [
                "1000",
                5
            ],
            [
                "0001",
                4
            ],
            [
                "0101",
                3
            ],
            [
                "1100",
                3
            ],
            [
                "0110",
                2
            ],
            [
                "0000",
                1
            ],
            [
                "1001",
                1
            ],
            [
                "0011",
                1
            ]
        ],
        "num_training_loops": 55,
        "final_training_cost": -13.173583984375,
        "optimal_params": [
            4.040338612424381,
            3.142941775243128,
            1.040829610972308,
            1.1508111841774975,
            1.0549707874250758,
            2.1073226178730464
        ]
    }
}