{
    "metadata": {
        "qaoaLayers": 2,
        "backend_name": "aer_simulator_from(fake_torino)"
    },
    "result": {
        "instance_id": 1,
        "repitition_id": 88,
        "sampled_distribution": [
            [
                "1111",
                7212
            ],
            [
                "0111",
                1065
            ],
            [
                "1011",
                690
            ],
            [
                "1101",
                554
            ],
            [
                "1110",
                164
            ],
            [
                "1001",
                82
            ],
            [
                "0011",
                79
            ],
            [
                "0110",
                67
            ],
            [
                "0101",
                45
            ],
            [
                "1010",
                18
            ],
            [
                "0001",
                10
            ],
            [
                "1100",
                8
            ],
            [
                "0100",
                4
            ],
            [
                "0010",
                1
            ],
            [
                "1000",
                1
            ]
        ],
        "num_training_loops": 36,
        "final_training_cost": -7.942626953125,
        "optimal_params": [
            4.9277119442735025,
            1.4707399221966848,
            0.08740304272235982,
            1.395740216286259
        ]
    }
}