{
    "metadata": {
        "qaoaLayers": 2,
        "backend_name": "aer_simulator"
    },
    "result": {
        "instance_id": 1,
        "repitition_id": 17,
        "sampled_distribution": [
            [
                "1111",
                7130
            ],
            [
                "0111",
                961
            ],
            [
                "1101",
                747
            ],
            [
                "1011",
                746
            ],
            [
                "1110",
                216
            ],
            [
                "0110",
                102
            ],
            [
                "1001",
                26
            ],
            [
                "1010",
                23
            ],
            [
                "1100",
                20
            ],
            [
                "0101",
                11
            ],
            [
                "0011",
                8
            ],
            [
                "0001",
                4
            ],
            [
                "0100",
                3
            ],
            [
                "1000",
                2
            ],
            [
                "0010",
                1
            ]
        ],
        "num_training_loops": 42,
        "final_training_cost": -8.129638671875,
        "optimal_params": [
            4.976053418814585,
            1.4544159104423653,
            0.8729489135809558,
            2.738292566819539
        ]
    }
}