{
    "metadata": {
        "qaoaLayers": 4,
        "backend_name": "aer_simulator"
    },
    "result": {
        "instance_id": 2,
        "repitition_id": 66,
        "sampled_distribution": [
            [
                "1111",
                6632
            ],
            [
                "1011",
                838
            ],
            [
                "0111",
                828
            ],
            [
                "1101",
                814
            ],
            [
                "1110",
                814
            ],
            [
                "1010",
                14
            ],
            [
                "0101",
                13
            ],
            [
                "0011",
                12
            ],
            [
                "1100",
                10
            ],
            [
                "0000",
                9
            ],
            [
                "1001",
                8
            ],
            [
                "0110",
                8
            ]
        ],
        "num_training_loops": 66,
        "final_training_cost": -13.2646484375,
        "optimal_params": [
            3.2772079354508588,
            3.316372082334785,
            1.7687613444769754,
            1.8435016931806334,
            -0.25509386453873895,
            0.8475615736471585,
            2.5830293958478543,
            2.3571380744149386
        ]
    }
}