{
    "metadata": {
        "qaoaLayers": 2,
        "backend_name": "aer_simulator_from(fake_torino)"
    },
    "result": {
        "instance_id": 1,
        "repitition_id": 8,
        "sampled_distribution": [
            [
                "1111",
                8689
            ],
            [
                "1011",
                382
            ],
            [
                "0111",
                356
            ],
            [
                "1101",
                220
            ],
            [
                "1110",
                125
            ],
            [
                "1001",
                71
            ],
            [
                "0011",
                70
            ],
            [
                "0101",
                38
            ],
            [
                "0110",
                38
            ],
            [
                "0001",
                4
            ],
            [
                "1010",
                3
            ],
            [
                "1100",
                3
            ],
            [
                "0100",
                1
            ]
        ],
        "num_training_loops": 39,
        "final_training_cost": -7.913330078125,
        "optimal_params": [
            4.716157582384066,
            1.5142186924255454,
            -0.5778079044844934,
            1.4855493464236753
        ]
    }
}