{
    "metadata": {
        "qaoaLayers": 20,
        "backend_name": "aer_simulator"
    },
    "result": {
        "instance_id": 2,
        "repitition_id": 65,
        "sampled_distribution": [
            [
                "1101",
                2422
            ],
            [
                "1011",
                2371
            ],
            [
                "0111",
                2338
            ],
            [
                "1110",
                2319
            ],
            [
                "1111",
                325
            ],
            [
                "0110",
                41
            ],
            [
                "0101",
                41
            ],
            [
                "1010",
                37
            ],
            [
                "0011",
                35
            ],
            [
                "1100",
                31
            ],
            [
                "1001",
                23
            ],
            [
                "0000",
                14
            ],
            [
                "1000",
                2
            ],
            [
                "0100",
                1
            ]
        ],
        "num_training_loops": 369,
        "final_training_cost": -13.726318359375,
        "optimal_params": [
            3.1638830229986494,
            2.8774119148759802,
            2.8758921463161236,
            3.6161346659586657,
            2.441749063465924,
            2.4157258823998475,
            2.239453650969579,
            2.0906027874396362,
            2.84339618414545,
            2.720523519098638,
            1.5493286161977224,
            1.5078141318145675,
            1.2436902428436605,
            1.0557371622442113,
            0.9012987850014297,
            0.7943666263805071,
            0.6455931540304968,
            0.44965079853606743,
            0.5446093465278271,
            0.05065273861408478,
            1.0158103554954685,
            0.18447144239354518,
            1.33158929688103,
            0.4693655698259464,
            0.6177576204828709,
            0.7989304232230331,
            0.9739280340108171,
            1.0805628732289247,
            1.2206997636811647,
            1.4109977986442686,
            1.564558745827997,
            1.7255360616231608,
            1.8681716707251734,
            2.061514641398192,
            2.244549152488242,
            2.352235369089415,
            2.5097563744413094,
            2.675698077108691,
            2.8506002078918575,
            4.04018498979104
        ]
    }
}