{
    "metadata": {
        "qaoaLayers": 4,
        "backend_name": "aer_simulator"
    },
    "result": {
        "instance_id": 1,
        "repitition_id": 55,
        "sampled_distribution": [
            [
                "1111",
                4937
            ],
            [
                "1101",
                1684
            ],
            [
                "1011",
                1623
            ],
            [
                "1110",
                684
            ],
            [
                "0111",
                305
            ],
            [
                "1100",
                225
            ],
            [
                "1001",
                206
            ],
            [
                "1010",
                198
            ],
            [
                "0110",
                47
            ],
            [
                "1000",
                24
            ],
            [
                "0001",
                17
            ],
            [
                "0010",
                14
            ],
            [
                "0101",
                14
            ],
            [
                "0100",
                12
            ],
            [
                "0011",
                10
            ]
        ],
        "num_training_loops": 71,
        "final_training_cost": -8.260498046875,
        "optimal_params": [
            4.425089043481308,
            1.5989656310567308,
            1.46702244794867,
            1.3759112361047658,
            0.9460217031508036,
            0.6138744712022155,
            1.6620946011733952,
            2.9082004935212784
        ]
    }
}