{
    "metadata": {
        "qaoaLayers": 4,
        "backend_name": "aer_simulator"
    },
    "result": {
        "instance_id": 1,
        "repitition_id": 91,
        "sampled_distribution": [
            [
                "1111",
                2368
            ],
            [
                "1011",
                1450
            ],
            [
                "1110",
                1449
            ],
            [
                "1101",
                1434
            ],
            [
                "1100",
                885
            ],
            [
                "1010",
                862
            ],
            [
                "1001",
                578
            ],
            [
                "1000",
                368
            ],
            [
                "0101",
                115
            ],
            [
                "0011",
                92
            ],
            [
                "0111",
                83
            ],
            [
                "0100",
                72
            ],
            [
                "0110",
                71
            ],
            [
                "0001",
                71
            ],
            [
                "0010",
                70
            ],
            [
                "0000",
                32
            ]
        ],
        "num_training_loops": 61,
        "final_training_cost": -7.2216796875,
        "optimal_params": [
            4.14307171429153,
            2.2820743374746963,
            1.5642264298642607,
            1.086368472278363,
            0.03940273020667483,
            0.6314791270257,
            1.5374799500475438,
            2.286725902314035
        ]
    }
}