{
    "metadata": {
        "qaoaLayers": 2,
        "backend_name": "aer_simulator"
    },
    "result": {
        "instance_id": 1,
        "repitition_id": 8,
        "sampled_distribution": [
            [
                "1111",
                8346
            ],
            [
                "1110",
                409
            ],
            [
                "1011",
                393
            ],
            [
                "1101",
                370
            ],
            [
                "0111",
                370
            ],
            [
                "0110",
                26
            ],
            [
                "1001",
                19
            ],
            [
                "1100",
                16
            ],
            [
                "1010",
                16
            ],
            [
                "0101",
                15
            ],
            [
                "0011",
                14
            ],
            [
                "0001",
                2
            ],
            [
                "1000",
                2
            ],
            [
                "0100",
                2
            ]
        ],
        "num_training_loops": 38,
        "final_training_cost": -8.097900390625,
        "optimal_params": [
            4.71860032345051,
            1.3549829809360703,
            -0.29891465458039307,
            1.0400824263185104
        ]
    }
}