{
    "metadata": {
        "qaoaLayers": 3,
        "backend_name": "aer_simulator"
    },
    "result": {
        "instance_id": 2,
        "repitition_id": 99,
        "sampled_distribution": [
            [
                "1111",
                8268
            ],
            [
                "1110",
                429
            ],
            [
                "1011",
                424
            ],
            [
                "1101",
                406
            ],
            [
                "0111",
                386
            ],
            [
                "1100",
                18
            ],
            [
                "0101",
                17
            ],
            [
                "1001",
                15
            ],
            [
                "1010",
                12
            ],
            [
                "0011",
                9
            ],
            [
                "0110",
                8
            ],
            [
                "1000",
                4
            ],
            [
                "0010",
                3
            ],
            [
                "0001",
                1
            ]
        ],
        "num_training_loops": 48,
        "final_training_cost": -13.063720703125,
        "optimal_params": [
            4.143518240197929,
            3.141697841376455,
            1.0550828027155519,
            1.006400522044782,
            1.0699181076826818,
            2.093745444791829
        ]
    }
}