{
    "metadata": {
        "qaoaLayers": 20,
        "backend_name": "aer_simulator"
    },
    "result": {
        "instance_id": 2,
        "repitition_id": 93,
        "sampled_distribution": [
            [
                "1101",
                2121
            ],
            [
                "0111",
                2098
            ],
            [
                "1110",
                2014
            ],
            [
                "1011",
                2002
            ],
            [
                "1111",
                1487
            ],
            [
                "1001",
                46
            ],
            [
                "0110",
                46
            ],
            [
                "0101",
                46
            ],
            [
                "1010",
                44
            ],
            [
                "1100",
                39
            ],
            [
                "0011",
                31
            ],
            [
                "0000",
                13
            ],
            [
                "0010",
                4
            ],
            [
                "0001",
                4
            ],
            [
                "0100",
                3
            ],
            [
                "1000",
                2
            ]
        ],
        "num_training_loops": 421,
        "final_training_cost": -13.5224609375,
        "optimal_params": [
            3.152895590981455,
            2.987416579401878,
            2.853579926776177,
            3.6503143792151933,
            2.5252965812989467,
            2.358529068760841,
            2.2166222963540387,
            2.0718366281371607,
            2.862279387016502,
            2.7342658985943973,
            1.5876587206849242,
            1.4161617958773196,
            1.281604833293347,
            1.1006975647682602,
            0.9267588799878864,
            0.79480423853494,
            0.6360715951961445,
            0.47093597871358206,
            0.5181501374295095,
            0.015286557518162823,
            0.9998693856210551,
            0.1617263517537143,
            1.3279911154213255,
            0.46136654100713254,
            0.6284295460223104,
            0.7882870718311912,
            0.9542186990065911,
            1.1011003992415318,
            1.255054232785702,
            1.4114925491857786,
            1.5701577707208865,
            1.735720166898706,
            1.8821734418729776,
            2.0391246390996924,
            2.2093555792901625,
            2.362584743787119,
            2.520959013874348,
            2.6727923697810594,
            2.8259728406130176,
            3.9830629758810634
        ]
    }
}