{
    "metadata": {
        "qaoaLayers": 3,
        "backend_name": "aer_simulator"
    },
    "result": {
        "instance_id": 2,
        "repitition_id": 41,
        "sampled_distribution": [
            [
                "1111",
                8477
            ],
            [
                "0111",
                377
            ],
            [
                "1110",
                368
            ],
            [
                "1101",
                363
            ],
            [
                "1011",
                352
            ],
            [
                "0001",
                9
            ],
            [
                "1001",
                9
            ],
            [
                "0000",
                8
            ],
            [
                "0101",
                8
            ],
            [
                "1010",
                7
            ],
            [
                "1000",
                6
            ],
            [
                "0011",
                5
            ],
            [
                "0010",
                5
            ],
            [
                "1100",
                3
            ],
            [
                "0100",
                2
            ],
            [
                "0110",
                1
            ]
        ],
        "num_training_loops": 45,
        "final_training_cost": -13.02392578125,
        "optimal_params": [
            4.419567287924359,
            3.0959344683503485,
            1.0581520686588317,
            0.016627713757844855,
            1.0525542950884068,
            2.090465494006478
        ]
    }
}