{
    "metadata": {
        "qaoaLayers": 2,
        "backend_name": "aer_simulator"
    },
    "result": {
        "instance_id": 1,
        "repitition_id": 49,
        "sampled_distribution": [
            [
                "1111",
                8057
            ],
            [
                "1110",
                808
            ],
            [
                "1101",
                373
            ],
            [
                "1011",
                371
            ],
            [
                "0111",
                240
            ],
            [
                "1100",
                46
            ],
            [
                "1010",
                38
            ],
            [
                "1001",
                31
            ],
            [
                "0110",
                28
            ],
            [
                "0010",
                3
            ],
            [
                "1000",
                3
            ],
            [
                "0011",
                2
            ]
        ],
        "num_training_loops": 35,
        "final_training_cost": -8.120361328125,
        "optimal_params": [
            4.807415610336284,
            1.3530845980315152,
            -0.003714175516305836,
            1.0593313640314899
        ]
    }
}