{
    "metadata": {
        "qaoaLayers": 4,
        "backend_name": "aer_simulator"
    },
    "result": {
        "instance_id": 2,
        "repitition_id": 12,
        "sampled_distribution": [
            [
                "1111",
                6490
            ],
            [
                "1011",
                892
            ],
            [
                "0111",
                853
            ],
            [
                "1101",
                821
            ],
            [
                "1110",
                811
            ],
            [
                "1100",
                23
            ],
            [
                "1001",
                21
            ],
            [
                "0110",
                21
            ],
            [
                "1010",
                19
            ],
            [
                "0011",
                19
            ],
            [
                "0101",
                19
            ],
            [
                "0010",
                4
            ],
            [
                "0001",
                4
            ],
            [
                "1000",
                2
            ],
            [
                "0100",
                1
            ]
        ],
        "num_training_loops": 64,
        "final_training_cost": -13.2001953125,
        "optimal_params": [
            3.1536536032062,
            3.3865533772140872,
            1.6035698016287494,
            1.7636967109341248,
            -0.0015227228043772775,
            0.7837250480488758,
            2.5618429876748268,
            2.342266306631278
        ]
    }
}