{
    "metadata": {
        "qaoaLayers": 3,
        "backend_name": "aer_simulator"
    },
    "result": {
        "instance_id": 2,
        "repitition_id": 16,
        "sampled_distribution": [
            [
                "1111",
                7992
            ],
            [
                "1110",
                489
            ],
            [
                "1101",
                487
            ],
            [
                "0111",
                455
            ],
            [
                "1011",
                452
            ],
            [
                "1100",
                28
            ],
            [
                "1001",
                25
            ],
            [
                "0110",
                25
            ],
            [
                "1010",
                17
            ],
            [
                "0101",
                15
            ],
            [
                "0011",
                11
            ],
            [
                "0010",
                2
            ],
            [
                "0000",
                1
            ],
            [
                "1000",
                1
            ]
        ],
        "num_training_loops": 53,
        "final_training_cost": -13.06982421875,
        "optimal_params": [
            4.472674789142527,
            3.1290881747230626,
            1.0905803173183282,
            1.132022644326017,
            1.0654061617682584,
            2.074266332934544
        ]
    }
}