{
    "metadata": {
        "qaoaLayers": 20,
        "backend_name": "aer_simulator"
    },
    "result": {
        "instance_id": 2,
        "repitition_id": 76,
        "sampled_distribution": [
            [
                "1110",
                2397
            ],
            [
                "1101",
                2384
            ],
            [
                "1011",
                2383
            ],
            [
                "0111",
                2378
            ],
            [
                "1111",
                432
            ],
            [
                "0000",
                8
            ],
            [
                "0001",
                6
            ],
            [
                "0100",
                4
            ],
            [
                "0101",
                3
            ],
            [
                "0010",
                2
            ],
            [
                "1000",
                2
            ],
            [
                "1100",
                1
            ]
        ],
        "num_training_loops": 353,
        "final_training_cost": -13.93310546875,
        "optimal_params": [
            3.1461073943359543,
            2.976938874652709,
            2.8280892584732324,
            3.7055286299814507,
            2.5318185351703857,
            2.354605083808332,
            2.229192791242793,
            2.031338295048751,
            2.88835313395126,
            2.704802621223511,
            1.574177212036321,
            1.4300778771500486,
            1.2741847756874585,
            1.114233232043493,
            0.8215386900886823,
            0.7930245694379933,
            0.6490461497425827,
            0.51078480264239,
            0.3381863842902016,
            0.193515983228223,
            -0.15242207090385465,
            1.3773012899504213,
            1.2778192806213406,
            0.5228981072062594,
            0.6286862365785792,
            0.7815138315584466,
            0.9396508780011742,
            1.0955294577494643,
            1.2573282136741526,
            1.411666838291562,
            1.564995986063224,
            1.725692644433187,
            1.8823396085688087,
            2.0418256540631714,
            2.193232325122147,
            2.3506597330889054,
            2.508839349641868,
            2.665300212438757,
            2.8231819306518258,
            3.9784984283916445
        ]
    }
}