{
    "metadata": {
        "qaoaLayers": 4,
        "backend_name": "aer_simulator"
    },
    "result": {
        "instance_id": 2,
        "repitition_id": 28,
        "sampled_distribution": [
            [
                "1111",
                5912
            ],
            [
                "1110",
                996
            ],
            [
                "1011",
                990
            ],
            [
                "1101",
                967
            ],
            [
                "0111",
                961
            ],
            [
                "0101",
                32
            ],
            [
                "1010",
                28
            ],
            [
                "1001",
                28
            ],
            [
                "0011",
                26
            ],
            [
                "1100",
                24
            ],
            [
                "0110",
                18
            ],
            [
                "0001",
                9
            ],
            [
                "0100",
                5
            ],
            [
                "0010",
                2
            ],
            [
                "1000",
                2
            ]
        ],
        "num_training_loops": 72,
        "final_training_cost": -13.138427734375,
        "optimal_params": [
            3.1796024899216655,
            3.4168922898792538,
            1.5985301058379169,
            1.7801727615802836,
            0.0008863802209288688,
            0.8058267186349094,
            2.592642196382738,
            2.3414224666594494
        ]
    }
}