{
    "metadata": {
        "qaoaLayers": 1,
        "backend_name": "aer_simulator"
    },
    "result": {
        "instance_id": 1,
        "repitition_id": 68,
        "sampled_distribution": [
            [
                "1111",
                7667
            ],
            [
                "1011",
                575
            ],
            [
                "1101",
                522
            ],
            [
                "1110",
                514
            ],
            [
                "0111",
                509
            ],
            [
                "0110",
                44
            ],
            [
                "0101",
                39
            ],
            [
                "1010",
                37
            ],
            [
                "0011",
                29
            ],
            [
                "1001",
                27
            ],
            [
                "1100",
                26
            ],
            [
                "1000",
                4
            ],
            [
                "0001",
                3
            ],
            [
                "0100",
                2
            ],
            [
                "0010",
                2
            ]
        ],
        "num_training_loops": 21,
        "final_training_cost": -8.08837890625,
        "optimal_params": [
            3.3977274654732064,
            0.12487051504291798
        ]
    }
}