{
    "metadata": {
        "qaoaLayers": 20,
        "backend_name": "aer_simulator"
    },
    "result": {
        "instance_id": 2,
        "repitition_id": 68,
        "sampled_distribution": [
            [
                "0111",
                2417
            ],
            [
                "1011",
                2416
            ],
            [
                "1101",
                2412
            ],
            [
                "1110",
                2411
            ],
            [
                "1111",
                139
            ],
            [
                "0011",
                36
            ],
            [
                "1010",
                35
            ],
            [
                "0101",
                30
            ],
            [
                "0110",
                28
            ],
            [
                "1100",
                28
            ],
            [
                "1001",
                26
            ],
            [
                "1000",
                8
            ],
            [
                "0100",
                5
            ],
            [
                "0000",
                3
            ],
            [
                "0001",
                3
            ],
            [
                "0010",
                3
            ]
        ],
        "num_training_loops": 279,
        "final_training_cost": -13.7236328125,
        "optimal_params": [
            3.144239466020387,
            2.9815168145893205,
            2.8267409306079823,
            2.682737093959918,
            2.51144632197541,
            2.3543741576906805,
            3.1984430807908177,
            2.041450214156193,
            1.8893543361669352,
            1.7348707997228208,
            2.5700097051761746,
            1.4147245730166618,
            1.310704996152514,
            2.0999359251960232,
            0.943394422878918,
            0.7913221617483807,
            0.6185494917900597,
            0.49708640367451895,
            0.29364135622844495,
            0.12763806323803673,
            1.0236924212654626,
            0.15279805813803873,
            0.31471817370928806,
            0.46924536621099017,
            0.6276634185733369,
            0.7850940439191794,
            0.9420093906829167,
            1.0988429995336875,
            1.2553873291548,
            1.4134882178078467,
            1.56963598130774,
            1.7257992903118564,
            1.8844368702666447,
            2.040729908337426,
            2.19952247801001,
            2.3550351784790875,
            2.5118456034076955,
            2.6690946499101234,
            2.8259710765590467,
            2.9851288075226297
        ]
    }
}