{
    "metadata": {
        "qaoaLayers": 3,
        "backend_name": "aer_simulator"
    },
    "result": {
        "instance_id": 2,
        "repitition_id": 4,
        "sampled_distribution": [
            [
                "1111",
                8662
            ],
            [
                "1101",
                327
            ],
            [
                "0111",
                314
            ],
            [
                "1011",
                300
            ],
            [
                "1110",
                293
            ],
            [
                "0110",
                17
            ],
            [
                "1001",
                15
            ],
            [
                "1100",
                14
            ],
            [
                "0000",
                13
            ],
            [
                "1010",
                13
            ],
            [
                "0101",
                11
            ],
            [
                "0011",
                10
            ],
            [
                "1000",
                4
            ],
            [
                "0100",
                3
            ],
            [
                "0001",
                2
            ],
            [
                "0010",
                2
            ]
        ],
        "num_training_loops": 49,
        "final_training_cost": -12.9228515625,
        "optimal_params": [
            4.397542901015304,
            3.099070351873027,
            1.1113073070820472,
            1.1235623935915628,
            1.0301803064048158,
            2.0983708380823254
        ]
    }
}