{
    "metadata": {
        "qaoaLayers": 3,
        "backend_name": "aer_simulator_from(fake_torino)"
    },
    "result": {
        "instance_id": 1,
        "repitition_id": 5,
        "sampled_distribution": [
            [
                "1111",
                3266
            ],
            [
                "1011",
                1748
            ],
            [
                "1101",
                1728
            ],
            [
                "0111",
                1678
            ],
            [
                "1110",
                462
            ],
            [
                "1001",
                226
            ],
            [
                "1010",
                188
            ],
            [
                "0011",
                173
            ],
            [
                "1100",
                149
            ],
            [
                "0110",
                137
            ],
            [
                "0101",
                127
            ],
            [
                "0001",
                56
            ],
            [
                "0010",
                25
            ],
            [
                "1000",
                20
            ],
            [
                "0100",
                12
            ],
            [
                "0000",
                5
            ]
        ],
        "num_training_loops": 47,
        "final_training_cost": -7.82568359375,
        "optimal_params": [
            3.4364966253345615,
            1.7622174563056925,
            1.4149138051601597,
            0.022494182088496018,
            1.053999562135544,
            2.0644351888971118
        ]
    }
}