{
    "metadata": {
        "qaoaLayers": 3,
        "backend_name": "aer_simulator_from(fake_torino)"
    },
    "result": {
        "instance_id": 1,
        "repitition_id": 43,
        "sampled_distribution": [
            [
                "1111",
                4265
            ],
            [
                "0111",
                1775
            ],
            [
                "1011",
                1455
            ],
            [
                "1101",
                1228
            ],
            [
                "1110",
                470
            ],
            [
                "0011",
                177
            ],
            [
                "1001",
                150
            ],
            [
                "1010",
                124
            ],
            [
                "1100",
                109
            ],
            [
                "0101",
                97
            ],
            [
                "0110",
                88
            ],
            [
                "0001",
                26
            ],
            [
                "0100",
                13
            ],
            [
                "1000",
                10
            ],
            [
                "0010",
                9
            ],
            [
                "0000",
                4
            ]
        ],
        "num_training_loops": 65,
        "final_training_cost": -8.01025390625,
        "optimal_params": [
            3.365920576473538,
            1.4379096440592634,
            1.4098726485996902,
            0.27146496461121167,
            2.2332511652448597,
            2.3999379998050756
        ]
    }
}