{
    "metadata": {
        "qaoaLayers": 20,
        "backend_name": "aer_simulator"
    },
    "result": {
        "instance_id": 2,
        "repitition_id": 21,
        "sampled_distribution": [
            [
                "1101",
                2539
            ],
            [
                "1110",
                2488
            ],
            [
                "1011",
                2402
            ],
            [
                "0111",
                2343
            ],
            [
                "1111",
                73
            ],
            [
                "1010",
                22
            ],
            [
                "1001",
                21
            ],
            [
                "0011",
                20
            ],
            [
                "0110",
                18
            ],
            [
                "1100",
                15
            ],
            [
                "0101",
                14
            ],
            [
                "0010",
                14
            ],
            [
                "0001",
                10
            ],
            [
                "1000",
                8
            ],
            [
                "0100",
                8
            ],
            [
                "0000",
                5
            ]
        ],
        "num_training_loops": 288,
        "final_training_cost": -13.78076171875,
        "optimal_params": [
            3.078252313269011,
            2.9929448056052883,
            2.842522711417955,
            3.6678959291937296,
            2.5330471099357,
            2.359098805302531,
            2.2197167940569917,
            2.033983451519945,
            2.892486641366319,
            2.729702308955831,
            1.5609690374400054,
            1.4131826853679839,
            1.277770259985595,
            1.1044472739992561,
            0.9450883163984021,
            0.7790347384670971,
            0.6243941462390805,
            0.46456183618225605,
            0.3266636054345921,
            0.15158928912611244,
            1.008146958093426,
            0.1569733222291981,
            1.3111951371768908,
            0.48420552215230694,
            0.6287141361921003,
            0.7887085870812753,
            0.9486874012817723,
            1.1006618300936633,
            1.255395590521715,
            1.4132969736586547,
            1.587437442527478,
            1.745991238672607,
            1.8881431689971777,
            2.0280309461390806,
            2.1949799014390337,
            2.347050495588344,
            2.51167081055564,
            2.6636043733805685,
            2.820221160413615,
            4.00621556282912
        ]
    }
}