{
    "metadata": {
        "qaoaLayers": 2,
        "backend_name": "aer_simulator"
    },
    "result": {
        "instance_id": 1,
        "repitition_id": 55,
        "sampled_distribution": [
            [
                "1111",
                6252
            ],
            [
                "0111",
                1288
            ],
            [
                "1101",
                1116
            ],
            [
                "1011",
                1102
            ],
            [
                "0110",
                68
            ],
            [
                "1110",
                58
            ],
            [
                "0011",
                38
            ],
            [
                "0101",
                38
            ],
            [
                "1010",
                14
            ],
            [
                "1001",
                14
            ],
            [
                "1100",
                5
            ],
            [
                "0001",
                5
            ],
            [
                "0000",
                2
            ]
        ],
        "num_training_loops": 44,
        "final_training_cost": -8.162109375,
        "optimal_params": [
            4.448365850324789,
            1.3958751661925919,
            -0.23391658856443612,
            1.0518882062682189
        ]
    }
}