{
    "metadata": {
        "qaoaLayers": 4,
        "backend_name": "aer_simulator"
    },
    "result": {
        "instance_id": 1,
        "repitition_id": 3,
        "sampled_distribution": [
            [
                "1111",
                2743
            ],
            [
                "1110",
                1599
            ],
            [
                "1101",
                1524
            ],
            [
                "1011",
                1428
            ],
            [
                "1100",
                877
            ],
            [
                "1010",
                853
            ],
            [
                "1001",
                432
            ],
            [
                "1000",
                230
            ],
            [
                "0111",
                128
            ],
            [
                "0110",
                57
            ],
            [
                "0011",
                38
            ],
            [
                "0101",
                37
            ],
            [
                "0000",
                26
            ],
            [
                "0010",
                14
            ],
            [
                "0100",
                10
            ],
            [
                "0001",
                4
            ]
        ],
        "num_training_loops": 60,
        "final_training_cost": -8.022216796875,
        "optimal_params": [
            4.204570749169161,
            2.2865506718369875,
            1.669870504450747,
            1.1045822462010089,
            -0.11499208750260159,
            0.6830161719319607,
            1.450876893398512,
            2.363349419851776
        ]
    }
}