{
    "metadata": {
        "qaoaLayers": 2,
        "backend_name": "aer_simulator"
    },
    "result": {
        "instance_id": 2,
        "repitition_id": 1,
        "sampled_distribution": [
            [
                "1111",
                8448
            ],
            [
                "1101",
                399
            ],
            [
                "1011",
                388
            ],
            [
                "0111",
                370
            ],
            [
                "1110",
                368
            ],
            [
                "0011",
                9
            ],
            [
                "1100",
                5
            ],
            [
                "0110",
                5
            ],
            [
                "0101",
                4
            ],
            [
                "1001",
                2
            ],
            [
                "1010",
                2
            ]
        ],
        "num_training_loops": 38,
        "final_training_cost": -13.127197265625,
        "optimal_params": [
            4.570869803164655,
            1.691405829921328,
            1.1020211674700338,
            1.3608836866828968
        ]
    }
}