{
    "metadata": {
        "qaoaLayers": 3,
        "backend_name": "aer_simulator_from(fake_torino)"
    },
    "result": {
        "instance_id": 1,
        "repitition_id": 29,
        "sampled_distribution": [
            [
                "1111",
                6238
            ],
            [
                "1011",
                1049
            ],
            [
                "0111",
                1033
            ],
            [
                "1101",
                976
            ],
            [
                "1110",
                152
            ],
            [
                "1001",
                145
            ],
            [
                "0011",
                143
            ],
            [
                "0101",
                97
            ],
            [
                "0110",
                84
            ],
            [
                "1010",
                30
            ],
            [
                "1100",
                20
            ],
            [
                "0001",
                15
            ],
            [
                "0010",
                8
            ],
            [
                "0100",
                5
            ],
            [
                "1000",
                3
            ],
            [
                "0000",
                2
            ]
        ],
        "num_training_loops": 54,
        "final_training_cost": -7.9091796875,
        "optimal_params": [
            3.2306120587460225,
            1.7195574165790533,
            1.4257125710643284,
            -0.15549677460900507,
            1.1663339384786575,
            2.0835160699196575
        ]
    }
}