{
    "metadata": {
        "qaoaLayers": 4,
        "backend_name": "aer_simulator"
    },
    "result": {
        "instance_id": 1,
        "repitition_id": 53,
        "sampled_distribution": [
            [
                "1111",
                3204
            ],
            [
                "0111",
                2524
            ],
            [
                "1011",
                1619
            ],
            [
                "1101",
                1604
            ],
            [
                "1110",
                523
            ],
            [
                "1100",
                192
            ],
            [
                "1010",
                168
            ],
            [
                "0110",
                44
            ],
            [
                "0011",
                35
            ],
            [
                "0001",
                33
            ],
            [
                "0101",
                18
            ],
            [
                "0100",
                15
            ],
            [
                "0010",
                12
            ],
            [
                "1001",
                9
            ]
        ],
        "num_training_loops": 65,
        "final_training_cost": -8.4951171875,
        "optimal_params": [
            4.482074468812645,
            1.9207161327974396,
            1.483380584053106,
            1.4875440224682555,
            1.2587785911709493,
            0.5737542039828339,
            1.3712063983863585,
            2.6536204240092465
        ]
    }
}