{
    "metadata": {
        "qaoaLayers": 3,
        "backend_name": "aer_simulator"
    },
    "result": {
        "instance_id": 2,
        "repitition_id": 87,
        "sampled_distribution": [
            [
                "1111",
                8397
            ],
            [
                "1011",
                388
            ],
            [
                "1110",
                380
            ],
            [
                "1101",
                380
            ],
            [
                "0111",
                347
            ],
            [
                "1100",
                17
            ],
            [
                "0101",
                14
            ],
            [
                "1001",
                12
            ],
            [
                "0110",
                10
            ],
            [
                "0010",
                10
            ],
            [
                "0000",
                9
            ],
            [
                "0100",
                9
            ],
            [
                "0011",
                9
            ],
            [
                "1010",
                7
            ],
            [
                "1000",
                6
            ],
            [
                "0001",
                5
            ]
        ],
        "num_training_loops": 51,
        "final_training_cost": -12.97998046875,
        "optimal_params": [
            4.422803208569208,
            3.0967741589181363,
            1.0573788772873909,
            0.0012544371146507142,
            1.052797655115276,
            2.09352661447831
        ]
    }
}