{
    "metadata": {
        "qaoaLayers": 20,
        "backend_name": "aer_simulator"
    },
    "result": {
        "instance_id": 1,
        "repitition_id": 15,
        "sampled_distribution": [
            [
                "0111",
                2626
            ],
            [
                "1100",
                2044
            ],
            [
                "1010",
                2019
            ],
            [
                "1110",
                1523
            ],
            [
                "1111",
                605
            ],
            [
                "1001",
                557
            ],
            [
                "0110",
                304
            ],
            [
                "1011",
                99
            ],
            [
                "1101",
                84
            ],
            [
                "0001",
                44
            ],
            [
                "0011",
                37
            ],
            [
                "0101",
                28
            ],
            [
                "1000",
                17
            ],
            [
                "0010",
                7
            ],
            [
                "0000",
                4
            ],
            [
                "0100",
                2
            ]
        ],
        "num_training_loops": 304,
        "final_training_cost": -8.31396484375,
        "optimal_params": [
            4.440054411202526,
            3.9904420198677952,
            3.8176574969185664,
            2.65650117583458,
            2.5100685424922764,
            2.34736176348413,
            3.2318720764539,
            2.037239589321717,
            1.8750292524412888,
            1.7385692345354227,
            1.5784455964061535,
            1.6279677466409015,
            1.2455313818625458,
            1.0999364711995727,
            0.9368474383972667,
            0.7953904706963691,
            0.6576591311527793,
            0.3210163679131602,
            0.4791958861669498,
            0.16025566748401635,
            1.0034836672437675,
            0.15098868582790906,
            0.31331098053676154,
            0.46599497365767206,
            0.6306982172268151,
            0.7913808176136876,
            0.944892987125681,
            1.0910105931734764,
            1.2638727786678066,
            1.4236841916935126,
            1.5576857498705636,
            1.7431020128246624,
            1.9132219713957062,
            2.0164990953499067,
            2.2078173971168926,
            3.350827579051488,
            2.5048889025467562,
            2.662645276325771,
            3.829370816925474,
            2.9994244511165165
        ]
    }
}