{
    "metadata": {
        "qaoaLayers": 2,
        "backend_name": "aer_simulator_from(fake_torino)"
    },
    "result": {
        "instance_id": 1,
        "repitition_id": 6,
        "sampled_distribution": [
            [
                "1111",
                7503
            ],
            [
                "1011",
                852
            ],
            [
                "1101",
                817
            ],
            [
                "0111",
                360
            ],
            [
                "1110",
                116
            ],
            [
                "1001",
                104
            ],
            [
                "0101",
                77
            ],
            [
                "0011",
                76
            ],
            [
                "0110",
                49
            ],
            [
                "1100",
                16
            ],
            [
                "1010",
                15
            ],
            [
                "0001",
                10
            ],
            [
                "0100",
                3
            ],
            [
                "0010",
                2
            ]
        ],
        "num_training_loops": 40,
        "final_training_cost": -7.889892578125,
        "optimal_params": [
            4.609957955221819,
            1.7417726440546188,
            -0.2109665282075519,
            2.8088191777477407
        ]
    }
}