{
    "metadata": {
        "qaoaLayers": 20,
        "backend_name": "aer_simulator"
    },
    "result": {
        "instance_id": 1,
        "repitition_id": 22,
        "sampled_distribution": [
            [
                "1011",
                1894
            ],
            [
                "1101",
                1860
            ],
            [
                "1010",
                1750
            ],
            [
                "1100",
                1713
            ],
            [
                "1110",
                1089
            ],
            [
                "1111",
                711
            ],
            [
                "0111",
                688
            ],
            [
                "0110",
                63
            ],
            [
                "0001",
                53
            ],
            [
                "0011",
                37
            ],
            [
                "0101",
                35
            ],
            [
                "1000",
                33
            ],
            [
                "1001",
                30
            ],
            [
                "0000",
                23
            ],
            [
                "0010",
                12
            ],
            [
                "0100",
                9
            ]
        ],
        "num_training_loops": 288,
        "final_training_cost": -8.7080078125,
        "optimal_params": [
            4.140974896668804,
            3.914351165456352,
            3.79942980838343,
            2.651074740600632,
            2.4796340698746846,
            2.3622589841248134,
            3.2107742384845004,
            2.013606768165238,
            1.8492514120990873,
            1.6693298981380156,
            1.527882733356545,
            1.3996723715366794,
            1.2473685525443299,
            1.1986545763919354,
            0.6625406709388042,
            0.8399673064288724,
            0.6089474651051168,
            0.4900758040852979,
            0.332276081371674,
            0.2457356099038856,
            0.024885808993038497,
            0.1636740486999215,
            0.3389702666387648,
            0.48870389695959343,
            0.5739958888582684,
            0.8535557417971971,
            0.962773980185888,
            1.116504348959629,
            1.2422563835949791,
            1.4235016646442202,
            1.5786863010643308,
            1.7471325213936033,
            1.9048359459942739,
            2.0477966124606595,
            2.2206795350724398,
            3.3643632469131144,
            2.52151459036396,
            2.668639103541703,
            3.8416928226641875,
            2.9903211836673353
        ]
    }
}