{
    "metadata": {
        "qaoaLayers": 1,
        "backend_name": "aer_simulator"
    },
    "result": {
        "instance_id": 2,
        "repitition_id": 6,
        "sampled_distribution": [
            [
                "1111",
                8643
            ],
            [
                "1101",
                330
            ],
            [
                "0111",
                323
            ],
            [
                "1110",
                320
            ],
            [
                "1011",
                317
            ],
            [
                "0110",
                14
            ],
            [
                "1100",
                12
            ],
            [
                "0011",
                11
            ],
            [
                "0101",
                11
            ],
            [
                "1001",
                11
            ],
            [
                "1010",
                6
            ],
            [
                "0010",
                1
            ],
            [
                "1000",
                1
            ]
        ],
        "num_training_loops": 21,
        "final_training_cost": -13.056640625,
        "optimal_params": [
            3.3299178188275422,
            -0.014790275269163452
        ]
    }
}