{
    "metadata": {
        "qaoaLayers": 1,
        "backend_name": "aer_simulator"
    },
    "result": {
        "instance_id": 1,
        "repitition_id": 66,
        "sampled_distribution": [
            [
                "1111",
                8708
            ],
            [
                "0111",
                320
            ],
            [
                "1011",
                304
            ],
            [
                "1110",
                298
            ],
            [
                "1101",
                291
            ],
            [
                "1100",
                20
            ],
            [
                "0011",
                13
            ],
            [
                "1001",
                12
            ],
            [
                "0101",
                11
            ],
            [
                "1010",
                11
            ],
            [
                "0110",
                10
            ],
            [
                "0010",
                1
            ],
            [
                "0001",
                1
            ]
        ],
        "num_training_loops": 21,
        "final_training_cost": -8.07470703125,
        "optimal_params": [
            3.330075674964349,
            -0.0009479987955815925
        ]
    }
}