{
    "metadata": {
        "qaoaLayers": 1,
        "backend_name": "aer_simulator"
    },
    "result": {
        "instance_id": 1,
        "repitition_id": 43,
        "sampled_distribution": [
            [
                "1111",
                8438
            ],
            [
                "0111",
                378
            ],
            [
                "1101",
                372
            ],
            [
                "1011",
                372
            ],
            [
                "1110",
                350
            ],
            [
                "1010",
                20
            ],
            [
                "1100",
                16
            ],
            [
                "0011",
                15
            ],
            [
                "0110",
                14
            ],
            [
                "1001",
                13
            ],
            [
                "0101",
                9
            ],
            [
                "0010",
                3
            ]
        ],
        "num_training_loops": 24,
        "final_training_cost": -8.086669921875,
        "optimal_params": [
            3.3460163503814364,
            -0.015106577641792242
        ]
    }
}