{
    "metadata": {
        "qaoaLayers": 3,
        "backend_name": "aer_simulator"
    },
    "result": {
        "instance_id": 1,
        "repitition_id": 42,
        "sampled_distribution": [
            [
                "1111",
                4601
            ],
            [
                "0111",
                1755
            ],
            [
                "1011",
                1481
            ],
            [
                "1101",
                1471
            ],
            [
                "1110",
                350
            ],
            [
                "0110",
                117
            ],
            [
                "1010",
                75
            ],
            [
                "1100",
                73
            ],
            [
                "1001",
                28
            ],
            [
                "0101",
                19
            ],
            [
                "0011",
                17
            ],
            [
                "0001",
                5
            ],
            [
                "0100",
                3
            ],
            [
                "1000",
                2
            ],
            [
                "0000",
                2
            ],
            [
                "0010",
                1
            ]
        ],
        "num_training_loops": 62,
        "final_training_cost": -8.399169921875,
        "optimal_params": [
            3.3316823648810576,
            1.8212262656249139,
            1.4190690718557133,
            -0.11005685683478296,
            1.0387594888064358,
            2.0578359901691528
        ]
    }
}