{
    "metadata": {
        "qaoaLayers": 4,
        "backend_name": "aer_simulator"
    },
    "result": {
        "instance_id": 1,
        "repitition_id": 12,
        "sampled_distribution": [
            [
                "1111",
                2894
            ],
            [
                "1110",
                1677
            ],
            [
                "1011",
                1478
            ],
            [
                "1101",
                1456
            ],
            [
                "1100",
                785
            ],
            [
                "1010",
                780
            ],
            [
                "1001",
                404
            ],
            [
                "1000",
                240
            ],
            [
                "0111",
                88
            ],
            [
                "0011",
                46
            ],
            [
                "0101",
                36
            ],
            [
                "0000",
                31
            ],
            [
                "0110",
                28
            ],
            [
                "0100",
                24
            ],
            [
                "0010",
                22
            ],
            [
                "0001",
                11
            ]
        ],
        "num_training_loops": 72,
        "final_training_cost": -8.04443359375,
        "optimal_params": [
            4.2031446072662515,
            2.287000109862875,
            1.6677359060215489,
            1.1022993282453561,
            0.05584929908838039,
            0.6834699618393002,
            1.4494375106965782,
            2.358454103137377
        ]
    }
}