{
    "metadata": {
        "qaoaLayers": 20,
        "backend_name": "aer_simulator"
    },
    "result": {
        "instance_id": 2,
        "repitition_id": 72,
        "sampled_distribution": [
            [
                "0111",
                2567
            ],
            [
                "1101",
                2524
            ],
            [
                "1110",
                2451
            ],
            [
                "1011",
                2433
            ],
            [
                "1111",
                14
            ],
            [
                "1000",
                2
            ],
            [
                "0000",
                2
            ],
            [
                "0101",
                2
            ],
            [
                "1010",
                1
            ],
            [
                "0001",
                1
            ],
            [
                "1001",
                1
            ],
            [
                "1100",
                1
            ],
            [
                "0110",
                1
            ]
        ],
        "num_training_loops": 348,
        "final_training_cost": -13.970947265625,
        "optimal_params": [
            3.142438233172983,
            2.9169420896426557,
            2.8369569967021238,
            3.7855608719711524,
            2.4640664038538955,
            2.421328953201218,
            2.169199060606744,
            2.0463246591393025,
            2.887818813830903,
            2.7673129912347707,
            1.6382593993118544,
            1.4154110620146818,
            1.2739091148218693,
            1.0880173326121039,
            0.9248085664200018,
            0.803677742110349,
            0.6411874079902354,
            0.4542841710902388,
            0.487809206105188,
            0.03131938723721626,
            0.9634519259751082,
            0.14984739412977233,
            1.33939191685974,
            0.48294862028865154,
            0.6179541619735289,
            0.7841683197711572,
            0.952309485453435,
            1.1022596367551507,
            1.2587665780074413,
            1.3983597648500303,
            1.5722734685966189,
            1.7293093878293666,
            1.872886448379487,
            2.0446213073894155,
            2.204695023774224,
            2.3498035673982143,
            2.531484685995853,
            2.6532943186052185,
            2.826867917444335,
            3.998305058116923
        ]
    }
}