{
    "metadata": {
        "qaoaLayers": 4,
        "backend_name": "aer_simulator"
    },
    "result": {
        "instance_id": 1,
        "repitition_id": 9,
        "sampled_distribution": [
            [
                "1111",
                5748
            ],
            [
                "1101",
                1237
            ],
            [
                "1011",
                1167
            ],
            [
                "1110",
                744
            ],
            [
                "0111",
                738
            ],
            [
                "1100",
                117
            ],
            [
                "1010",
                108
            ],
            [
                "1001",
                56
            ],
            [
                "0101",
                32
            ],
            [
                "0011",
                28
            ],
            [
                "0100",
                8
            ],
            [
                "0110",
                7
            ],
            [
                "1000",
                4
            ],
            [
                "0001",
                3
            ],
            [
                "0010",
                3
            ]
        ],
        "num_training_loops": 72,
        "final_training_cost": -8.33740234375,
        "optimal_params": [
            4.259835009380983,
            2.0136606913333543,
            1.408784859299595,
            1.2432554064995216,
            1.1277314489232928,
            0.6778477366204335,
            1.4333008502220401,
            2.5723294567350394
        ]
    }
}