{
    "metadata": {
        "qaoaLayers": 3,
        "backend_name": "aer_simulator"
    },
    "result": {
        "instance_id": 2,
        "repitition_id": 11,
        "sampled_distribution": [
            [
                "1111",
                8497
            ],
            [
                "0111",
                358
            ],
            [
                "1011",
                353
            ],
            [
                "1101",
                344
            ],
            [
                "1110",
                338
            ],
            [
                "1100",
                15
            ],
            [
                "0000",
                14
            ],
            [
                "1001",
                14
            ],
            [
                "0011",
                13
            ],
            [
                "0110",
                12
            ],
            [
                "0101",
                10
            ],
            [
                "0100",
                8
            ],
            [
                "1010",
                6
            ],
            [
                "1000",
                6
            ],
            [
                "0001",
                6
            ],
            [
                "0010",
                6
            ]
        ],
        "num_training_loops": 45,
        "final_training_cost": -12.9833984375,
        "optimal_params": [
            4.422752994035006,
            3.0943942045111985,
            1.061372631876402,
            0.00012979515614570554,
            1.047557410550588,
            2.098023525488498
        ]
    }
}