{
    "metadata": {
        "qaoaLayers": 4,
        "backend_name": "aer_simulator_from(fake_torino)"
    },
    "result": {
        "instance_id": 1,
        "repitition_id": 33,
        "sampled_distribution": [
            [
                "1111",
                1982
            ],
            [
                "1110",
                1747
            ],
            [
                "1011",
                930
            ],
            [
                "1101",
                912
            ],
            [
                "1010",
                816
            ],
            [
                "1100",
                806
            ],
            [
                "1001",
                600
            ],
            [
                "1000",
                575
            ],
            [
                "0111",
                429
            ],
            [
                "0110",
                252
            ],
            [
                "0011",
                220
            ],
            [
                "0101",
                201
            ],
            [
                "0001",
                173
            ],
            [
                "0100",
                132
            ],
            [
                "0010",
                123
            ],
            [
                "0000",
                102
            ]
        ],
        "num_training_loops": 66,
        "final_training_cost": -6.146240234375,
        "optimal_params": [
            4.14341605617455,
            2.3745264577400196,
            1.721879190948895,
            1.0532788537551927,
            0.016292747774414133,
            0.6614570034633479,
            1.3868543868245098,
            2.3180585858296188
        ]
    }
}