{
    "metadata": {
        "qaoaLayers": 3,
        "backend_name": "aer_simulator"
    },
    "result": {
        "instance_id": 2,
        "repitition_id": 54,
        "sampled_distribution": [
            [
                "1111",
                7817
            ],
            [
                "1011",
                550
            ],
            [
                "1110",
                545
            ],
            [
                "1101",
                538
            ],
            [
                "0111",
                508
            ],
            [
                "1001",
                9
            ],
            [
                "1100",
                7
            ],
            [
                "0011",
                5
            ],
            [
                "0110",
                4
            ],
            [
                "0001",
                4
            ],
            [
                "0100",
                4
            ],
            [
                "1010",
                3
            ],
            [
                "1000",
                3
            ],
            [
                "0101",
                1
            ],
            [
                "0010",
                1
            ],
            [
                "0000",
                1
            ]
        ],
        "num_training_loops": 58,
        "final_training_cost": -13.165771484375,
        "optimal_params": [
            4.1263619561230405,
            3.134373721913091,
            1.103312006363963,
            1.032075644479517,
            1.0807980427851032,
            2.0837574388510847
        ]
    }
}