{
    "metadata": {
        "qaoaLayers": 3,
        "backend_name": "aer_simulator_from(fake_torino)"
    },
    "result": {
        "instance_id": 1,
        "repitition_id": 10,
        "sampled_distribution": [
            [
                "1111",
                7815
            ],
            [
                "1011",
                593
            ],
            [
                "0111",
                560
            ],
            [
                "1101",
                386
            ],
            [
                "1110",
                221
            ],
            [
                "0011",
                137
            ],
            [
                "1001",
                103
            ],
            [
                "0110",
                67
            ],
            [
                "0101",
                57
            ],
            [
                "1010",
                24
            ],
            [
                "0001",
                13
            ],
            [
                "1100",
                10
            ],
            [
                "0010",
                5
            ],
            [
                "1000",
                4
            ],
            [
                "0100",
                3
            ],
            [
                "0000",
                2
            ]
        ],
        "num_training_loops": 60,
        "final_training_cost": -7.85595703125,
        "optimal_params": [
            3.0354790291638074,
            1.5869740466935454,
            1.597280758056073,
            1.5027953676017825,
            2.402622053992549,
            2.3246647082057437
        ]
    }
}