{
    "metadata": {
        "qaoaLayers": 3,
        "backend_name": "aer_simulator"
    },
    "result": {
        "instance_id": 2,
        "repitition_id": 37,
        "sampled_distribution": [
            [
                "1111",
                4331
            ],
            [
                "1011",
                1422
            ],
            [
                "0111",
                1410
            ],
            [
                "1101",
                1404
            ],
            [
                "1110",
                1364
            ],
            [
                "0010",
                14
            ],
            [
                "0001",
                14
            ],
            [
                "0100",
                9
            ],
            [
                "1000",
                9
            ],
            [
                "1001",
                7
            ],
            [
                "1010",
                4
            ],
            [
                "0000",
                4
            ],
            [
                "0101",
                4
            ],
            [
                "0110",
                2
            ],
            [
                "1100",
                1
            ],
            [
                "0011",
                1
            ]
        ],
        "num_training_loops": 54,
        "final_training_cost": -13.420166015625,
        "optimal_params": [
            4.422185797630334,
            3.2844460277469696,
            1.559935222898682,
            -0.0035585358449771545,
            0.985445433865731,
            2.2957029138702856
        ]
    }
}