{
    "metadata": {
        "qaoaLayers": 2,
        "backend_name": "aer_simulator"
    },
    "result": {
        "instance_id": 2,
        "repitition_id": 4,
        "sampled_distribution": [
            [
                "1111",
                7840
            ],
            [
                "1101",
                531
            ],
            [
                "0111",
                512
            ],
            [
                "1110",
                500
            ],
            [
                "1011",
                485
            ],
            [
                "0000",
                23
            ],
            [
                "1000",
                19
            ],
            [
                "0100",
                16
            ],
            [
                "0010",
                14
            ],
            [
                "0110",
                12
            ],
            [
                "0101",
                11
            ],
            [
                "0011",
                8
            ],
            [
                "0001",
                8
            ],
            [
                "1100",
                8
            ],
            [
                "1010",
                7
            ],
            [
                "1001",
                6
            ]
        ],
        "num_training_loops": 40,
        "final_training_cost": -12.93505859375,
        "optimal_params": [
            5.00359950076928,
            1.121657708230144,
            0.9778763487042446,
            2.5908761341722224
        ]
    }
}