{
    "metadata": {
        "qaoaLayers": 1,
        "backend_name": "aer_simulator"
    },
    "result": {
        "instance_id": 1,
        "repitition_id": 38,
        "sampled_distribution": [
            [
                "1111",
                7776
            ],
            [
                "0111",
                526
            ],
            [
                "1110",
                511
            ],
            [
                "1101",
                497
            ],
            [
                "1011",
                496
            ],
            [
                "0101",
                41
            ],
            [
                "1010",
                33
            ],
            [
                "1100",
                32
            ],
            [
                "1001",
                29
            ],
            [
                "0011",
                25
            ],
            [
                "0110",
                22
            ],
            [
                "0010",
                4
            ],
            [
                "1000",
                4
            ],
            [
                "0001",
                3
            ],
            [
                "0100",
                1
            ]
        ],
        "num_training_loops": 20,
        "final_training_cost": -8.063232421875,
        "optimal_params": [
            3.390636364885411,
            -0.00029242420192428605
        ]
    }
}