{
    "metadata": {
        "qaoaLayers": 3,
        "backend_name": "aer_simulator"
    },
    "result": {
        "instance_id": 2,
        "repitition_id": 19,
        "sampled_distribution": [
            [
                "1111",
                3390
            ],
            [
                "1011",
                1651
            ],
            [
                "0111",
                1642
            ],
            [
                "1101",
                1627
            ],
            [
                "1110",
                1609
            ],
            [
                "0100",
                17
            ],
            [
                "0010",
                15
            ],
            [
                "0001",
                11
            ],
            [
                "1000",
                9
            ],
            [
                "1010",
                6
            ],
            [
                "1001",
                5
            ],
            [
                "0101",
                5
            ],
            [
                "0110",
                5
            ],
            [
                "0011",
                5
            ],
            [
                "1100",
                2
            ],
            [
                "0000",
                1
            ]
        ],
        "num_training_loops": 58,
        "final_training_cost": -13.50146484375,
        "optimal_params": [
            4.553268812670079,
            3.393527100970784,
            1.4593621217291384,
            -0.12113659418105907,
            0.9825446226745306,
            2.299560255410188
        ]
    }
}