{
    "metadata": {
        "qaoaLayers": 4,
        "backend_name": "aer_simulator"
    },
    "result": {
        "instance_id": 2,
        "repitition_id": 56,
        "sampled_distribution": [
            [
                "1111",
                5978
            ],
            [
                "1110",
                954
            ],
            [
                "0111",
                951
            ],
            [
                "1011",
                950
            ],
            [
                "1101",
                949
            ],
            [
                "1100",
                38
            ],
            [
                "0101",
                38
            ],
            [
                "0110",
                35
            ],
            [
                "0011",
                31
            ],
            [
                "1010",
                28
            ],
            [
                "1001",
                24
            ],
            [
                "1000",
                9
            ],
            [
                "0100",
                6
            ],
            [
                "0010",
                5
            ],
            [
                "0001",
                3
            ],
            [
                "0000",
                1
            ]
        ],
        "num_training_loops": 64,
        "final_training_cost": -13.209716796875,
        "optimal_params": [
            3.075066814765932,
            3.3423109602230574,
            1.5862048582678567,
            1.7559880601036115,
            1.2849107705001168,
            1.787760902905253,
            2.558458934338972,
            2.342076971370291
        ]
    }
}