{
    "metadata": {
        "qaoaLayers": 3,
        "backend_name": "aer_simulator"
    },
    "result": {
        "instance_id": 1,
        "repitition_id": 54,
        "sampled_distribution": [
            [
                "1111",
                4152
            ],
            [
                "0111",
                1403
            ],
            [
                "1011",
                1301
            ],
            [
                "1101",
                1223
            ],
            [
                "1110",
                1183
            ],
            [
                "1010",
                324
            ],
            [
                "1100",
                306
            ],
            [
                "0001",
                30
            ],
            [
                "0110",
                25
            ],
            [
                "0011",
                20
            ],
            [
                "1001",
                11
            ],
            [
                "0101",
                10
            ],
            [
                "0100",
                7
            ],
            [
                "0000",
                2
            ],
            [
                "0010",
                2
            ],
            [
                "1000",
                1
            ]
        ],
        "num_training_loops": 63,
        "final_training_cost": -8.48486328125,
        "optimal_params": [
            2.760460514000125,
            1.715611148728458,
            1.5777835916622112,
            1.1453303432584367,
            2.0395405873547423,
            2.088406873431772
        ]
    }
}