{
    "metadata": {
        "qaoaLayers": 1,
        "backend_name": "aer_simulator"
    },
    "result": {
        "instance_id": 1,
        "repitition_id": 28,
        "sampled_distribution": [
            [
                "1111",
                7786
            ],
            [
                "1101",
                514
            ],
            [
                "1011",
                489
            ],
            [
                "1110",
                488
            ],
            [
                "0111",
                487
            ],
            [
                "1100",
                48
            ],
            [
                "0101",
                47
            ],
            [
                "1010",
                39
            ],
            [
                "0110",
                35
            ],
            [
                "0011",
                31
            ],
            [
                "1001",
                28
            ],
            [
                "0001",
                3
            ],
            [
                "0100",
                2
            ],
            [
                "1000",
                2
            ],
            [
                "0010",
                1
            ]
        ],
        "num_training_loops": 23,
        "final_training_cost": -8.083984375,
        "optimal_params": [
            3.3892225420259185,
            0.12269130795491072
        ]
    }
}