{
    "metadata": {
        "qaoaLayers": 1,
        "backend_name": "aer_simulator"
    },
    "result": {
        "instance_id": 2,
        "repitition_id": 53,
        "sampled_distribution": [
            [
                "1111",
                8447
            ],
            [
                "1011",
                378
            ],
            [
                "0111",
                366
            ],
            [
                "1110",
                366
            ],
            [
                "1101",
                348
            ],
            [
                "1100",
                23
            ],
            [
                "1010",
                16
            ],
            [
                "0110",
                14
            ],
            [
                "1001",
                14
            ],
            [
                "0011",
                14
            ],
            [
                "0101",
                12
            ],
            [
                "1000",
                1
            ],
            [
                "0010",
                1
            ]
        ],
        "num_training_loops": 27,
        "final_training_cost": -13.06396484375,
        "optimal_params": [
            3.343413811634761,
            0.14842142342868897
        ]
    }
}