{
    "metadata": {
        "qaoaLayers": 2,
        "backend_name": "aer_simulator"
    },
    "result": {
        "instance_id": 1,
        "repitition_id": 20,
        "sampled_distribution": [
            [
                "1111",
                7706
            ],
            [
                "0111",
                570
            ],
            [
                "1101",
                512
            ],
            [
                "1011",
                503
            ],
            [
                "1110",
                494
            ],
            [
                "0101",
                45
            ],
            [
                "0110",
                42
            ],
            [
                "1100",
                38
            ],
            [
                "0011",
                31
            ],
            [
                "1010",
                27
            ],
            [
                "1001",
                26
            ],
            [
                "0100",
                3
            ],
            [
                "1000",
                2
            ],
            [
                "0001",
                1
            ]
        ],
        "num_training_loops": 34,
        "final_training_cost": -8.118896484375,
        "optimal_params": [
            4.874536451568138,
            1.334638962991793,
            -0.181991939146509,
            1.2492944913304147
        ]
    }
}