{
    "metadata": {
        "qaoaLayers": 20,
        "backend_name": "aer_simulator"
    },
    "result": {
        "instance_id": 1,
        "repitition_id": 65,
        "sampled_distribution": [
            [
                "1010",
                2173
            ],
            [
                "1100",
                2157
            ],
            [
                "0111",
                1763
            ],
            [
                "1111",
                1074
            ],
            [
                "1101",
                997
            ],
            [
                "1011",
                945
            ],
            [
                "1110",
                408
            ],
            [
                "1001",
                177
            ],
            [
                "0011",
                102
            ],
            [
                "0101",
                100
            ],
            [
                "0001",
                52
            ],
            [
                "1000",
                39
            ],
            [
                "0000",
                11
            ],
            [
                "0100",
                1
            ],
            [
                "0110",
                1
            ]
        ],
        "num_training_loops": 326,
        "final_training_cost": -8.82373046875,
        "optimal_params": [
            4.536705182899661,
            4.021652715360281,
            3.8438159582396123,
            2.7316519496543235,
            2.538026899278685,
            2.36665871815304,
            3.199760520957258,
            2.006141031322921,
            1.8746926919924454,
            1.734350252172551,
            1.5540355573923674,
            1.7277844697618938,
            1.2685170020369456,
            1.1034439006521606,
            0.8064907114384804,
            0.788495368240338,
            0.6051647524087084,
            0.4730640657065668,
            0.3325702009431243,
            0.12918861548878557,
            -0.07341973733902828,
            0.13568453857144577,
            0.30641214191990035,
            0.4663157287913333,
            0.633352519261054,
            0.7945706915789205,
            0.940908503390972,
            1.121694010084019,
            1.288580557590604,
            1.419124394773564,
            1.5730171149482635,
            1.7315391548314096,
            1.8902372946631028,
            2.0477184096087844,
            2.1949686908090826,
            3.3591710785893407,
            2.517798922082168,
            2.719776343711074,
            3.8166378645780346,
            2.978228685842467
        ]
    }
}