{
    "metadata": {
        "qaoaLayers": 4,
        "backend_name": "aer_simulator"
    },
    "result": {
        "instance_id": 1,
        "repitition_id": 54,
        "sampled_distribution": [
            [
                "1111",
                8139
            ],
            [
                "0111",
                529
            ],
            [
                "1011",
                463
            ],
            [
                "1101",
                437
            ],
            [
                "1110",
                344
            ],
            [
                "1100",
                18
            ],
            [
                "1010",
                18
            ],
            [
                "0101",
                15
            ],
            [
                "0011",
                13
            ],
            [
                "1001",
                7
            ],
            [
                "0001",
                7
            ],
            [
                "0110",
                7
            ],
            [
                "0000",
                1
            ],
            [
                "0100",
                1
            ],
            [
                "1000",
                1
            ]
        ],
        "num_training_loops": 64,
        "final_training_cost": -8.135009765625,
        "optimal_params": [
            4.469643901530527,
            1.8879255643855823,
            1.6236690029783374,
            1.2602611929527585,
            1.003518105371534,
            0.6402045578217134,
            1.5607732890167765,
            2.535047518289523
        ]
    }
}