{
    "metadata": {
        "qaoaLayers": 20,
        "backend_name": "aer_simulator"
    },
    "result": {
        "instance_id": 1,
        "repitition_id": 25,
        "sampled_distribution": [
            [
                "1010",
                2083
            ],
            [
                "1100",
                2064
            ],
            [
                "0111",
                1677
            ],
            [
                "1111",
                1046
            ],
            [
                "1110",
                951
            ],
            [
                "1011",
                920
            ],
            [
                "1101",
                842
            ],
            [
                "1001",
                150
            ],
            [
                "1000",
                73
            ],
            [
                "0001",
                49
            ],
            [
                "0101",
                49
            ],
            [
                "0011",
                40
            ],
            [
                "0000",
                35
            ],
            [
                "0110",
                9
            ],
            [
                "0010",
                8
            ],
            [
                "0100",
                4
            ]
        ],
        "num_training_loops": 368,
        "final_training_cost": -8.763427734375,
        "optimal_params": [
            4.147200205656513,
            3.9990126209693297,
            3.886602520245345,
            2.929122454090342,
            2.6311453393203053,
            2.2583265976612763,
            3.1963054137475404,
            2.052723148539515,
            1.8975620958535637,
            1.7430733408154233,
            1.5796581893431565,
            1.392766715436148,
            1.2441321700969588,
            1.0824850765503204,
            0.9319367186381834,
            0.7945395461679908,
            0.6182966199344366,
            0.46545701500500475,
            0.30428591724305154,
            0.15087226606668597,
            -0.0006255182103279222,
            0.15900195186999222,
            0.2992277953602718,
            0.4596764215190297,
            0.6192524080369015,
            0.7811405855447751,
            0.9504015802801037,
            1.095415137001752,
            1.2373586425744312,
            1.4179346962926476,
            1.5747892454957055,
            1.7203442002245264,
            1.8791532833438291,
            2.0153340995292552,
            2.2206886325847486,
            3.349340251159144,
            2.4864500844460586,
            2.6768583133218224,
            3.8170395326965743,
            2.9880422949019105
        ]
    }
}