{
    "metadata": {
        "qaoaLayers": 3,
        "backend_name": "aer_simulator"
    },
    "result": {
        "instance_id": 1,
        "repitition_id": 23,
        "sampled_distribution": [
            [
                "1111",
                6607
            ],
            [
                "0111",
                993
            ],
            [
                "1101",
                745
            ],
            [
                "1011",
                739
            ],
            [
                "1110",
                554
            ],
            [
                "1010",
                66
            ],
            [
                "0101",
                64
            ],
            [
                "1100",
                64
            ],
            [
                "0011",
                59
            ],
            [
                "1001",
                50
            ],
            [
                "0110",
                49
            ],
            [
                "0010",
                3
            ],
            [
                "1000",
                3
            ],
            [
                "0100",
                2
            ],
            [
                "0001",
                2
            ]
        ],
        "num_training_loops": 63,
        "final_training_cost": -8.146240234375,
        "optimal_params": [
            3.1108970028866088,
            2.0086043487621534,
            1.8519067309835786,
            0.04725022864725165,
            2.006390982961108,
            2.5302477833195898
        ]
    }
}