{
    "metadata": {
        "qaoaLayers": 2,
        "backend_name": "aer_simulator"
    },
    "result": {
        "instance_id": 2,
        "repitition_id": 83,
        "sampled_distribution": [
            [
                "1111",
                8327
            ],
            [
                "0111",
                412
            ],
            [
                "1101",
                407
            ],
            [
                "1011",
                380
            ],
            [
                "1110",
                379
            ],
            [
                "1100",
                18
            ],
            [
                "0101",
                17
            ],
            [
                "0110",
                17
            ],
            [
                "1001",
                17
            ],
            [
                "0011",
                15
            ],
            [
                "1010",
                10
            ],
            [
                "0010",
                1
            ]
        ],
        "num_training_loops": 40,
        "final_training_cost": -13.099609375,
        "optimal_params": [
            4.866126973319274,
            1.5154915287528816,
            1.1288940170342179,
            1.1884238161152012
        ]
    }
}