{
    "metadata": {
        "qaoaLayers": 20,
        "backend_name": "aer_simulator"
    },
    "result": {
        "instance_id": 1,
        "repitition_id": 19,
        "sampled_distribution": [
            [
                "1100",
                3197
            ],
            [
                "1010",
                3183
            ],
            [
                "1111",
                1583
            ],
            [
                "1110",
                719
            ],
            [
                "0111",
                486
            ],
            [
                "0110",
                256
            ],
            [
                "1001",
                181
            ],
            [
                "1101",
                104
            ],
            [
                "1011",
                93
            ],
            [
                "0001",
                66
            ],
            [
                "0100",
                46
            ],
            [
                "0010",
                41
            ],
            [
                "1000",
                40
            ],
            [
                "0000",
                4
            ],
            [
                "0011",
                1
            ]
        ],
        "num_training_loops": 321,
        "final_training_cost": -8.6318359375,
        "optimal_params": [
            4.5476860317701036,
            3.977890539456275,
            3.8251331482580513,
            2.658022208989875,
            2.5198167604466897,
            2.352010810500277,
            3.1935720961671383,
            2.0486647357746834,
            2.0533751477350557,
            1.5525954450932116,
            1.5809057534731215,
            1.701815601790821,
            1.2757776352067767,
            1.0916046166839983,
            0.9352634926045083,
            0.8052477649997013,
            0.6162743576427123,
            0.47868979356940294,
            0.31706114429407045,
            0.16979941456184977,
            -0.010084424164459746,
            0.15914106176751897,
            0.3189423696368919,
            0.4703701064669471,
            0.6310443820710229,
            0.7838584765977537,
            0.9448070081486637,
            1.0983818013991884,
            1.2628210035931433,
            1.4073146293725105,
            1.5675337054464589,
            1.7110114891668549,
            1.8765670183083385,
            2.052813323765459,
            2.2106753166907276,
            3.33954957695025,
            2.5110137094872838,
            2.655996254786219,
            3.826911010214107,
            2.9850299584473277
        ]
    }
}