{
    "metadata": {
        "qaoaLayers": 2,
        "backend_name": "aer_simulator_from(fake_torino)"
    },
    "result": {
        "instance_id": 1,
        "repitition_id": 87,
        "sampled_distribution": [
            [
                "1111",
                7420
            ],
            [
                "1110",
                626
            ],
            [
                "1011",
                603
            ],
            [
                "1101",
                482
            ],
            [
                "0111",
                457
            ],
            [
                "1001",
                84
            ],
            [
                "0101",
                68
            ],
            [
                "0011",
                62
            ],
            [
                "0110",
                60
            ],
            [
                "1010",
                53
            ],
            [
                "1100",
                41
            ],
            [
                "0010",
                16
            ],
            [
                "0001",
                12
            ],
            [
                "0100",
                8
            ],
            [
                "1000",
                5
            ],
            [
                "0000",
                3
            ]
        ],
        "num_training_loops": 37,
        "final_training_cost": -7.912353515625,
        "optimal_params": [
            4.777452103404758,
            1.3706293219282417,
            0.1263300306232883,
            1.0658365737900553
        ]
    }
}