{
    "metadata": {
        "qaoaLayers": 20,
        "backend_name": "aer_simulator"
    },
    "result": {
        "instance_id": 2,
        "repitition_id": 52,
        "sampled_distribution": [
            [
                "1011",
                2430
            ],
            [
                "1110",
                2397
            ],
            [
                "0111",
                2345
            ],
            [
                "1101",
                2238
            ],
            [
                "1111",
                563
            ],
            [
                "0010",
                8
            ],
            [
                "0110",
                5
            ],
            [
                "1001",
                3
            ],
            [
                "1000",
                3
            ],
            [
                "0001",
                3
            ],
            [
                "0101",
                1
            ],
            [
                "1100",
                1
            ],
            [
                "0000",
                1
            ],
            [
                "0100",
                1
            ],
            [
                "0011",
                1
            ]
        ],
        "num_training_loops": 324,
        "final_training_cost": -13.91064453125,
        "optimal_params": [
            3.1261009844766487,
            2.8909066565631827,
            2.8268741241671624,
            3.666166798813818,
            2.581361512345627,
            2.3880920413694064,
            2.2019731245892054,
            2.033941676534474,
            2.9021991848270483,
            2.7224746605211543,
            1.5815162246056886,
            1.3968013396112433,
            1.256108767873781,
            1.1015172019301216,
            0.9485279018455648,
            0.7723436106680939,
            0.6810045638929935,
            0.47325482114576367,
            0.32004908378735514,
            0.1152074915361719,
            1.263134758711313,
            0.16384349162092418,
            1.3171013460983463,
            0.4945727377198777,
            0.6280480484021692,
            0.7849437352169091,
            0.9429222600726497,
            1.0995221998346847,
            1.256545478849373,
            1.41520928538171,
            1.569171376620042,
            1.7223428911110394,
            1.8819593068461309,
            2.0418838216527164,
            2.191763965919636,
            2.355510152177932,
            2.5095875377257206,
            2.6676725511673376,
            2.8276922290858697,
            3.988319726825854
        ]
    }
}