{
    "metadata": {
        "qaoaLayers": 1,
        "backend_name": "aer_simulator"
    },
    "result": {
        "instance_id": 1,
        "repitition_id": 37,
        "sampled_distribution": [
            [
                "1111",
                7790
            ],
            [
                "0111",
                535
            ],
            [
                "1110",
                503
            ],
            [
                "1011",
                495
            ],
            [
                "1101",
                490
            ],
            [
                "0011",
                48
            ],
            [
                "0101",
                29
            ],
            [
                "1001",
                27
            ],
            [
                "1100",
                26
            ],
            [
                "0110",
                25
            ],
            [
                "1010",
                24
            ],
            [
                "1000",
                3
            ],
            [
                "0001",
                2
            ],
            [
                "0010",
                2
            ],
            [
                "0100",
                1
            ]
        ],
        "num_training_loops": 22,
        "final_training_cost": -8.050537109375,
        "optimal_params": [
            3.3912826764412065,
            -0.12655091671958385
        ]
    }
}