{
    "metadata": {
        "qaoaLayers": 4,
        "backend_name": "aer_simulator"
    },
    "result": {
        "instance_id": 1,
        "repitition_id": 24,
        "sampled_distribution": [
            [
                "0111",
                4001
            ],
            [
                "1101",
                1882
            ],
            [
                "1011",
                1867
            ],
            [
                "1111",
                1070
            ],
            [
                "0110",
                360
            ],
            [
                "1100",
                226
            ],
            [
                "1010",
                220
            ],
            [
                "1110",
                200
            ],
            [
                "1001",
                60
            ],
            [
                "0100",
                33
            ],
            [
                "0010",
                28
            ],
            [
                "0001",
                28
            ],
            [
                "0011",
                11
            ],
            [
                "0101",
                8
            ],
            [
                "1000",
                4
            ],
            [
                "0000",
                2
            ]
        ],
        "num_training_loops": 60,
        "final_training_cost": -8.355712890625,
        "optimal_params": [
            4.373929085899122,
            1.9432834344403114,
            1.3748541269660908,
            1.2269713066771613,
            1.005323374649317,
            0.7494013157323105,
            1.5954028167888619,
            2.4359750720873974
        ]
    }
}