{
    "metadata": {
        "qaoaLayers": 1,
        "backend_name": "aer_simulator"
    },
    "result": {
        "instance_id": 2,
        "repitition_id": 30,
        "sampled_distribution": [
            [
                "1111",
                9027
            ],
            [
                "1101",
                259
            ],
            [
                "1011",
                249
            ],
            [
                "0111",
                224
            ],
            [
                "1110",
                219
            ],
            [
                "1010",
                6
            ],
            [
                "0110",
                6
            ],
            [
                "0011",
                4
            ],
            [
                "0101",
                3
            ],
            [
                "1001",
                3
            ]
        ],
        "num_training_loops": 25,
        "final_training_cost": -13.0673828125,
        "optimal_params": [
            3.3014611939531755,
            0.1507180906515564
        ]
    }
}