{
    "metadata": {
        "qaoaLayers": 20,
        "backend_name": "aer_simulator"
    },
    "result": {
        "instance_id": 1,
        "repitition_id": 6,
        "sampled_distribution": [
            [
                "1010",
                2811
            ],
            [
                "1100",
                2791
            ],
            [
                "0111",
                1604
            ],
            [
                "1111",
                1027
            ],
            [
                "1101",
                339
            ],
            [
                "1011",
                318
            ],
            [
                "1110",
                243
            ],
            [
                "0110",
                243
            ],
            [
                "1001",
                199
            ],
            [
                "1000",
                130
            ],
            [
                "0101",
                84
            ],
            [
                "0011",
                79
            ],
            [
                "0100",
                59
            ],
            [
                "0010",
                52
            ],
            [
                "0001",
                20
            ],
            [
                "0000",
                1
            ]
        ],
        "num_training_loops": 321,
        "final_training_cost": -8.618408203125,
        "optimal_params": [
            4.534695930122018,
            4.041022880508462,
            3.8064822490249903,
            2.695933887578469,
            2.5134003702403755,
            2.353433018603039,
            3.197510587009804,
            2.047568214224818,
            1.9310564971571587,
            1.6881224146205362,
            1.58080765293916,
            1.7284022119790166,
            1.279738686465591,
            1.0450724239264768,
            0.956768724854629,
            0.8406256606682336,
            0.6838188971906827,
            0.46511816714771015,
            0.31527369498288527,
            0.1407443876458623,
            -0.009665200457615533,
            0.15520576405009004,
            0.3021630413816019,
            0.46260484845233224,
            0.622349787291515,
            0.7968812549964713,
            0.9385487505424932,
            1.1057230374515163,
            1.2656008985684015,
            1.4184050611808334,
            1.5750491907031567,
            1.7150167150353486,
            1.8758575690615114,
            2.0324159773304733,
            2.2055943015833854,
            3.3662218286875825,
            2.5164989285210417,
            2.665548874899048,
            3.819469566223428,
            2.9798711227605863
        ]
    }
}