{
    "metadata": {
        "qaoaLayers": 3,
        "backend_name": "aer_simulator_from(fake_torino)"
    },
    "result": {
        "instance_id": 1,
        "repitition_id": 18,
        "sampled_distribution": [
            [
                "1111",
                6230
            ],
            [
                "0111",
                1404
            ],
            [
                "1011",
                732
            ],
            [
                "1101",
                612
            ],
            [
                "1110",
                396
            ],
            [
                "1001",
                188
            ],
            [
                "0110",
                132
            ],
            [
                "0011",
                125
            ],
            [
                "0101",
                71
            ],
            [
                "1010",
                31
            ],
            [
                "1100",
                22
            ],
            [
                "0001",
                21
            ],
            [
                "1000",
                11
            ],
            [
                "0100",
                11
            ],
            [
                "0010",
                10
            ],
            [
                "0000",
                4
            ]
        ],
        "num_training_loops": 49,
        "final_training_cost": -7.752197265625,
        "optimal_params": [
            3.325577842815432,
            1.822069964391089,
            1.3772490495596017,
            -0.1425234017183213,
            1.1579484131150528,
            1.9907791381417421
        ]
    }
}