{
    "metadata": {
        "qaoaLayers": 20,
        "backend_name": "aer_simulator"
    },
    "result": {
        "instance_id": 2,
        "repitition_id": 19,
        "sampled_distribution": [
            [
                "1011",
                2513
            ],
            [
                "1101",
                2479
            ],
            [
                "1110",
                2462
            ],
            [
                "0111",
                2433
            ],
            [
                "1111",
                68
            ],
            [
                "0011",
                9
            ],
            [
                "0101",
                7
            ],
            [
                "1010",
                6
            ],
            [
                "1001",
                6
            ],
            [
                "1100",
                6
            ],
            [
                "1000",
                4
            ],
            [
                "0110",
                3
            ],
            [
                "0000",
                2
            ],
            [
                "0100",
                1
            ],
            [
                "0010",
                1
            ]
        ],
        "num_training_loops": 282,
        "final_training_cost": -13.9375,
        "optimal_params": [
            3.1488934243634263,
            2.948380400156662,
            2.840244249742923,
            2.7200628110763203,
            2.5123088601591315,
            2.352602405850128,
            3.192541938044569,
            2.041753808867075,
            1.8828717424212944,
            1.7221206330966126,
            2.570767086566597,
            1.4479282308936814,
            1.250128495654826,
            2.100535710024481,
            0.9350388442071204,
            0.7911092885610851,
            0.6836433427174852,
            0.4465586557597528,
            0.2953235247866931,
            0.14893359551576293,
            -0.04975010087952318,
            1.183366490538806,
            0.2065799560383035,
            0.47062959682144123,
            0.6246285140544591,
            0.7884703860991045,
            0.9443712593075408,
            1.0970772778727378,
            1.254730805893138,
            1.4130169331781537,
            1.5684021289708021,
            1.727297436157313,
            1.8859177656095105,
            2.0421763746752974,
            2.1988191794758882,
            2.355411077957157,
            2.511964207588386,
            2.671489264541129,
            2.825732594911684,
            2.983775174458005
        ]
    }
}