{
    "metadata": {
        "qaoaLayers": 20,
        "backend_name": "aer_simulator"
    },
    "result": {
        "instance_id": 2,
        "repitition_id": 6,
        "sampled_distribution": [
            [
                "1101",
                2258
            ],
            [
                "1110",
                2251
            ],
            [
                "1011",
                2212
            ],
            [
                "0111",
                2161
            ],
            [
                "1111",
                1087
            ],
            [
                "1010",
                9
            ],
            [
                "1100",
                6
            ],
            [
                "0011",
                5
            ],
            [
                "0000",
                3
            ],
            [
                "0110",
                3
            ],
            [
                "1000",
                2
            ],
            [
                "0101",
                2
            ],
            [
                "1001",
                1
            ]
        ],
        "num_training_loops": 349,
        "final_training_cost": -13.812255859375,
        "optimal_params": [
            3.1500583904502166,
            2.9977753456264873,
            2.8443338197940418,
            3.6542302894876437,
            2.5078450243159,
            2.3872056637694845,
            2.2130341783928498,
            2.053984326889698,
            2.871852910047745,
            2.734255706199468,
            1.5659628800263876,
            1.4119298715309545,
            1.2421207903883018,
            1.0928336727861303,
            0.9406121449209661,
            0.7889264448634988,
            0.6320322213583168,
            0.47411646974496535,
            0.3274707798825965,
            0.1256819072152428,
            -0.004056405908021301,
            0.18528022980586595,
            1.3032712545085217,
            0.4812326555784827,
            0.6208493472230417,
            0.7824946393103288,
            0.9418810875663176,
            1.096210560155102,
            1.267558703809086,
            1.380350637874372,
            1.5675151273975356,
            1.7296426165392982,
            1.8818590058557576,
            2.0340716028634627,
            2.1874850470439697,
            2.344878634656398,
            2.5142593945860128,
            2.6935651704962016,
            2.818844646212486,
            3.9604902016829246
        ]
    }
}