{
    "metadata": {
        "qaoaLayers": 2,
        "backend_name": "aer_simulator"
    },
    "result": {
        "instance_id": 1,
        "repitition_id": 86,
        "sampled_distribution": [
            [
                "1111",
                7458
            ],
            [
                "1101",
                760
            ],
            [
                "1011",
                733
            ],
            [
                "0111",
                572
            ],
            [
                "1110",
                284
            ],
            [
                "0011",
                51
            ],
            [
                "0101",
                44
            ],
            [
                "1001",
                32
            ],
            [
                "1010",
                27
            ],
            [
                "1100",
                26
            ],
            [
                "0110",
                10
            ],
            [
                "0010",
                1
            ],
            [
                "0100",
                1
            ],
            [
                "1000",
                1
            ]
        ],
        "num_training_loops": 38,
        "final_training_cost": -8.137939453125,
        "optimal_params": [
            4.520183292842476,
            1.4581494781168092,
            1.293830391449254,
            2.9931747425987076
        ]
    }
}