{
    "metadata": {
        "qaoaLayers": 3,
        "backend_name": "aer_simulator"
    },
    "result": {
        "instance_id": 1,
        "repitition_id": 26,
        "sampled_distribution": [
            [
                "1111",
                4261
            ],
            [
                "1101",
                1266
            ],
            [
                "1110",
                1257
            ],
            [
                "1011",
                1252
            ],
            [
                "0111",
                1219
            ],
            [
                "1010",
                316
            ],
            [
                "1100",
                305
            ],
            [
                "1001",
                26
            ],
            [
                "0011",
                22
            ],
            [
                "0110",
                21
            ],
            [
                "0101",
                19
            ],
            [
                "0100",
                13
            ],
            [
                "0001",
                11
            ],
            [
                "1000",
                6
            ],
            [
                "0010",
                6
            ]
        ],
        "num_training_loops": 57,
        "final_training_cost": -8.465576171875,
        "optimal_params": [
            2.858169537497981,
            1.5300473598968816,
            1.32880412333619,
            1.1064199566005077,
            2.1140630704022136,
            2.4911689963739936
        ]
    }
}