{
    "metadata": {
        "qaoaLayers": 20,
        "backend_name": "aer_simulator"
    },
    "result": {
        "instance_id": 1,
        "repitition_id": 71,
        "sampled_distribution": [
            [
                "1010",
                3276
            ],
            [
                "1100",
                3255
            ],
            [
                "0111",
                869
            ],
            [
                "1111",
                803
            ],
            [
                "1011",
                337
            ],
            [
                "1101",
                330
            ],
            [
                "1000",
                297
            ],
            [
                "1110",
                297
            ],
            [
                "1001",
                107
            ],
            [
                "0101",
                86
            ],
            [
                "0110",
                75
            ],
            [
                "0011",
                69
            ],
            [
                "0001",
                65
            ],
            [
                "0100",
                60
            ],
            [
                "0010",
                60
            ],
            [
                "0000",
                14
            ]
        ],
        "num_training_loops": 353,
        "final_training_cost": -8.560546875,
        "optimal_params": [
            4.548109424288975,
            4.03869158050598,
            3.8143300819746457,
            2.708195021850605,
            2.489722032577107,
            2.3810719823668567,
            3.2231114245967913,
            2.092024544790564,
            1.9148321800817243,
            1.6899158721813474,
            1.5833233565719218,
            1.7123502509426178,
            1.2565730105091457,
            1.0688034313870036,
            0.9508520071779256,
            0.7803760700408624,
            0.6007260507881764,
            0.4891119010448397,
            0.32225157069258564,
            0.1559522251286938,
            0.01833265313631168,
            0.14068674675742715,
            0.3205151507444428,
            0.48036838325386666,
            0.6277814233907937,
            0.7975110010770446,
            0.9496550865147302,
            1.1055736692573934,
            1.262110774573959,
            1.4044498478867753,
            1.571415090567192,
            1.7466048544714319,
            1.8876290225580494,
            2.0321434371295903,
            2.214167653487236,
            3.349503680490382,
            2.5141901190496627,
            2.6645563498610088,
            3.827466731438611,
            2.9820705502802918
        ]
    }
}