{
    "metadata": {
        "qaoaLayers": 2,
        "backend_name": "aer_simulator"
    },
    "result": {
        "instance_id": 1,
        "repitition_id": 30,
        "sampled_distribution": [
            [
                "1111",
                7331
            ],
            [
                "0111",
                888
            ],
            [
                "1011",
                695
            ],
            [
                "1101",
                674
            ],
            [
                "1110",
                267
            ],
            [
                "0011",
                45
            ],
            [
                "0101",
                30
            ],
            [
                "1100",
                28
            ],
            [
                "1010",
                17
            ],
            [
                "1001",
                15
            ],
            [
                "0110",
                10
            ]
        ],
        "num_training_loops": 40,
        "final_training_cost": -8.182373046875,
        "optimal_params": [
            4.483334756857711,
            1.4744804183311542,
            1.4198449438993948,
            3.0318138513050337
        ]
    }
}