{
    "metadata": {
        "qaoaLayers": 1,
        "backend_name": "aer_simulator"
    },
    "result": {
        "instance_id": 2,
        "repitition_id": 97,
        "sampled_distribution": [
            [
                "1111",
                8674
            ],
            [
                "1110",
                349
            ],
            [
                "1011",
                310
            ],
            [
                "1101",
                310
            ],
            [
                "0111",
                287
            ],
            [
                "0011",
                13
            ],
            [
                "1001",
                12
            ],
            [
                "0110",
                12
            ],
            [
                "0101",
                12
            ],
            [
                "1100",
                10
            ],
            [
                "1010",
                7
            ],
            [
                "0001",
                4
            ]
        ],
        "num_training_loops": 26,
        "final_training_cost": -13.086669921875,
        "optimal_params": [
            2.9536783086483167,
            0.01569613294407408
        ]
    }
}