{
    "metadata": {
        "qaoaLayers": 20,
        "backend_name": "aer_simulator"
    },
    "result": {
        "instance_id": 2,
        "repitition_id": 49,
        "sampled_distribution": [
            [
                "1110",
                1960
            ],
            [
                "1011",
                1915
            ],
            [
                "1101",
                1895
            ],
            [
                "0111",
                1830
            ],
            [
                "1111",
                1491
            ],
            [
                "1010",
                167
            ],
            [
                "0011",
                157
            ],
            [
                "0110",
                152
            ],
            [
                "1100",
                149
            ],
            [
                "0101",
                149
            ],
            [
                "1001",
                131
            ],
            [
                "0000",
                1
            ],
            [
                "1000",
                1
            ],
            [
                "0001",
                1
            ],
            [
                "0010",
                1
            ]
        ],
        "num_training_loops": 320,
        "final_training_cost": -13.05322265625,
        "optimal_params": [
            3.141460968841648,
            2.948078732406165,
            2.8199033341725217,
            3.671733948970389,
            2.512071090749006,
            2.401583654657149,
            2.197204180504111,
            2.0442982766860562,
            2.8678843068550046,
            2.730189622047114,
            1.5806506661550308,
            1.4151110910288536,
            1.2593584062749643,
            1.1051126470684263,
            0.9479211174468586,
            0.7824700610169599,
            0.6240518179545727,
            0.4733688766352188,
            0.3185199675879427,
            0.15726985240872124,
            1.2531874642193173,
            0.4049939574509497,
            1.237574345568638,
            0.4881312769922812,
            0.6372560052578302,
            0.7689553319800312,
            0.9427990726500107,
            1.0952472264611546,
            1.2556972019783614,
            1.4081158942656151,
            1.5663336691409757,
            1.718338991385883,
            1.8874025682616593,
            2.0422666354021684,
            2.195460240132377,
            2.353642616991804,
            2.5085908787594797,
            2.675161318502951,
            2.814723197484374,
            3.975584348228298
        ]
    }
}