{
    "metadata": {
        "qaoaLayers": 1,
        "backend_name": "aer_simulator"
    },
    "result": {
        "instance_id": 1,
        "repitition_id": 44,
        "sampled_distribution": [
            [
                "1111",
                7876
            ],
            [
                "1110",
                515
            ],
            [
                "1011",
                499
            ],
            [
                "0111",
                470
            ],
            [
                "1101",
                456
            ],
            [
                "0110",
                37
            ],
            [
                "0011",
                32
            ],
            [
                "0101",
                31
            ],
            [
                "1001",
                29
            ],
            [
                "1100",
                25
            ],
            [
                "1010",
                25
            ],
            [
                "0010",
                4
            ],
            [
                "0100",
                1
            ]
        ],
        "num_training_loops": 21,
        "final_training_cost": -8.106689453125,
        "optimal_params": [
            3.384422234195972,
            0.1286169192417052
        ]
    }
}