{
    "metadata": {
        "qaoaLayers": 3,
        "backend_name": "aer_simulator"
    },
    "result": {
        "instance_id": 2,
        "repitition_id": 92,
        "sampled_distribution": [
            [
                "1111",
                8797
            ],
            [
                "1110",
                302
            ],
            [
                "0111",
                291
            ],
            [
                "1101",
                275
            ],
            [
                "1011",
                275
            ],
            [
                "0000",
                15
            ],
            [
                "1000",
                8
            ],
            [
                "0010",
                5
            ],
            [
                "1100",
                5
            ],
            [
                "0100",
                5
            ],
            [
                "0001",
                5
            ],
            [
                "0101",
                4
            ],
            [
                "1010",
                4
            ],
            [
                "1001",
                4
            ],
            [
                "0110",
                3
            ],
            [
                "0011",
                2
            ]
        ],
        "num_training_loops": 42,
        "final_training_cost": -12.935546875,
        "optimal_params": [
            4.3913503217043,
            3.0946640818566644,
            1.0582006569566407,
            -0.12512893431817693,
            1.048027438056882,
            2.0934898623964022
        ]
    }
}