{
    "metadata": {
        "qaoaLayers": 3,
        "backend_name": "aer_simulator"
    },
    "result": {
        "instance_id": 1,
        "repitition_id": 96,
        "sampled_distribution": [
            [
                "1111",
                6305
            ],
            [
                "1110",
                986
            ],
            [
                "1011",
                843
            ],
            [
                "1101",
                796
            ],
            [
                "0111",
                650
            ],
            [
                "1010",
                128
            ],
            [
                "1100",
                126
            ],
            [
                "0110",
                49
            ],
            [
                "1001",
                48
            ],
            [
                "0011",
                25
            ],
            [
                "0101",
                24
            ],
            [
                "1000",
                8
            ],
            [
                "0010",
                7
            ],
            [
                "0100",
                4
            ],
            [
                "0001",
                1
            ]
        ],
        "num_training_loops": 53,
        "final_training_cost": -8.206787109375,
        "optimal_params": [
            2.9686173796178226,
            1.5071676128786535,
            1.2998449485725905,
            0.03995277639510637,
            2.0569081136765246,
            2.4846258116415862
        ]
    }
}