{
    "metadata": {
        "qaoaLayers": 20,
        "backend_name": "aer_simulator"
    },
    "result": {
        "instance_id": 2,
        "repitition_id": 41,
        "sampled_distribution": [
            [
                "1011",
                2342
            ],
            [
                "1101",
                2313
            ],
            [
                "1110",
                2309
            ],
            [
                "0111",
                2287
            ],
            [
                "1111",
                553
            ],
            [
                "0011",
                37
            ],
            [
                "1100",
                35
            ],
            [
                "1010",
                34
            ],
            [
                "0101",
                27
            ],
            [
                "1001",
                26
            ],
            [
                "0110",
                22
            ],
            [
                "0000",
                10
            ],
            [
                "0001",
                2
            ],
            [
                "0100",
                2
            ],
            [
                "1000",
                1
            ]
        ],
        "num_training_loops": 320,
        "final_training_cost": -13.712158203125,
        "optimal_params": [
            3.1390933568655144,
            2.860991856518564,
            2.8377500912145535,
            3.6903986150071146,
            2.53539578024798,
            2.3626412345934673,
            2.1899698215451564,
            2.056403571329045,
            2.867604568228351,
            2.768895059463174,
            1.597649666122548,
            1.3882188810719367,
            1.253417911281232,
            1.1529153512763164,
            1.0549226207323827,
            0.800426205662471,
            0.6272657007152569,
            0.47422840841632957,
            0.37873987213936794,
            0.00961559314896791,
            1.0063537825422937,
            -0.0844910235408327,
            1.318522706874557,
            0.4797523586073087,
            0.6310832113210175,
            0.7844486740940826,
            0.9407593918987651,
            1.0995648920173315,
            1.265010214340159,
            1.409848730245983,
            1.5742271695265242,
            1.7320422331694514,
            1.8871974098952475,
            2.0439875652200685,
            2.200088458044962,
            2.3579353937943317,
            2.5153133736599265,
            2.6710776637349465,
            2.825719218877969,
            3.9818037152903822
        ]
    }
}