{
    "metadata": {
        "qaoaLayers": 2,
        "backend_name": "aer_simulator"
    },
    "result": {
        "instance_id": 1,
        "repitition_id": 87,
        "sampled_distribution": [
            [
                "1111",
                8203
            ],
            [
                "1110",
                849
            ],
            [
                "0111",
                812
            ],
            [
                "1001",
                25
            ],
            [
                "0101",
                24
            ],
            [
                "1011",
                24
            ],
            [
                "1101",
                24
            ],
            [
                "0011",
                19
            ],
            [
                "0110",
                12
            ],
            [
                "1000",
                5
            ],
            [
                "1010",
                3
            ]
        ],
        "num_training_loops": 37,
        "final_training_cost": -8.107421875,
        "optimal_params": [
            4.534283264655212,
            1.4397591796191138,
            1.3969337514402604,
            2.808869559043768
        ]
    }
}