{
    "metadata": {
        "qaoaLayers": 4,
        "backend_name": "aer_simulator_from(fake_torino)"
    },
    "result": {
        "instance_id": 1,
        "repitition_id": 49,
        "sampled_distribution": [
            [
                "1111",
                2350
            ],
            [
                "1011",
                1421
            ],
            [
                "1101",
                1293
            ],
            [
                "1110",
                1284
            ],
            [
                "1010",
                704
            ],
            [
                "1100",
                695
            ],
            [
                "1001",
                545
            ],
            [
                "0111",
                303
            ],
            [
                "1000",
                297
            ],
            [
                "0011",
                240
            ],
            [
                "0101",
                215
            ],
            [
                "0110",
                203
            ],
            [
                "0100",
                136
            ],
            [
                "0010",
                133
            ],
            [
                "0001",
                113
            ],
            [
                "0000",
                68
            ]
        ],
        "num_training_loops": 75,
        "final_training_cost": -6.616943359375,
        "optimal_params": [
            4.145420541401165,
            2.2882739498176776,
            1.5833148905816574,
            1.1361989235387142,
            -0.009961560101088975,
            0.6288856045248716,
            1.5626194246682605,
            2.2889665709792357
        ]
    }
}