{
    "metadata": {
        "qaoaLayers": 3,
        "backend_name": "aer_simulator"
    },
    "result": {
        "instance_id": 1,
        "repitition_id": 1,
        "sampled_distribution": [
            [
                "1111",
                4503
            ],
            [
                "0111",
                1545
            ],
            [
                "1101",
                1322
            ],
            [
                "1011",
                1260
            ],
            [
                "1110",
                913
            ],
            [
                "1100",
                222
            ],
            [
                "1010",
                192
            ],
            [
                "0001",
                14
            ],
            [
                "0010",
                8
            ],
            [
                "0110",
                7
            ],
            [
                "0100",
                6
            ],
            [
                "1001",
                5
            ],
            [
                "0000",
                3
            ]
        ],
        "num_training_loops": 64,
        "final_training_cost": -8.48583984375,
        "optimal_params": [
            3.4865320732774,
            1.7289370680690659,
            1.6155389303208718,
            0.9223288772982646,
            1.098740230399264,
            2.338616003193499
        ]
    }
}