{
    "metadata": {
        "qaoaLayers": 3,
        "backend_name": "aer_simulator_from(fake_torino)"
    },
    "result": {
        "instance_id": 1,
        "repitition_id": 64,
        "sampled_distribution": [
            [
                "1111",
                7783
            ],
            [
                "1011",
                617
            ],
            [
                "0111",
                578
            ],
            [
                "1101",
                445
            ],
            [
                "1110",
                164
            ],
            [
                "1001",
                152
            ],
            [
                "0011",
                91
            ],
            [
                "0101",
                74
            ],
            [
                "0110",
                60
            ],
            [
                "0001",
                12
            ],
            [
                "1010",
                10
            ],
            [
                "1100",
                9
            ],
            [
                "0000",
                2
            ],
            [
                "0100",
                2
            ],
            [
                "0010",
                1
            ]
        ],
        "num_training_loops": 48,
        "final_training_cost": -7.87158203125,
        "optimal_params": [
            3.1614639545346286,
            1.587278688485878,
            1.6895338444028272,
            0.9952480707865102,
            0.6670873239392296,
            2.346133864199624
        ]
    }
}