{
    "metadata": {
        "qaoaLayers": 3,
        "backend_name": "aer_simulator"
    },
    "result": {
        "instance_id": 2,
        "repitition_id": 33,
        "sampled_distribution": [
            [
                "1111",
                8412
            ],
            [
                "1110",
                411
            ],
            [
                "1011",
                363
            ],
            [
                "1101",
                360
            ],
            [
                "0111",
                346
            ],
            [
                "0000",
                25
            ],
            [
                "0110",
                15
            ],
            [
                "1100",
                14
            ],
            [
                "0011",
                14
            ],
            [
                "0101",
                14
            ],
            [
                "1001",
                12
            ],
            [
                "1010",
                7
            ],
            [
                "1000",
                3
            ],
            [
                "0010",
                2
            ],
            [
                "0001",
                2
            ]
        ],
        "num_training_loops": 49,
        "final_training_cost": -13.01025390625,
        "optimal_params": [
            4.383713001265011,
            3.0943775627448273,
            1.0488582327535954,
            1.1442513850415859,
            1.0479746080442205,
            2.085995820344866
        ]
    }
}