{
    "metadata": {
        "qaoaLayers": 4,
        "backend_name": "aer_simulator_from(fake_torino)"
    },
    "result": {
        "instance_id": 1,
        "repitition_id": 25,
        "sampled_distribution": [
            [
                "1111",
                7392
            ],
            [
                "1011",
                607
            ],
            [
                "0111",
                530
            ],
            [
                "1101",
                509
            ],
            [
                "1110",
                299
            ],
            [
                "1001",
                222
            ],
            [
                "0011",
                124
            ],
            [
                "0101",
                106
            ],
            [
                "0110",
                96
            ],
            [
                "1010",
                34
            ],
            [
                "0001",
                29
            ],
            [
                "0010",
                14
            ],
            [
                "1100",
                13
            ],
            [
                "1000",
                13
            ],
            [
                "0000",
                7
            ],
            [
                "0100",
                5
            ]
        ],
        "num_training_loops": 62,
        "final_training_cost": -7.68896484375,
        "optimal_params": [
            4.305131075854729,
            2.006161454176284,
            1.4669112181924941,
            1.4154814758983958,
            1.1278969972358774,
            0.6443665526127141,
            1.513220401117433,
            2.5154537794581624
        ]
    }
}