{
    "metadata": {
        "qaoaLayers": 4,
        "backend_name": "aer_simulator"
    },
    "result": {
        "instance_id": 1,
        "repitition_id": 69,
        "sampled_distribution": [
            [
                "1111",
                3775
            ],
            [
                "0111",
                2687
            ],
            [
                "1011",
                1364
            ],
            [
                "1101",
                1314
            ],
            [
                "1110",
                446
            ],
            [
                "1100",
                134
            ],
            [
                "1010",
                122
            ],
            [
                "0101",
                41
            ],
            [
                "0011",
                40
            ],
            [
                "1001",
                32
            ],
            [
                "0110",
                14
            ],
            [
                "0010",
                12
            ],
            [
                "0001",
                9
            ],
            [
                "0100",
                7
            ],
            [
                "1000",
                3
            ]
        ],
        "num_training_loops": 69,
        "final_training_cost": -8.45947265625,
        "optimal_params": [
            4.40895371912631,
            1.8724067451332242,
            1.4416313757727908,
            1.3505846041568101,
            1.1732650081045193,
            0.5829679215520536,
            1.3217931261227072,
            2.59518975177545
        ]
    }
}