{
    "metadata": {
        "qaoaLayers": 1,
        "backend_name": "aer_simulator_from(fake_torino)"
    },
    "result": {
        "instance_id": 1,
        "repitition_id": 28,
        "sampled_distribution": [
            [
                "1111",
                8192
            ],
            [
                "0111",
                574
            ],
            [
                "1011",
                376
            ],
            [
                "1101",
                371
            ],
            [
                "1110",
                283
            ],
            [
                "1001",
                52
            ],
            [
                "0011",
                42
            ],
            [
                "0110",
                38
            ],
            [
                "0101",
                35
            ],
            [
                "1100",
                17
            ],
            [
                "1010",
                14
            ],
            [
                "0001",
                3
            ],
            [
                "1000",
                1
            ],
            [
                "0100",
                1
            ],
            [
                "0000",
                1
            ]
        ],
        "num_training_loops": 26,
        "final_training_cost": -8.005126953125,
        "optimal_params": [
            2.9764347613622166,
            -0.13143903366258894
        ]
    }
}