{
    "metadata": {
        "qaoaLayers": 4,
        "backend_name": "aer_simulator"
    },
    "result": {
        "instance_id": 2,
        "repitition_id": 96,
        "sampled_distribution": [
            [
                "1111",
                7440
            ],
            [
                "1101",
                638
            ],
            [
                "1011",
                632
            ],
            [
                "0111",
                606
            ],
            [
                "1110",
                594
            ],
            [
                "1100",
                18
            ],
            [
                "0110",
                18
            ],
            [
                "0101",
                16
            ],
            [
                "1001",
                13
            ],
            [
                "0011",
                12
            ],
            [
                "1010",
                12
            ],
            [
                "0100",
                1
            ]
        ],
        "num_training_loops": 62,
        "final_training_cost": -13.16943359375,
        "optimal_params": [
            3.1267693151654776,
            3.383718930625567,
            1.5827523077147416,
            1.7730649066937791,
            1.0002229243208116,
            0.7849345826693742,
            2.5993624433901426,
            2.3551793797339795
        ]
    }
}