{
    "metadata": {
        "qaoaLayers": 1,
        "backend_name": "aer_simulator"
    },
    "result": {
        "instance_id": 1,
        "repitition_id": 98,
        "sampled_distribution": [
            [
                "1111",
                7905
            ],
            [
                "1110",
                510
            ],
            [
                "1101",
                491
            ],
            [
                "1011",
                487
            ],
            [
                "0111",
                448
            ],
            [
                "0101",
                30
            ],
            [
                "1001",
                29
            ],
            [
                "0110",
                27
            ],
            [
                "1010",
                25
            ],
            [
                "1100",
                21
            ],
            [
                "0011",
                20
            ],
            [
                "0001",
                3
            ],
            [
                "0100",
                2
            ],
            [
                "0000",
                1
            ],
            [
                "1000",
                1
            ]
        ],
        "num_training_loops": 23,
        "final_training_cost": -8.1142578125,
        "optimal_params": [
            3.3793697615041465,
            0.0896781271336844
        ]
    }
}