{
    "metadata": {
        "qaoaLayers": 3,
        "backend_name": "aer_simulator_from(fake_torino)"
    },
    "result": {
        "instance_id": 1,
        "repitition_id": 16,
        "sampled_distribution": [
            [
                "1111",
                6646
            ],
            [
                "0111",
                1345
            ],
            [
                "1011",
                637
            ],
            [
                "1101",
                501
            ],
            [
                "1110",
                310
            ],
            [
                "1001",
                167
            ],
            [
                "0110",
                109
            ],
            [
                "0011",
                101
            ],
            [
                "0101",
                81
            ],
            [
                "1010",
                27
            ],
            [
                "1100",
                20
            ],
            [
                "0001",
                15
            ],
            [
                "0100",
                13
            ],
            [
                "0010",
                13
            ],
            [
                "1000",
                8
            ],
            [
                "0000",
                7
            ]
        ],
        "num_training_loops": 50,
        "final_training_cost": -7.718017578125,
        "optimal_params": [
            3.2607901861968984,
            1.8129690256672941,
            1.3563152595872305,
            -0.0639644573748955,
            1.1706936015668297,
            1.9995707081399532
        ]
    }
}