{
    "metadata": {
        "qaoaLayers": 20,
        "backend_name": "aer_simulator"
    },
    "result": {
        "instance_id": 2,
        "repitition_id": 8,
        "sampled_distribution": [
            [
                "1110",
                2166
            ],
            [
                "1011",
                2163
            ],
            [
                "0111",
                2119
            ],
            [
                "1101",
                2108
            ],
            [
                "1111",
                1373
            ],
            [
                "1000",
                19
            ],
            [
                "0010",
                16
            ],
            [
                "0100",
                10
            ],
            [
                "0001",
                10
            ],
            [
                "0000",
                4
            ],
            [
                "1010",
                3
            ],
            [
                "1001",
                3
            ],
            [
                "0101",
                2
            ],
            [
                "1100",
                2
            ],
            [
                "0011",
                2
            ]
        ],
        "num_training_loops": 310,
        "final_training_cost": -13.70947265625,
        "optimal_params": [
            3.126128567333715,
            2.9681754359178023,
            2.791158002647486,
            3.7335000690007067,
            2.503163562315226,
            2.393641791975167,
            2.196121973353236,
            2.043215250652881,
            2.882255695549721,
            2.719073263285272,
            1.5898564550753451,
            1.4233521275064827,
            1.2840351600711897,
            1.1193238396580656,
            0.9177798678520102,
            0.7760846149906848,
            0.6365013618797928,
            0.49993216884492386,
            0.30532011166546824,
            0.1432572808376289,
            0.9979506838597314,
            0.18162298660875273,
            1.3085307328900853,
            0.46221930349314516,
            0.6408509794195081,
            0.7775583776592067,
            0.9576594160259296,
            1.1017541539805886,
            1.2618371177791996,
            1.4171969285651969,
            1.574412924598392,
            1.7297857958734082,
            1.8839076802565538,
            2.043920720268519,
            2.207834192912287,
            2.362558331071702,
            2.5161211948407978,
            2.67115019943021,
            2.828884202989852,
            4.000728657346555
        ]
    }
}