{
    "metadata": {
        "qaoaLayers": 2,
        "backend_name": "aer_simulator"
    },
    "result": {
        "instance_id": 1,
        "repitition_id": 84,
        "sampled_distribution": [
            [
                "1111",
                7291
            ],
            [
                "1110",
                1036
            ],
            [
                "1101",
                497
            ],
            [
                "1011",
                492
            ],
            [
                "0111",
                407
            ],
            [
                "1010",
                82
            ],
            [
                "1100",
                63
            ],
            [
                "0110",
                58
            ],
            [
                "1001",
                32
            ],
            [
                "0011",
                19
            ],
            [
                "0101",
                12
            ],
            [
                "1000",
                5
            ],
            [
                "0100",
                3
            ],
            [
                "0001",
                2
            ],
            [
                "0010",
                1
            ]
        ],
        "num_training_loops": 38,
        "final_training_cost": -8.14697265625,
        "optimal_params": [
            4.79675538486456,
            1.297863582664556,
            -0.31741886845698286,
            1.0511154325174152
        ]
    }
}