{
    "metadata": {
        "qaoaLayers": 4,
        "backend_name": "aer_simulator"
    },
    "result": {
        "instance_id": 1,
        "repitition_id": 97,
        "sampled_distribution": [
            [
                "1111",
                2813
            ],
            [
                "1110",
                1620
            ],
            [
                "1011",
                1520
            ],
            [
                "1101",
                1470
            ],
            [
                "1100",
                819
            ],
            [
                "1010",
                764
            ],
            [
                "1001",
                440
            ],
            [
                "1000",
                235
            ],
            [
                "0111",
                112
            ],
            [
                "0101",
                65
            ],
            [
                "0011",
                55
            ],
            [
                "0000",
                23
            ],
            [
                "0110",
                19
            ],
            [
                "0001",
                18
            ],
            [
                "0100",
                17
            ],
            [
                "0010",
                10
            ]
        ],
        "num_training_loops": 63,
        "final_training_cost": -8.0673828125,
        "optimal_params": [
            4.207336597296136,
            2.2819297925207107,
            1.6612203677399207,
            1.1003633402307877,
            0.0008509390308827224,
            0.6743638654627677,
            1.4498578297156315,
            2.354278778762594
        ]
    }
}