{
    "metadata": {
        "qaoaLayers": 3,
        "backend_name": "aer_simulator"
    },
    "result": {
        "instance_id": 2,
        "repitition_id": 15,
        "sampled_distribution": [
            [
                "1111",
                3097
            ],
            [
                "1101",
                1759
            ],
            [
                "1011",
                1717
            ],
            [
                "0111",
                1645
            ],
            [
                "1110",
                1644
            ],
            [
                "1000",
                23
            ],
            [
                "0001",
                22
            ],
            [
                "0100",
                21
            ],
            [
                "0101",
                14
            ],
            [
                "0010",
                13
            ],
            [
                "0011",
                9
            ],
            [
                "1001",
                8
            ],
            [
                "1100",
                8
            ],
            [
                "0110",
                8
            ],
            [
                "1010",
                6
            ],
            [
                "0000",
                6
            ]
        ],
        "num_training_loops": 51,
        "final_training_cost": -13.441162109375,
        "optimal_params": [
            4.419955977461613,
            3.389022993406457,
            1.4644912087042297,
            -0.11690989923741348,
            0.7145237189803085,
            2.3295391956801104
        ]
    }
}