{
    "metadata": {
        "qaoaLayers": 3,
        "backend_name": "aer_simulator"
    },
    "result": {
        "instance_id": 2,
        "repitition_id": 90,
        "sampled_distribution": [
            [
                "1111",
                6489
            ],
            [
                "1011",
                894
            ],
            [
                "1110",
                854
            ],
            [
                "0111",
                827
            ],
            [
                "1101",
                826
            ],
            [
                "1001",
                16
            ],
            [
                "0110",
                16
            ],
            [
                "1100",
                15
            ],
            [
                "0011",
                14
            ],
            [
                "1010",
                12
            ],
            [
                "0100",
                12
            ],
            [
                "0101",
                10
            ],
            [
                "0010",
                6
            ],
            [
                "1000",
                6
            ],
            [
                "0001",
                3
            ]
        ],
        "num_training_loops": 60,
        "final_training_cost": -13.194580078125,
        "optimal_params": [
            4.1263159541767465,
            3.1483454605046983,
            1.1186351312838412,
            0.9888664514564147,
            1.0741127616423292,
            2.0976971853579793
        ]
    }
}