{
    "metadata": {
        "qaoaLayers": 4,
        "backend_name": "aer_simulator"
    },
    "result": {
        "instance_id": 2,
        "repitition_id": 33,
        "sampled_distribution": [
            [
                "1111",
                6401
            ],
            [
                "0111",
                883
            ],
            [
                "1101",
                874
            ],
            [
                "1011",
                823
            ],
            [
                "1110",
                820
            ],
            [
                "1001",
                36
            ],
            [
                "1010",
                35
            ],
            [
                "0110",
                30
            ],
            [
                "1100",
                29
            ],
            [
                "0101",
                27
            ],
            [
                "0011",
                24
            ],
            [
                "0100",
                5
            ],
            [
                "0010",
                4
            ],
            [
                "1000",
                4
            ],
            [
                "0001",
                3
            ],
            [
                "0000",
                2
            ]
        ],
        "num_training_loops": 65,
        "final_training_cost": -13.193603515625,
        "optimal_params": [
            3.1251472978338986,
            3.3828340710639466,
            1.5713015437268627,
            1.7794719356745226,
            1.0031414727338275,
            0.7801620354680006,
            2.5813582710340865,
            2.3429620347022233
        ]
    }
}