{
    "metadata": {
        "qaoaLayers": 20,
        "backend_name": "aer_simulator"
    },
    "result": {
        "instance_id": 2,
        "repitition_id": 83,
        "sampled_distribution": [
            [
                "1110",
                2414
            ],
            [
                "0111",
                2314
            ],
            [
                "1011",
                2288
            ],
            [
                "1101",
                2280
            ],
            [
                "1111",
                469
            ],
            [
                "1100",
                46
            ],
            [
                "0110",
                45
            ],
            [
                "1001",
                43
            ],
            [
                "0011",
                36
            ],
            [
                "1010",
                30
            ],
            [
                "0101",
                30
            ],
            [
                "0000",
                3
            ],
            [
                "1000",
                1
            ],
            [
                "0100",
                1
            ]
        ],
        "num_training_loops": 359,
        "final_training_cost": -13.735107421875,
        "optimal_params": [
            3.132412364767,
            2.9813529915600596,
            2.8290708433572296,
            3.606172004673415,
            2.495209668741084,
            2.3493012497495442,
            2.1982706273903445,
            2.0322914583745395,
            2.896950831794281,
            2.722498287149915,
            1.5695130316729256,
            1.3663661654142596,
            1.2558852232232323,
            1.0839115024810824,
            0.9373556035820924,
            0.7573367830425699,
            0.6507604483855295,
            0.5363060483029596,
            0.41678915359939367,
            0.15446147956158954,
            -0.042692006578787134,
            0.12309573863573021,
            1.2813977782666268,
            0.45975538821594253,
            0.6173959270582283,
            0.7900455031396344,
            0.9438096934084997,
            1.1028533421580555,
            1.2668573570596267,
            1.3870491639529081,
            1.562228640209722,
            1.7262057079073336,
            1.8812882044941248,
            2.0391066837657736,
            2.203060257486648,
            2.3578284509589698,
            2.5132474374416875,
            2.6687901572797004,
            2.8560737916664602,
            3.972333011420736
        ]
    }
}