{
    "metadata": {
        "qaoaLayers": 20,
        "backend_name": "aer_simulator"
    },
    "result": {
        "instance_id": 2,
        "repitition_id": 7,
        "sampled_distribution": [
            [
                "1101",
                2294
            ],
            [
                "0111",
                2274
            ],
            [
                "1011",
                2254
            ],
            [
                "1110",
                2183
            ],
            [
                "1111",
                567
            ],
            [
                "1010",
                73
            ],
            [
                "0011",
                72
            ],
            [
                "0101",
                71
            ],
            [
                "0110",
                67
            ],
            [
                "1100",
                66
            ],
            [
                "1001",
                57
            ],
            [
                "0000",
                14
            ],
            [
                "0100",
                4
            ],
            [
                "0001",
                2
            ],
            [
                "1000",
                1
            ],
            [
                "0010",
                1
            ]
        ],
        "num_training_loops": 275,
        "final_training_cost": -13.434814453125,
        "optimal_params": [
            3.148909605997175,
            2.98465981634397,
            2.82370747500404,
            3.7200092030721086,
            2.4701767833727444,
            2.39943031267176,
            2.2226381279614205,
            1.9980186905213364,
            2.878409626930751,
            2.757211325806743,
            1.5061497082735282,
            1.453785340774581,
            1.2748740732705202,
            1.0623604250413428,
            0.9445711948295961,
            0.8020210136143155,
            0.6428447671952808,
            0.515273045024394,
            0.4191988179104098,
            0.12614036757545785,
            -0.016649568918364246,
            0.13813876108554304,
            1.2933241062437622,
            0.47050051305075347,
            0.6273013540406003,
            0.7856711658763319,
            0.9461310538998698,
            1.09692726386811,
            1.2534725105639692,
            1.4234074181398721,
            1.5667169991224068,
            1.7241835196064252,
            1.8803646579901385,
            2.0424848042612287,
            2.1943445523994725,
            2.3550982205841877,
            2.511197548711218,
            2.6723581090473405,
            2.849908063280153,
            3.971695239849388
        ]
    }
}