{
    "metadata": {
        "qaoaLayers": 4,
        "backend_name": "aer_simulator_from(fake_torino)"
    },
    "result": {
        "instance_id": 1,
        "repitition_id": 4,
        "sampled_distribution": [
            [
                "1111",
                2880
            ],
            [
                "1011",
                1751
            ],
            [
                "1101",
                1680
            ],
            [
                "0111",
                730
            ],
            [
                "1110",
                700
            ],
            [
                "1010",
                471
            ],
            [
                "1001",
                441
            ],
            [
                "1100",
                424
            ],
            [
                "0011",
                239
            ],
            [
                "0101",
                229
            ],
            [
                "0110",
                135
            ],
            [
                "1000",
                114
            ],
            [
                "0001",
                77
            ],
            [
                "0010",
                57
            ],
            [
                "0100",
                46
            ],
            [
                "0000",
                26
            ]
        ],
        "num_training_loops": 70,
        "final_training_cost": -7.32568359375,
        "optimal_params": [
            4.171345923016406,
            2.2768422027829898,
            1.485466417475695,
            1.2996352457994675,
            1.0082288013571008,
            0.6397937284710071,
            1.5690356002697163,
            2.333035767353903
        ]
    }
}