{
    "metadata": {
        "qaoaLayers": 1,
        "backend_name": "aer_simulator"
    },
    "result": {
        "instance_id": 2,
        "repitition_id": 17,
        "sampled_distribution": [
            [
                "1111",
                8373
            ],
            [
                "1011",
                404
            ],
            [
                "0111",
                377
            ],
            [
                "1110",
                372
            ],
            [
                "1101",
                366
            ],
            [
                "0101",
                21
            ],
            [
                "1010",
                20
            ],
            [
                "0110",
                19
            ],
            [
                "1001",
                16
            ],
            [
                "1100",
                14
            ],
            [
                "0011",
                12
            ],
            [
                "0001",
                4
            ],
            [
                "0010",
                1
            ],
            [
                "0100",
                1
            ]
        ],
        "num_training_loops": 23,
        "final_training_cost": -13.062744140625,
        "optimal_params": [
            3.3518138309730507,
            0.027903244777850413
        ]
    }
}