{
    "metadata": {
        "qaoaLayers": 3,
        "backend_name": "aer_simulator_from(fake_torino)"
    },
    "result": {
        "instance_id": 1,
        "repitition_id": 47,
        "sampled_distribution": [
            [
                "1111",
                5247
            ],
            [
                "1110",
                1428
            ],
            [
                "1011",
                743
            ],
            [
                "0111",
                701
            ],
            [
                "1101",
                656
            ],
            [
                "0110",
                210
            ],
            [
                "1010",
                206
            ],
            [
                "1100",
                167
            ],
            [
                "0011",
                161
            ],
            [
                "1001",
                155
            ],
            [
                "0101",
                125
            ],
            [
                "0010",
                65
            ],
            [
                "0001",
                42
            ],
            [
                "1000",
                39
            ],
            [
                "0100",
                36
            ],
            [
                "0000",
                19
            ]
        ],
        "num_training_loops": 56,
        "final_training_cost": -7.526123046875,
        "optimal_params": [
            3.0102334230481733,
            1.6726019962655676,
            1.146755166822789,
            0.002840822439117658,
            2.039258213369965,
            1.9892512203545003
        ]
    }
}