{
    "metadata": {
        "qaoaLayers": 4,
        "backend_name": "aer_simulator"
    },
    "result": {
        "instance_id": 1,
        "repitition_id": 90,
        "sampled_distribution": [
            [
                "1111",
                4334
            ],
            [
                "0111",
                1348
            ],
            [
                "1101",
                1212
            ],
            [
                "1011",
                1183
            ],
            [
                "1110",
                669
            ],
            [
                "1001",
                245
            ],
            [
                "0101",
                224
            ],
            [
                "1010",
                223
            ],
            [
                "0011",
                212
            ],
            [
                "1100",
                202
            ],
            [
                "0110",
                91
            ],
            [
                "1000",
                32
            ],
            [
                "0000",
                12
            ],
            [
                "0100",
                7
            ],
            [
                "0010",
                3
            ],
            [
                "0001",
                3
            ]
        ],
        "num_training_loops": 71,
        "final_training_cost": -7.769775390625,
        "optimal_params": [
            4.150599455521992,
            2.201807575169083,
            1.5755253114542176,
            1.0481848027759302,
            0.03303291726483384,
            0.6651283034713386,
            1.3987033980406134,
            2.5623148320886977
        ]
    }
}