{
    "metadata": {
        "qaoaLayers": 3,
        "backend_name": "aer_simulator"
    },
    "result": {
        "instance_id": 1,
        "repitition_id": 27,
        "sampled_distribution": [
            [
                "1111",
                3572
            ],
            [
                "0111",
                1750
            ],
            [
                "1101",
                1456
            ],
            [
                "1011",
                1435
            ],
            [
                "1110",
                1032
            ],
            [
                "1100",
                349
            ],
            [
                "1010",
                307
            ],
            [
                "0101",
                25
            ],
            [
                "0011",
                21
            ],
            [
                "0010",
                12
            ],
            [
                "0100",
                12
            ],
            [
                "0001",
                11
            ],
            [
                "1001",
                10
            ],
            [
                "0110",
                5
            ],
            [
                "1000",
                2
            ],
            [
                "0000",
                1
            ]
        ],
        "num_training_loops": 60,
        "final_training_cost": -8.6103515625,
        "optimal_params": [
            3.4270202855091147,
            1.759225658024761,
            1.6701581409288848,
            0.9739180416863585,
            0.9933967257998282,
            2.5668234371234733
        ]
    }
}