{
    "metadata": {
        "qaoaLayers": 2,
        "backend_name": "aer_simulator"
    },
    "result": {
        "instance_id": 2,
        "repitition_id": 88,
        "sampled_distribution": [
            [
                "1111",
                8628
            ],
            [
                "1011",
                341
            ],
            [
                "1110",
                326
            ],
            [
                "1101",
                316
            ],
            [
                "0111",
                307
            ],
            [
                "0101",
                20
            ],
            [
                "1100",
                16
            ],
            [
                "0011",
                16
            ],
            [
                "1010",
                15
            ],
            [
                "1001",
                9
            ],
            [
                "0110",
                4
            ],
            [
                "1000",
                1
            ],
            [
                "0001",
                1
            ]
        ],
        "num_training_loops": 41,
        "final_training_cost": -13.07421875,
        "optimal_params": [
            4.782998346567285,
            1.3903085829337454,
            1.3096051082044957,
            2.5445883362591664
        ]
    }
}