{
    "metadata": {
        "qaoaLayers": 1,
        "backend_name": "aer_simulator"
    },
    "result": {
        "instance_id": 1,
        "repitition_id": 63,
        "sampled_distribution": [
            [
                "1111",
                7741
            ],
            [
                "1101",
                524
            ],
            [
                "1110",
                516
            ],
            [
                "0111",
                502
            ],
            [
                "1011",
                498
            ],
            [
                "0110",
                41
            ],
            [
                "0011",
                37
            ],
            [
                "1001",
                37
            ],
            [
                "0101",
                36
            ],
            [
                "1010",
                32
            ],
            [
                "1100",
                28
            ],
            [
                "0001",
                2
            ],
            [
                "0100",
                2
            ],
            [
                "1000",
                2
            ],
            [
                "0010",
                2
            ]
        ],
        "num_training_loops": 22,
        "final_training_cost": -8.0966796875,
        "optimal_params": [
            3.3959478130391414,
            0.1246624406424761
        ]
    }
}