{
    "metadata": {
        "qaoaLayers": 3,
        "backend_name": "aer_simulator_from(fake_torino)"
    },
    "result": {
        "instance_id": 1,
        "repitition_id": 15,
        "sampled_distribution": [
            [
                "1111",
                7064
            ],
            [
                "1011",
                694
            ],
            [
                "1110",
                595
            ],
            [
                "0111",
                576
            ],
            [
                "1101",
                537
            ],
            [
                "1001",
                139
            ],
            [
                "0110",
                94
            ],
            [
                "0011",
                87
            ],
            [
                "0101",
                70
            ],
            [
                "1010",
                51
            ],
            [
                "1100",
                50
            ],
            [
                "1000",
                16
            ],
            [
                "0001",
                11
            ],
            [
                "0010",
                9
            ],
            [
                "0100",
                5
            ],
            [
                "0000",
                2
            ]
        ],
        "num_training_loops": 57,
        "final_training_cost": -7.794677734375,
        "optimal_params": [
            3.033248552317919,
            1.4842819347595961,
            1.3037357484149112,
            -0.3035231841019794,
            2.0461457160968832,
            2.4563110145739087
        ]
    }
}