{
    "metadata": {
        "qaoaLayers": 4,
        "backend_name": "aer_simulator"
    },
    "result": {
        "instance_id": 1,
        "repitition_id": 6,
        "sampled_distribution": [
            [
                "0111",
                3779
            ],
            [
                "1101",
                1877
            ],
            [
                "1011",
                1856
            ],
            [
                "1100",
                676
            ],
            [
                "1010",
                658
            ],
            [
                "1110",
                360
            ],
            [
                "0110",
                300
            ],
            [
                "1111",
                295
            ],
            [
                "0011",
                50
            ],
            [
                "0101",
                45
            ],
            [
                "1000",
                31
            ],
            [
                "0001",
                31
            ],
            [
                "0000",
                25
            ],
            [
                "1001",
                13
            ],
            [
                "0010",
                3
            ],
            [
                "0100",
                1
            ]
        ],
        "num_training_loops": 80,
        "final_training_cost": -8.59765625,
        "optimal_params": [
            4.140025605844209,
            1.8448088465145855,
            1.4263737222615769,
            1.3010552023624147,
            1.009514731426119,
            0.7640866572702139,
            1.5795132374100957,
            2.4793155031491096
        ]
    }
}