{
    "metadata": {
        "qaoaLayers": 1,
        "backend_name": "aer_simulator"
    },
    "result": {
        "instance_id": 1,
        "repitition_id": 62,
        "sampled_distribution": [
            [
                "1111",
                7756
            ],
            [
                "0111",
                535
            ],
            [
                "1011",
                524
            ],
            [
                "1101",
                494
            ],
            [
                "1110",
                480
            ],
            [
                "0011",
                47
            ],
            [
                "0110",
                37
            ],
            [
                "0101",
                35
            ],
            [
                "1001",
                30
            ],
            [
                "1100",
                26
            ],
            [
                "1010",
                24
            ],
            [
                "1000",
                5
            ],
            [
                "0001",
                3
            ],
            [
                "0100",
                3
            ],
            [
                "0010",
                1
            ]
        ],
        "num_training_loops": 24,
        "final_training_cost": -8.103271484375,
        "optimal_params": [
            3.3942503495291776,
            0.09314735735823654
        ]
    }
}