{
    "metadata": {
        "qaoaLayers": 2,
        "backend_name": "aer_simulator_from(fake_torino)"
    },
    "result": {
        "instance_id": 1,
        "repitition_id": 65,
        "sampled_distribution": [
            [
                "1111",
                8027
            ],
            [
                "1011",
                557
            ],
            [
                "0111",
                479
            ],
            [
                "1101",
                319
            ],
            [
                "1110",
                300
            ],
            [
                "1001",
                81
            ],
            [
                "0011",
                79
            ],
            [
                "0101",
                65
            ],
            [
                "0110",
                52
            ],
            [
                "1010",
                17
            ],
            [
                "0001",
                9
            ],
            [
                "1100",
                8
            ],
            [
                "1000",
                3
            ],
            [
                "0100",
                2
            ],
            [
                "0010",
                2
            ]
        ],
        "num_training_loops": 35,
        "final_training_cost": -7.935546875,
        "optimal_params": [
            4.914658464253747,
            1.5119507979084763,
            0.9613642612797554,
            1.3205817202158845
        ]
    }
}