{
    "metadata": {
        "qaoaLayers": 1,
        "backend_name": "aer_simulator"
    },
    "result": {
        "instance_id": 2,
        "repitition_id": 35,
        "sampled_distribution": [
            [
                "1111",
                8633
            ],
            [
                "1011",
                337
            ],
            [
                "1101",
                327
            ],
            [
                "0111",
                325
            ],
            [
                "1110",
                306
            ],
            [
                "1001",
                16
            ],
            [
                "0101",
                14
            ],
            [
                "0011",
                13
            ],
            [
                "1010",
                11
            ],
            [
                "1100",
                11
            ],
            [
                "0110",
                6
            ],
            [
                "0010",
                1
            ]
        ],
        "num_training_loops": 23,
        "final_training_cost": -13.071533203125,
        "optimal_params": [
            3.3322791749301675,
            0.19275610093747755
        ]
    }
}