{
    "metadata": {
        "qaoaLayers": 3,
        "backend_name": "aer_simulator"
    },
    "result": {
        "instance_id": 2,
        "repitition_id": 11,
        "sampled_distribution": [
            [
                "1111",
                8432
            ],
            [
                "1011",
                372
            ],
            [
                "0111",
                362
            ],
            [
                "1110",
                355
            ],
            [
                "1101",
                346
            ],
            [
                "0000",
                19
            ],
            [
                "1100",
                18
            ],
            [
                "0101",
                17
            ],
            [
                "0011",
                14
            ],
            [
                "1001",
                13
            ],
            [
                "1010",
                12
            ],
            [
                "0110",
                12
            ],
            [
                "0100",
                8
            ],
            [
                "1000",
                8
            ],
            [
                "0010",
                6
            ],
            [
                "0001",
                6
            ]
        ],
        "num_training_loops": 49,
        "final_training_cost": -12.9169921875,
        "optimal_params": [
            4.424808120180128,
            3.092400793929395,
            1.1014004436331999,
            1.0000512734317466,
            1.0312394476049231,
            2.0999918208333326
        ]
    }
}