{
    "metadata": {
        "qaoaLayers": 20,
        "backend_name": "aer_simulator"
    },
    "result": {
        "instance_id": 2,
        "repitition_id": 26,
        "sampled_distribution": [
            [
                "1110",
                2328
            ],
            [
                "1101",
                2304
            ],
            [
                "1011",
                2264
            ],
            [
                "0111",
                2241
            ],
            [
                "1111",
                779
            ],
            [
                "0000",
                29
            ],
            [
                "0110",
                15
            ],
            [
                "1001",
                12
            ],
            [
                "0101",
                9
            ],
            [
                "0011",
                7
            ],
            [
                "1010",
                6
            ],
            [
                "1100",
                4
            ],
            [
                "0010",
                1
            ],
            [
                "0100",
                1
            ]
        ],
        "num_training_loops": 269,
        "final_training_cost": -13.69140625,
        "optimal_params": [
            3.1336734975879477,
            2.992859967287289,
            2.828501939701426,
            2.674206406301557,
            2.5138826414034523,
            2.3532884919268775,
            3.19467828840039,
            2.042933115936422,
            1.8840441290400527,
            1.732093821980921,
            2.5738455466332892,
            1.4126084935216225,
            1.2523720711684876,
            2.130835220605939,
            0.9187552082669858,
            0.7865711432348756,
            0.5584723569605262,
            0.47672271913138115,
            0.3134252234292629,
            0.14892379902646558,
            0.031386521296940736,
            0.18838466995703051,
            0.31445912380506624,
            0.47220651976403105,
            0.6302483120816852,
            0.7865590743064198,
            0.9428305255518925,
            1.1122616103051852,
            1.2827238631324422,
            1.4079977158320987,
            1.5545466259013438,
            1.7275536205886992,
            1.8846162191767986,
            2.054227254360193,
            2.2059125497191983,
            2.3571416575505024,
            2.514344067510098,
            2.6708721037440752,
            2.8280487562314485,
            2.9846730002701762
        ]
    }
}