{
    "metadata": {
        "qaoaLayers": 4,
        "backend_name": "aer_simulator"
    },
    "result": {
        "instance_id": 2,
        "repitition_id": 87,
        "sampled_distribution": [
            [
                "1111",
                5100
            ],
            [
                "1011",
                1227
            ],
            [
                "0111",
                1205
            ],
            [
                "1101",
                1195
            ],
            [
                "1110",
                1172
            ],
            [
                "0101",
                22
            ],
            [
                "0110",
                18
            ],
            [
                "1100",
                14
            ],
            [
                "1010",
                11
            ],
            [
                "1001",
                11
            ],
            [
                "0100",
                9
            ],
            [
                "0011",
                8
            ],
            [
                "0001",
                4
            ],
            [
                "1000",
                2
            ],
            [
                "0000",
                2
            ]
        ],
        "num_training_loops": 69,
        "final_training_cost": -13.30615234375,
        "optimal_params": [
            3.1728453285570906,
            3.3700605334353857,
            1.5676313431154743,
            1.7282435502976763,
            0.0001182986948158248,
            0.7869422612929267,
            2.508928557228836,
            3.3568836045653176
        ]
    }
}