{
    "metadata": {
        "qaoaLayers": 4,
        "backend_name": "aer_simulator_from(fake_torino)"
    },
    "result": {
        "instance_id": 1,
        "repitition_id": 28,
        "sampled_distribution": [
            [
                "1111",
                6781
            ],
            [
                "1011",
                728
            ],
            [
                "0111",
                727
            ],
            [
                "1101",
                635
            ],
            [
                "1110",
                445
            ],
            [
                "1001",
                180
            ],
            [
                "0011",
                138
            ],
            [
                "0101",
                110
            ],
            [
                "0110",
                102
            ],
            [
                "1010",
                45
            ],
            [
                "1100",
                40
            ],
            [
                "0001",
                34
            ],
            [
                "1000",
                12
            ],
            [
                "0100",
                10
            ],
            [
                "0010",
                9
            ],
            [
                "0000",
                4
            ]
        ],
        "num_training_loops": 79,
        "final_training_cost": -7.789306640625,
        "optimal_params": [
            4.635716316521931,
            1.5264107868841759,
            1.7140772459072997,
            1.6931962997840746,
            0.9480216778763283,
            0.8030310545684027,
            1.556173291409475,
            3.056024265471297
        ]
    }
}