{
    "metadata": {
        "qaoaLayers": 3,
        "backend_name": "aer_simulator"
    },
    "result": {
        "instance_id": 2,
        "repitition_id": 4,
        "sampled_distribution": [
            [
                "1111",
                8904
            ],
            [
                "1101",
                271
            ],
            [
                "0111",
                268
            ],
            [
                "1011",
                258
            ],
            [
                "1110",
                254
            ],
            [
                "0000",
                15
            ],
            [
                "1000",
                7
            ],
            [
                "0010",
                6
            ],
            [
                "0001",
                5
            ],
            [
                "0110",
                3
            ],
            [
                "0101",
                3
            ],
            [
                "0100",
                2
            ],
            [
                "1001",
                1
            ],
            [
                "1010",
                1
            ],
            [
                "1100",
                1
            ],
            [
                "0011",
                1
            ]
        ],
        "num_training_loops": 43,
        "final_training_cost": -12.859619140625,
        "optimal_params": [
            4.3910316501329545,
            3.0943281960414013,
            1.0661560351398576,
            -0.12515495228138876,
            1.0478486278277839,
            2.094602418188047
        ]
    }
}