{
    "metadata": {
        "qaoaLayers": 4,
        "backend_name": "aer_simulator_from(fake_torino)"
    },
    "result": {
        "instance_id": 1,
        "repitition_id": 86,
        "sampled_distribution": [
            [
                "1111",
                3637
            ],
            [
                "1011",
                1623
            ],
            [
                "1101",
                1423
            ],
            [
                "1110",
                877
            ],
            [
                "0111",
                685
            ],
            [
                "1001",
                383
            ],
            [
                "1100",
                332
            ],
            [
                "1010",
                324
            ],
            [
                "0011",
                196
            ],
            [
                "0101",
                177
            ],
            [
                "0110",
                107
            ],
            [
                "1000",
                80
            ],
            [
                "0001",
                78
            ],
            [
                "0010",
                36
            ],
            [
                "0100",
                31
            ],
            [
                "0000",
                11
            ]
        ],
        "num_training_loops": 56,
        "final_training_cost": -7.596923828125,
        "optimal_params": [
            4.170337968501852,
            2.2190499072886647,
            1.4778597763558152,
            1.3798791613434938,
            1.1079221669991013,
            0.632923876073437,
            1.5048757655870693,
            2.308230004744166
        ]
    }
}