{
    "metadata": {
        "qaoaLayers": 1,
        "backend_name": "aer_simulator"
    },
    "result": {
        "instance_id": 1,
        "repitition_id": 22,
        "sampled_distribution": [
            [
                "1111",
                8409
            ],
            [
                "1011",
                383
            ],
            [
                "1101",
                379
            ],
            [
                "0111",
                375
            ],
            [
                "1110",
                360
            ],
            [
                "1100",
                21
            ],
            [
                "1010",
                16
            ],
            [
                "0011",
                16
            ],
            [
                "1001",
                16
            ],
            [
                "0110",
                13
            ],
            [
                "0101",
                11
            ],
            [
                "0100",
                1
            ]
        ],
        "num_training_loops": 24,
        "final_training_cost": -8.087158203125,
        "optimal_params": [
            3.344006712628346,
            0.03632900668262514
        ]
    }
}