{
    "metadata": {
        "qaoaLayers": 4,
        "backend_name": "aer_simulator"
    },
    "result": {
        "instance_id": 1,
        "repitition_id": 89,
        "sampled_distribution": [
            [
                "0111",
                3876
            ],
            [
                "1011",
                1780
            ],
            [
                "1101",
                1704
            ],
            [
                "1111",
                530
            ],
            [
                "1010",
                528
            ],
            [
                "1100",
                515
            ],
            [
                "1110",
                411
            ],
            [
                "0110",
                170
            ],
            [
                "0001",
                161
            ],
            [
                "0101",
                98
            ],
            [
                "0011",
                96
            ],
            [
                "1001",
                77
            ],
            [
                "1000",
                23
            ],
            [
                "0000",
                16
            ],
            [
                "0100",
                10
            ],
            [
                "0010",
                5
            ]
        ],
        "num_training_loops": 65,
        "final_training_cost": -8.110595703125,
        "optimal_params": [
            4.129253317801195,
            1.855260535931763,
            1.4033601098564006,
            1.2628178427950496,
            1.0045744904638207,
            0.7460584543096658,
            1.4878168148887292,
            2.4672524373139613
        ]
    }
}