{
    "metadata": {
        "qaoaLayers": 4,
        "backend_name": "aer_simulator"
    },
    "result": {
        "instance_id": 2,
        "repitition_id": 72,
        "sampled_distribution": [
            [
                "1111",
                4365
            ],
            [
                "1101",
                1373
            ],
            [
                "0111",
                1349
            ],
            [
                "1011",
                1324
            ],
            [
                "1110",
                1273
            ],
            [
                "1010",
                63
            ],
            [
                "0101",
                58
            ],
            [
                "1100",
                55
            ],
            [
                "0011",
                51
            ],
            [
                "1001",
                45
            ],
            [
                "0110",
                43
            ],
            [
                "0001",
                1
            ]
        ],
        "num_training_loops": 77,
        "final_training_cost": -13.3125,
        "optimal_params": [
            3.126968378340258,
            3.3703230354075964,
            1.5466278256884154,
            1.7633027587609769,
            1.0087405426975786,
            0.7844462026786421,
            2.5760206751946124,
            3.3734480455352447
        ]
    }
}