{
    "metadata": {
        "qaoaLayers": 3,
        "backend_name": "aer_simulator_from(fake_torino)"
    },
    "result": {
        "instance_id": 1,
        "repitition_id": 82,
        "sampled_distribution": [
            [
                "1111",
                4691
            ],
            [
                "0111",
                1857
            ],
            [
                "1011",
                1254
            ],
            [
                "1101",
                1148
            ],
            [
                "0110",
                269
            ],
            [
                "1110",
                185
            ],
            [
                "0011",
                165
            ],
            [
                "1001",
                141
            ],
            [
                "0101",
                108
            ],
            [
                "1010",
                46
            ],
            [
                "0001",
                41
            ],
            [
                "1100",
                40
            ],
            [
                "0010",
                26
            ],
            [
                "0100",
                16
            ],
            [
                "0000",
                10
            ],
            [
                "1000",
                3
            ]
        ],
        "num_training_loops": 48,
        "final_training_cost": -7.651611328125,
        "optimal_params": [
            3.041538170694965,
            1.8417535714066435,
            1.3776684478680117,
            0.9785036587395429,
            2.0121049412110072,
            2.092292407747699
        ]
    }
}