{
    "metadata": {
        "qaoaLayers": 20,
        "backend_name": "aer_simulator"
    },
    "result": {
        "instance_id": 1,
        "repitition_id": 28,
        "sampled_distribution": [
            [
                "1010",
                2607
            ],
            [
                "1100",
                2580
            ],
            [
                "0111",
                1639
            ],
            [
                "1111",
                922
            ],
            [
                "1101",
                644
            ],
            [
                "1011",
                559
            ],
            [
                "1000",
                204
            ],
            [
                "0011",
                178
            ],
            [
                "0101",
                163
            ],
            [
                "1001",
                145
            ],
            [
                "1110",
                98
            ],
            [
                "0110",
                82
            ],
            [
                "0010",
                71
            ],
            [
                "0100",
                54
            ],
            [
                "0001",
                51
            ],
            [
                "0000",
                3
            ]
        ],
        "num_training_loops": 367,
        "final_training_cost": -8.324951171875,
        "optimal_params": [
            4.56487108552383,
            3.986591756121873,
            3.819451649964263,
            2.6667740089654726,
            2.5558985207811222,
            2.438931150827107,
            3.252452807911024,
            2.004505324909988,
            1.8867012667105283,
            1.7214765088198565,
            1.5807622060133324,
            1.6795301403552187,
            1.2511060241360552,
            1.1015844448088443,
            0.9515093464224829,
            0.782322730331554,
            0.6166139706392949,
            0.5510684138265789,
            0.3260539893672567,
            0.16467815454654522,
            -0.07348518782207082,
            0.11731981874213007,
            0.3208565595549977,
            0.48040114284530117,
            0.6269917587042243,
            0.8208402858584231,
            0.9492558673470661,
            1.1036681214097162,
            1.2709006209007832,
            1.4250519517452467,
            1.5608673386989453,
            1.7329921440849858,
            1.9070710482181512,
            2.048866136638045,
            2.207147319042693,
            3.360032254582277,
            2.5330363325545804,
            2.6621956779040983,
            3.807461820769459,
            3.0013013651617886
        ]
    }
}