{
    "metadata": {
        "qaoaLayers": 3,
        "backend_name": "aer_simulator"
    },
    "result": {
        "instance_id": 2,
        "repitition_id": 88,
        "sampled_distribution": [
            [
                "1111",
                8836
            ],
            [
                "1110",
                278
            ],
            [
                "1011",
                275
            ],
            [
                "0111",
                260
            ],
            [
                "1101",
                249
            ],
            [
                "0000",
                21
            ],
            [
                "0101",
                15
            ],
            [
                "1100",
                13
            ],
            [
                "1001",
                13
            ],
            [
                "0011",
                11
            ],
            [
                "0110",
                9
            ],
            [
                "1010",
                8
            ],
            [
                "1000",
                4
            ],
            [
                "0001",
                4
            ],
            [
                "0010",
                4
            ]
        ],
        "num_training_loops": 44,
        "final_training_cost": -12.974365234375,
        "optimal_params": [
            4.38953845325879,
            3.105228156311341,
            1.0992072274339313,
            0.9986008074150443,
            1.031681903340744,
            2.1000016901673697
        ]
    }
}