{
    "metadata": {
        "qaoaLayers": 1,
        "backend_name": "aer_simulator"
    },
    "result": {
        "instance_id": 1,
        "repitition_id": 6,
        "sampled_distribution": [
            [
                "1111",
                7778
            ],
            [
                "0111",
                535
            ],
            [
                "1101",
                507
            ],
            [
                "1011",
                485
            ],
            [
                "1110",
                479
            ],
            [
                "1001",
                40
            ],
            [
                "0011",
                39
            ],
            [
                "1010",
                37
            ],
            [
                "0110",
                34
            ],
            [
                "1100",
                31
            ],
            [
                "0101",
                28
            ],
            [
                "0001",
                3
            ],
            [
                "0010",
                2
            ],
            [
                "1000",
                1
            ],
            [
                "0100",
                1
            ]
        ],
        "num_training_loops": 24,
        "final_training_cost": -8.096435546875,
        "optimal_params": [
            3.386805540667692,
            -2.6769099758567672e-05
        ]
    }
}