{
    "metadata": {
        "qaoaLayers": 3,
        "backend_name": "aer_simulator"
    },
    "result": {
        "instance_id": 2,
        "repitition_id": 87,
        "sampled_distribution": [
            [
                "1111",
                9494
            ],
            [
                "0111",
                132
            ],
            [
                "1011",
                118
            ],
            [
                "1101",
                108
            ],
            [
                "1110",
                105
            ],
            [
                "0110",
                10
            ],
            [
                "1001",
                9
            ],
            [
                "0101",
                9
            ],
            [
                "1100",
                5
            ],
            [
                "0011",
                5
            ],
            [
                "1010",
                4
            ],
            [
                "0001",
                1
            ]
        ],
        "num_training_loops": 46,
        "final_training_cost": -13.015380859375,
        "optimal_params": [
            4.151017275563423,
            3.1423483684228564,
            1.0080795955650974,
            1.0003823205730626,
            1.0423266684879473,
            2.087428339929797
        ]
    }
}