{
    "metadata": {
        "qaoaLayers": 20,
        "backend_name": "aer_simulator"
    },
    "result": {
        "instance_id": 1,
        "repitition_id": 76,
        "sampled_distribution": [
            [
                "1010",
                2414
            ],
            [
                "1110",
                2347
            ],
            [
                "1100",
                2326
            ],
            [
                "0111",
                1220
            ],
            [
                "1111",
                1024
            ],
            [
                "1001",
                352
            ],
            [
                "1101",
                60
            ],
            [
                "0110",
                55
            ],
            [
                "1011",
                50
            ],
            [
                "0010",
                42
            ],
            [
                "1000",
                39
            ],
            [
                "0100",
                35
            ],
            [
                "0011",
                13
            ],
            [
                "0001",
                12
            ],
            [
                "0000",
                6
            ],
            [
                "0101",
                5
            ]
        ],
        "num_training_loops": 350,
        "final_training_cost": -8.685302734375,
        "optimal_params": [
            4.386815908201199,
            4.045722244951225,
            3.7736817749710205,
            2.7467255178363947,
            2.5014330616645934,
            2.3858475772350434,
            3.2560731015604416,
            2.014075662976207,
            1.8865685666572327,
            1.7676706944182141,
            1.5987565185428474,
            1.7447330452015852,
            1.2479497863889404,
            1.0281362105048273,
            0.9819181487024224,
            0.699219944208894,
            0.6704700375444821,
            0.3414906039312933,
            0.48410052570901896,
            0.20008135012758696,
            1.0254329654646548,
            0.15046808388684652,
            0.30966997708486504,
            0.4669040830863654,
            0.6535320868835127,
            0.7911980907599482,
            0.9371918753386745,
            1.1138603626776724,
            1.244681776585712,
            1.4320249962142155,
            1.561180082535782,
            1.7040319508365298,
            1.896527797797487,
            2.036207354428811,
            2.2008582057887827,
            3.360101275601979,
            2.477901791039532,
            2.6557270432360283,
            3.817135123490518,
            2.9785296913071413
        ]
    }
}