{
    "metadata": {
        "qaoaLayers": 3,
        "backend_name": "aer_simulator"
    },
    "result": {
        "instance_id": 2,
        "repitition_id": 91,
        "sampled_distribution": [
            [
                "1111",
                8778
            ],
            [
                "1101",
                307
            ],
            [
                "0111",
                289
            ],
            [
                "1011",
                284
            ],
            [
                "1110",
                277
            ],
            [
                "0000",
                15
            ],
            [
                "0010",
                9
            ],
            [
                "0100",
                9
            ],
            [
                "1000",
                8
            ],
            [
                "0001",
                7
            ],
            [
                "0101",
                5
            ],
            [
                "1001",
                4
            ],
            [
                "1010",
                4
            ],
            [
                "0110",
                2
            ],
            [
                "0011",
                2
            ]
        ],
        "num_training_loops": 44,
        "final_training_cost": -12.903564453125,
        "optimal_params": [
            4.3971498314110065,
            3.0926230624504085,
            1.0637998258089345,
            -0.0017135307805497186,
            1.0515903245253138,
            2.0921777408497575
        ]
    }
}