{
    "metadata": {
        "qaoaLayers": 20,
        "backend_name": "aer_simulator"
    },
    "result": {
        "instance_id": 2,
        "repitition_id": 78,
        "sampled_distribution": [
            [
                "0111",
                2358
            ],
            [
                "1110",
                2344
            ],
            [
                "1011",
                2244
            ],
            [
                "1101",
                2172
            ],
            [
                "1111",
                667
            ],
            [
                "1100",
                39
            ],
            [
                "0110",
                36
            ],
            [
                "1001",
                36
            ],
            [
                "0011",
                31
            ],
            [
                "0101",
                29
            ],
            [
                "1010",
                27
            ],
            [
                "0100",
                7
            ],
            [
                "0001",
                4
            ],
            [
                "0010",
                3
            ],
            [
                "1000",
                3
            ]
        ],
        "num_training_loops": 365,
        "final_training_cost": -13.746826171875,
        "optimal_params": [
            3.1507662444377447,
            2.8694633162722716,
            2.8493034490655633,
            3.6838098404776867,
            2.5136407710471125,
            2.3691576785356427,
            2.230468834509618,
            2.091532407090427,
            2.875496475257955,
            2.7293004938738115,
            1.5552847088642026,
            1.4193422785137717,
            1.4011191381825234,
            1.0905408370091554,
            0.9441569406712605,
            0.7878657612776319,
            0.6338008165272554,
            0.47097836153939654,
            0.3223992722689232,
            0.1616267729699537,
            1.243809937906282,
            0.16306980260960918,
            1.321310510536093,
            0.4849619687575028,
            0.6334885832306962,
            0.7893201348259696,
            0.9511011410823171,
            1.091166379870348,
            1.2762430144768777,
            1.387619163628295,
            1.5760218535371686,
            1.7080518589591003,
            1.881741183306728,
            2.050056763496129,
            2.197277441935087,
            2.3554316415210046,
            2.5252801422233246,
            2.67684425746046,
            2.8191742778210087,
            4.015336082082068
        ]
    }
}