{
    "metadata": {
        "qaoaLayers": 4,
        "backend_name": "aer_simulator"
    },
    "result": {
        "instance_id": 2,
        "repitition_id": 55,
        "sampled_distribution": [
            [
                "1111",
                5591
            ],
            [
                "1110",
                1116
            ],
            [
                "0111",
                1105
            ],
            [
                "1101",
                1091
            ],
            [
                "1011",
                1044
            ],
            [
                "0100",
                7
            ],
            [
                "0011",
                7
            ],
            [
                "0010",
                6
            ],
            [
                "1010",
                6
            ],
            [
                "0110",
                5
            ],
            [
                "0101",
                5
            ],
            [
                "1001",
                5
            ],
            [
                "1000",
                4
            ],
            [
                "1100",
                3
            ],
            [
                "0001",
                3
            ],
            [
                "0000",
                2
            ]
        ],
        "num_training_loops": 68,
        "final_training_cost": -13.355224609375,
        "optimal_params": [
            3.181056283989452,
            3.3799778240694964,
            1.5365011266231243,
            1.7352771608598052,
            0.9669080138712749,
            0.8167196596331361,
            2.5456940098586296,
            2.330923081155632
        ]
    }
}