{
    "metadata": {
        "qaoaLayers": 2,
        "backend_name": "aer_simulator"
    },
    "result": {
        "instance_id": 2,
        "repitition_id": 68,
        "sampled_distribution": [
            [
                "1111",
                8128
            ],
            [
                "1110",
                477
            ],
            [
                "1101",
                460
            ],
            [
                "0111",
                441
            ],
            [
                "1011",
                411
            ],
            [
                "0001",
                11
            ],
            [
                "0100",
                11
            ],
            [
                "1000",
                10
            ],
            [
                "0110",
                8
            ],
            [
                "0010",
                7
            ],
            [
                "0000",
                7
            ],
            [
                "1100",
                7
            ],
            [
                "0101",
                7
            ],
            [
                "1010",
                5
            ],
            [
                "0011",
                5
            ],
            [
                "1001",
                5
            ]
        ],
        "num_training_loops": 43,
        "final_training_cost": -12.987060546875,
        "optimal_params": [
            4.979237783652174,
            1.1528358164549712,
            -0.014303260961631223,
            2.5898114232080194
        ]
    }
}