{
    "metadata": {
        "qaoaLayers": 2,
        "backend_name": "aer_simulator"
    },
    "result": {
        "instance_id": 2,
        "repitition_id": 8,
        "sampled_distribution": [
            [
                "1111",
                5448
            ],
            [
                "1011",
                1163
            ],
            [
                "1110",
                1145
            ],
            [
                "0111",
                1106
            ],
            [
                "1101",
                1097
            ],
            [
                "0010",
                9
            ],
            [
                "0001",
                7
            ],
            [
                "1000",
                6
            ],
            [
                "0011",
                5
            ],
            [
                "1100",
                3
            ],
            [
                "0100",
                3
            ],
            [
                "1010",
                3
            ],
            [
                "0101",
                2
            ],
            [
                "0110",
                1
            ],
            [
                "1001",
                1
            ],
            [
                "0000",
                1
            ]
        ],
        "num_training_loops": 45,
        "final_training_cost": -13.36328125,
        "optimal_params": [
            4.443614462106182,
            1.686393898094712,
            0.9297941048666586,
            1.637691654551402
        ]
    }
}