{
    "metadata": {
        "qaoaLayers": 4,
        "backend_name": "aer_simulator"
    },
    "result": {
        "instance_id": 2,
        "repitition_id": 81,
        "sampled_distribution": [
            [
                "1111",
                4952
            ],
            [
                "1011",
                1264
            ],
            [
                "0111",
                1197
            ],
            [
                "1101",
                1183
            ],
            [
                "1110",
                1140
            ],
            [
                "1100",
                54
            ],
            [
                "0011",
                42
            ],
            [
                "0101",
                41
            ],
            [
                "1001",
                34
            ],
            [
                "0110",
                32
            ],
            [
                "1010",
                31
            ],
            [
                "0001",
                11
            ],
            [
                "1000",
                10
            ],
            [
                "0100",
                5
            ],
            [
                "0010",
                4
            ]
        ],
        "num_training_loops": 68,
        "final_training_cost": -13.209228515625,
        "optimal_params": [
            3.167744029290021,
            3.410209779434279,
            1.5669668827804468,
            1.7647914259746253,
            -0.2916468588209946,
            1.752671339108929,
            2.5673516421963694,
            2.3243000123501396
        ]
    }
}