{
    "metadata": {
        "qaoaLayers": 3,
        "backend_name": "aer_simulator"
    },
    "result": {
        "instance_id": 2,
        "repitition_id": 65,
        "sampled_distribution": [
            [
                "1111",
                8240
            ],
            [
                "0111",
                435
            ],
            [
                "1011",
                421
            ],
            [
                "1110",
                418
            ],
            [
                "1101",
                406
            ],
            [
                "1100",
                17
            ],
            [
                "1010",
                14
            ],
            [
                "0011",
                13
            ],
            [
                "0101",
                8
            ],
            [
                "1001",
                8
            ],
            [
                "0110",
                6
            ],
            [
                "0100",
                5
            ],
            [
                "1000",
                4
            ],
            [
                "0010",
                3
            ],
            [
                "0001",
                2
            ]
        ],
        "num_training_loops": 57,
        "final_training_cost": -13.092529296875,
        "optimal_params": [
            4.115448536706476,
            3.145746374094336,
            1.0286737157035286,
            1.0035141297430832,
            1.0620847875008539,
            2.0566396489714145
        ]
    }
}