{
    "metadata": {
        "qaoaLayers": 3,
        "backend_name": "aer_simulator"
    },
    "result": {
        "instance_id": 2,
        "repitition_id": 41,
        "sampled_distribution": [
            [
                "1011",
                2025
            ],
            [
                "1101",
                1995
            ],
            [
                "1111",
                1955
            ],
            [
                "0111",
                1954
            ],
            [
                "1110",
                1951
            ],
            [
                "0110",
                17
            ],
            [
                "0011",
                13
            ],
            [
                "0101",
                13
            ],
            [
                "1001",
                12
            ],
            [
                "1010",
                11
            ],
            [
                "1100",
                11
            ],
            [
                "0000",
                10
            ],
            [
                "1000",
                9
            ],
            [
                "0001",
                8
            ],
            [
                "0010",
                8
            ],
            [
                "0100",
                8
            ]
        ],
        "num_training_loops": 50,
        "final_training_cost": -13.58642578125,
        "optimal_params": [
            4.415696539181385,
            3.34550614035315,
            1.461193985150723,
            -0.12423116508702814,
            0.9831002223396609,
            2.2944959873156017
        ]
    }
}