{
    "metadata": {
        "qaoaLayers": 2,
        "backend_name": "aer_simulator"
    },
    "result": {
        "instance_id": 1,
        "repitition_id": 33,
        "sampled_distribution": [
            [
                "1111",
                6402
            ],
            [
                "0111",
                1405
            ],
            [
                "1101",
                983
            ],
            [
                "1011",
                954
            ],
            [
                "0110",
                112
            ],
            [
                "1110",
                54
            ],
            [
                "0011",
                23
            ],
            [
                "1001",
                23
            ],
            [
                "0101",
                21
            ],
            [
                "1100",
                9
            ],
            [
                "1010",
                8
            ],
            [
                "0001",
                5
            ],
            [
                "0000",
                1
            ]
        ],
        "num_training_loops": 40,
        "final_training_cost": -8.203369140625,
        "optimal_params": [
            4.449370399345896,
            1.388266585299056,
            1.4478101586435943,
            1.0613890267893749
        ]
    }
}