{
    "metadata": {
        "qaoaLayers": 3,
        "backend_name": "aer_simulator"
    },
    "result": {
        "instance_id": 2,
        "repitition_id": 82,
        "sampled_distribution": [
            [
                "1111",
                8833
            ],
            [
                "1011",
                291
            ],
            [
                "1110",
                280
            ],
            [
                "0111",
                269
            ],
            [
                "1101",
                265
            ],
            [
                "0000",
                16
            ],
            [
                "0100",
                8
            ],
            [
                "0010",
                8
            ],
            [
                "1010",
                7
            ],
            [
                "0101",
                5
            ],
            [
                "0001",
                4
            ],
            [
                "1001",
                4
            ],
            [
                "1000",
                3
            ],
            [
                "0110",
                3
            ],
            [
                "1100",
                2
            ],
            [
                "0011",
                2
            ]
        ],
        "num_training_loops": 42,
        "final_training_cost": -12.789794921875,
        "optimal_params": [
            4.39144579251597,
            3.0945319450576236,
            1.059399376610651,
            -0.0006722206073931825,
            1.0473540770585115,
            2.0950077496622983
        ]
    }
}