{
    "metadata": {
        "qaoaLayers": 4,
        "backend_name": "aer_simulator"
    },
    "result": {
        "instance_id": 1,
        "repitition_id": 71,
        "sampled_distribution": [
            [
                "0111",
                3090
            ],
            [
                "1101",
                2182
            ],
            [
                "1011",
                2168
            ],
            [
                "1111",
                1310
            ],
            [
                "1110",
                434
            ],
            [
                "1010",
                280
            ],
            [
                "1100",
                249
            ],
            [
                "0110",
                125
            ],
            [
                "1001",
                46
            ],
            [
                "0101",
                35
            ],
            [
                "0011",
                33
            ],
            [
                "0001",
                20
            ],
            [
                "0100",
                12
            ],
            [
                "0010",
                11
            ],
            [
                "1000",
                5
            ]
        ],
        "num_training_loops": 67,
        "final_training_cost": -8.614501953125,
        "optimal_params": [
            4.298402001178505,
            1.9534892198530478,
            1.3855240864899268,
            1.3644516697826996,
            1.1288765202638706,
            0.6077239694748039,
            1.6570659908080436,
            2.375350550128224
        ]
    }
}