{
    "metadata": {
        "qaoaLayers": 4,
        "backend_name": "aer_simulator"
    },
    "result": {
        "instance_id": 1,
        "repitition_id": 37,
        "sampled_distribution": [
            [
                "1111",
                3073
            ],
            [
                "1011",
                1668
            ],
            [
                "1101",
                1662
            ],
            [
                "1110",
                1215
            ],
            [
                "1100",
                616
            ],
            [
                "1001",
                612
            ],
            [
                "1010",
                590
            ],
            [
                "1000",
                196
            ],
            [
                "0111",
                102
            ],
            [
                "0011",
                91
            ],
            [
                "0101",
                85
            ],
            [
                "0001",
                27
            ],
            [
                "0010",
                24
            ],
            [
                "0100",
                24
            ],
            [
                "0000",
                10
            ],
            [
                "0110",
                5
            ]
        ],
        "num_training_loops": 72,
        "final_training_cost": -7.677734375,
        "optimal_params": [
            4.13834198856738,
            2.231643413262937,
            1.5986082172921465,
            1.1444023129546044,
            -0.04138340688416968,
            0.6322134259146639,
            1.5607595264947713,
            2.2954431277013057
        ]
    }
}