{
    "metadata": {
        "qaoaLayers": 20,
        "backend_name": "aer_simulator"
    },
    "result": {
        "instance_id": 1,
        "repitition_id": 51,
        "sampled_distribution": [
            [
                "1100",
                2255
            ],
            [
                "1010",
                2197
            ],
            [
                "0111",
                1936
            ],
            [
                "1110",
                1598
            ],
            [
                "1111",
                1222
            ],
            [
                "1001",
                374
            ],
            [
                "0110",
                129
            ],
            [
                "1101",
                75
            ],
            [
                "1011",
                71
            ],
            [
                "0101",
                35
            ],
            [
                "0011",
                33
            ],
            [
                "1000",
                31
            ],
            [
                "0001",
                13
            ],
            [
                "0010",
                12
            ],
            [
                "0100",
                10
            ],
            [
                "0000",
                9
            ]
        ],
        "num_training_loops": 342,
        "final_training_cost": -8.691162109375,
        "optimal_params": [
            4.539975897161225,
            4.016583085141195,
            3.815116857406882,
            2.688877504302335,
            2.5149925987979094,
            2.3639127240574718,
            3.176207360960351,
            2.0505098257039456,
            1.8843754727803623,
            1.6674784540315792,
            1.5871909878306967,
            1.713171322341568,
            1.2407542301961185,
            1.120650497945412,
            0.9689928071209886,
            0.8296237425195137,
            0.6469405605475251,
            0.2983745315892181,
            0.41745216138774416,
            0.14690638416172963,
            0.9900502085900195,
            0.14207941826681164,
            0.30562553342936793,
            0.46266962031434633,
            0.6299334539799878,
            0.7859432491665376,
            0.9396037454063269,
            1.1103955994118222,
            1.2590482166959176,
            1.4142503911187057,
            1.5813285572733378,
            1.7258261725334605,
            1.8941532477395195,
            2.0330754567653417,
            2.1894436267233983,
            3.3528208944401716,
            2.5157186147447623,
            2.6678194208293675,
            3.813676929842703,
            2.9865647332163725
        ]
    }
}