{
    "metadata": {
        "qaoaLayers": 1,
        "backend_name": "aer_simulator_from(fake_torino)"
    },
    "result": {
        "instance_id": 1,
        "repitition_id": 25,
        "sampled_distribution": [
            [
                "1111",
                8167
            ],
            [
                "1101",
                507
            ],
            [
                "0111",
                477
            ],
            [
                "1011",
                337
            ],
            [
                "1110",
                273
            ],
            [
                "0101",
                73
            ],
            [
                "1001",
                41
            ],
            [
                "0011",
                41
            ],
            [
                "0110",
                37
            ],
            [
                "1100",
                14
            ],
            [
                "1010",
                13
            ],
            [
                "0100",
                7
            ],
            [
                "0001",
                6
            ],
            [
                "0010",
                4
            ],
            [
                "1000",
                3
            ]
        ],
        "num_training_loops": 24,
        "final_training_cost": -8.037353515625,
        "optimal_params": [
            2.9731918352056845,
            0.1977300756478086
        ]
    }
}