{
    "metadata": {
        "qaoaLayers": 1,
        "backend_name": "aer_simulator_from(fake_torino)"
    },
    "result": {
        "instance_id": 1,
        "repitition_id": 71,
        "sampled_distribution": [
            [
                "1111",
                8505
            ],
            [
                "1101",
                430
            ],
            [
                "0111",
                407
            ],
            [
                "1011",
                263
            ],
            [
                "1110",
                224
            ],
            [
                "0101",
                56
            ],
            [
                "1001",
                40
            ],
            [
                "0011",
                31
            ],
            [
                "0110",
                20
            ],
            [
                "1100",
                15
            ],
            [
                "1010",
                4
            ],
            [
                "0001",
                3
            ],
            [
                "1000",
                1
            ],
            [
                "0010",
                1
            ]
        ],
        "num_training_loops": 23,
        "final_training_cost": -8.02880859375,
        "optimal_params": [
            3.2719086542769733,
            -0.15258939905524985
        ]
    }
}