{
    "metadata": {
        "qaoaLayers": 3,
        "backend_name": "aer_simulator"
    },
    "result": {
        "instance_id": 2,
        "repitition_id": 90,
        "sampled_distribution": [
            [
                "1111",
                8621
            ],
            [
                "1110",
                338
            ],
            [
                "0111",
                329
            ],
            [
                "1011",
                309
            ],
            [
                "1101",
                306
            ],
            [
                "0000",
                21
            ],
            [
                "1010",
                15
            ],
            [
                "0101",
                14
            ],
            [
                "0110",
                13
            ],
            [
                "1001",
                13
            ],
            [
                "1100",
                9
            ],
            [
                "0011",
                6
            ],
            [
                "0010",
                4
            ],
            [
                "0001",
                2
            ]
        ],
        "num_training_loops": 48,
        "final_training_cost": -12.985107421875,
        "optimal_params": [
            4.392824597122544,
            3.1050813620574615,
            1.0621301944857051,
            -0.003704390531081909,
            1.0398305079671886,
            2.0958784236175902
        ]
    }
}