{
    "metadata": {
        "qaoaLayers": 3,
        "backend_name": "aer_simulator"
    },
    "result": {
        "instance_id": 2,
        "repitition_id": 55,
        "sampled_distribution": [
            [
                "1111",
                3411
            ],
            [
                "1011",
                1689
            ],
            [
                "0111",
                1651
            ],
            [
                "1101",
                1625
            ],
            [
                "1110",
                1580
            ],
            [
                "0010",
                7
            ],
            [
                "1010",
                7
            ],
            [
                "1001",
                5
            ],
            [
                "0100",
                5
            ],
            [
                "0001",
                5
            ],
            [
                "0110",
                4
            ],
            [
                "1100",
                4
            ],
            [
                "0101",
                3
            ],
            [
                "0011",
                3
            ],
            [
                "1000",
                1
            ]
        ],
        "num_training_loops": 53,
        "final_training_cost": -13.55615234375,
        "optimal_params": [
            4.539279535980392,
            3.366582166828957,
            1.4529221543443431,
            -0.0019983605323519553,
            0.9862527154852039,
            2.2939488563538064
        ]
    }
}