{
    "metadata": {
        "qaoaLayers": 2,
        "backend_name": "aer_simulator"
    },
    "result": {
        "instance_id": 2,
        "repitition_id": 74,
        "sampled_distribution": [
            [
                "1111",
                7947
            ],
            [
                "1011",
                524
            ],
            [
                "1101",
                517
            ],
            [
                "1110",
                473
            ],
            [
                "0111",
                463
            ],
            [
                "0011",
                17
            ],
            [
                "0110",
                14
            ],
            [
                "0101",
                12
            ],
            [
                "1100",
                10
            ],
            [
                "1010",
                10
            ],
            [
                "1001",
                7
            ],
            [
                "0000",
                2
            ],
            [
                "0001",
                2
            ],
            [
                "0010",
                1
            ],
            [
                "1000",
                1
            ]
        ],
        "num_training_loops": 38,
        "final_training_cost": -13.138427734375,
        "optimal_params": [
            4.598174255683748,
            1.2355323353172336,
            0.01830644017649073,
            1.6272336566807917
        ]
    }
}