{
    "metadata": {
        "qaoaLayers": 3,
        "backend_name": "aer_simulator"
    },
    "result": {
        "instance_id": 1,
        "repitition_id": 17,
        "sampled_distribution": [
            [
                "1111",
                3753
            ],
            [
                "0111",
                1621
            ],
            [
                "1101",
                1386
            ],
            [
                "1011",
                1378
            ],
            [
                "1110",
                1084
            ],
            [
                "1010",
                321
            ],
            [
                "1100",
                319
            ],
            [
                "0001",
                35
            ],
            [
                "0011",
                21
            ],
            [
                "1001",
                20
            ],
            [
                "0110",
                17
            ],
            [
                "0101",
                16
            ],
            [
                "0100",
                12
            ],
            [
                "1000",
                10
            ],
            [
                "0010",
                7
            ]
        ],
        "num_training_loops": 60,
        "final_training_cost": -8.515380859375,
        "optimal_params": [
            3.4693833102889173,
            1.7684614502103164,
            1.6127835404316007,
            0.13069076098142848,
            1.075475251900614,
            1.8984411371080026
        ]
    }
}