{
    "metadata": {
        "qaoaLayers": 2,
        "backend_name": "aer_simulator_from(fake_torino)"
    },
    "result": {
        "instance_id": 1,
        "repitition_id": 56,
        "sampled_distribution": [
            [
                "1111",
                8539
            ],
            [
                "1011",
                432
            ],
            [
                "0111",
                338
            ],
            [
                "1101",
                249
            ],
            [
                "1110",
                204
            ],
            [
                "1001",
                73
            ],
            [
                "0011",
                51
            ],
            [
                "0110",
                50
            ],
            [
                "0101",
                36
            ],
            [
                "1010",
                9
            ],
            [
                "0010",
                6
            ],
            [
                "1100",
                6
            ],
            [
                "0001",
                4
            ],
            [
                "0100",
                3
            ]
        ],
        "num_training_loops": 37,
        "final_training_cost": -7.909912109375,
        "optimal_params": [
            4.85894790876033,
            1.4694236178358926,
            1.0025409862441201,
            1.2925319716963533
        ]
    }
}