{
    "metadata": {
        "qaoaLayers": 2,
        "backend_name": "aer_simulator"
    },
    "result": {
        "instance_id": 2,
        "repitition_id": 17,
        "sampled_distribution": [
            [
                "1111",
                8137
            ],
            [
                "1011",
                467
            ],
            [
                "0111",
                434
            ],
            [
                "1101",
                427
            ],
            [
                "1110",
                415
            ],
            [
                "0011",
                27
            ],
            [
                "0101",
                25
            ],
            [
                "1100",
                21
            ],
            [
                "1001",
                18
            ],
            [
                "1010",
                16
            ],
            [
                "0110",
                13
            ]
        ],
        "num_training_loops": 43,
        "final_training_cost": -13.08544921875,
        "optimal_params": [
            4.6453963677837375,
            1.2874469594873277,
            0.05366391704685068,
            1.6352446285770608
        ]
    }
}