{
    "metadata": {
        "qaoaLayers": 3,
        "backend_name": "aer_simulator"
    },
    "result": {
        "instance_id": 2,
        "repitition_id": 83,
        "sampled_distribution": [
            [
                "1111",
                6669
            ],
            [
                "1011",
                835
            ],
            [
                "1110",
                829
            ],
            [
                "0111",
                802
            ],
            [
                "1101",
                790
            ],
            [
                "0101",
                14
            ],
            [
                "0010",
                12
            ],
            [
                "0011",
                9
            ],
            [
                "1010",
                8
            ],
            [
                "1001",
                6
            ],
            [
                "0001",
                6
            ],
            [
                "0000",
                5
            ],
            [
                "1100",
                5
            ],
            [
                "0100",
                4
            ],
            [
                "0110",
                3
            ],
            [
                "1000",
                3
            ]
        ],
        "num_training_loops": 57,
        "final_training_cost": -13.16650390625,
        "optimal_params": [
            4.089253422300699,
            3.1326768437965824,
            1.0982545896566587,
            1.0818958714176798,
            1.0319027573300144,
            2.082072442626222
        ]
    }
}