{
    "metadata": {
        "qaoaLayers": 3,
        "backend_name": "aer_simulator"
    },
    "result": {
        "instance_id": 2,
        "repitition_id": 78,
        "sampled_distribution": [
            [
                "1111",
                8480
            ],
            [
                "1011",
                367
            ],
            [
                "1101",
                350
            ],
            [
                "0111",
                345
            ],
            [
                "1110",
                332
            ],
            [
                "0011",
                26
            ],
            [
                "0101",
                21
            ],
            [
                "0000",
                19
            ],
            [
                "1010",
                18
            ],
            [
                "1001",
                14
            ],
            [
                "1100",
                13
            ],
            [
                "0110",
                12
            ],
            [
                "0010",
                1
            ],
            [
                "0100",
                1
            ],
            [
                "0001",
                1
            ]
        ],
        "num_training_loops": 42,
        "final_training_cost": -12.96240234375,
        "optimal_params": [
            4.390162654906538,
            3.098098031302794,
            1.0622525508674263,
            -0.0016154525029508668,
            1.0437963666293677,
            2.0887753340656685
        ]
    }
}