{
    "metadata": {
        "qaoaLayers": 4,
        "backend_name": "aer_simulator"
    },
    "result": {
        "instance_id": 2,
        "repitition_id": 82,
        "sampled_distribution": [
            [
                "1111",
                7465
            ],
            [
                "0111",
                620
            ],
            [
                "1110",
                618
            ],
            [
                "1011",
                602
            ],
            [
                "1101",
                587
            ],
            [
                "0110",
                19
            ],
            [
                "1001",
                18
            ],
            [
                "1010",
                18
            ],
            [
                "1100",
                17
            ],
            [
                "0011",
                17
            ],
            [
                "0101",
                16
            ],
            [
                "0100",
                2
            ],
            [
                "0010",
                1
            ]
        ],
        "num_training_loops": 65,
        "final_training_cost": -13.116943359375,
        "optimal_params": [
            3.1361395450840384,
            3.361243405874862,
            1.5702457147577458,
            1.7760584748001436,
            1.2504907646503307,
            0.7886914172347028,
            2.5846567518017864,
            2.3536224450118635
        ]
    }
}