{
    "metadata": {
        "qaoaLayers": 2,
        "backend_name": "aer_simulator"
    },
    "result": {
        "instance_id": 2,
        "repitition_id": 14,
        "sampled_distribution": [
            [
                "1111",
                8491
            ],
            [
                "0111",
                409
            ],
            [
                "1101",
                351
            ],
            [
                "1011",
                349
            ],
            [
                "1110",
                349
            ],
            [
                "0000",
                12
            ],
            [
                "0100",
                11
            ],
            [
                "0001",
                11
            ],
            [
                "1000",
                9
            ],
            [
                "0010",
                6
            ],
            [
                "0011",
                2
            ]
        ],
        "num_training_loops": 40,
        "final_training_cost": -12.969482421875,
        "optimal_params": [
            4.965454811970207,
            1.1528482093504269,
            0.029029607255880958,
            2.5974373054390685
        ]
    }
}