{
    "metadata": {
        "qaoaLayers": 2,
        "backend_name": "aer_simulator"
    },
    "result": {
        "instance_id": 1,
        "repitition_id": 77,
        "sampled_distribution": [
            [
                "1111",
                8195
            ],
            [
                "1110",
                766
            ],
            [
                "1011",
                377
            ],
            [
                "1101",
                348
            ],
            [
                "0111",
                193
            ],
            [
                "1010",
                36
            ],
            [
                "1001",
                29
            ],
            [
                "1100",
                25
            ],
            [
                "0110",
                23
            ],
            [
                "1000",
                3
            ],
            [
                "0011",
                2
            ],
            [
                "0001",
                2
            ],
            [
                "0101",
                1
            ]
        ],
        "num_training_loops": 38,
        "final_training_cost": -8.1357421875,
        "optimal_params": [
            4.810326104289987,
            1.3638071862515544,
            0.9933929637876645,
            1.0600220203280355
        ]
    }
}