{
    "metadata": {
        "qaoaLayers": 2,
        "backend_name": "aer_simulator"
    },
    "result": {
        "instance_id": 1,
        "repitition_id": 66,
        "sampled_distribution": [
            [
                "1111",
                7455
            ],
            [
                "1110",
                1033
            ],
            [
                "0111",
                702
            ],
            [
                "1011",
                266
            ],
            [
                "1101",
                262
            ],
            [
                "1001",
                83
            ],
            [
                "0101",
                56
            ],
            [
                "0011",
                47
            ],
            [
                "1100",
                37
            ],
            [
                "1010",
                30
            ],
            [
                "0100",
                7
            ],
            [
                "0110",
                7
            ],
            [
                "0010",
                7
            ],
            [
                "1000",
                4
            ],
            [
                "0001",
                4
            ]
        ],
        "num_training_loops": 41,
        "final_training_cost": -8.06005859375,
        "optimal_params": [
            4.972672384939014,
            1.4820430682060357,
            0.9938542650028094,
            1.0146368861271837
        ]
    }
}