{
    "metadata": {
        "qaoaLayers": 1,
        "backend_name": "aer_simulator_from(fake_torino)"
    },
    "result": {
        "instance_id": 1,
        "repitition_id": 44,
        "sampled_distribution": [
            [
                "1111",
                7157
            ],
            [
                "1011",
                669
            ],
            [
                "0111",
                666
            ],
            [
                "1101",
                585
            ],
            [
                "1110",
                519
            ],
            [
                "0011",
                95
            ],
            [
                "1001",
                76
            ],
            [
                "0101",
                61
            ],
            [
                "1100",
                49
            ],
            [
                "1010",
                45
            ],
            [
                "0110",
                41
            ],
            [
                "1000",
                11
            ],
            [
                "0010",
                11
            ],
            [
                "0001",
                8
            ],
            [
                "0100",
                6
            ],
            [
                "0000",
                1
            ]
        ],
        "num_training_loops": 21,
        "final_training_cost": -7.96142578125,
        "optimal_params": [
            2.8911451959570864,
            1.0007555869027212
        ]
    }
}