{
    "metadata": {
        "qaoaLayers": 3,
        "backend_name": "aer_simulator"
    },
    "result": {
        "instance_id": 2,
        "repitition_id": 24,
        "sampled_distribution": [
            [
                "1111",
                4458
            ],
            [
                "1110",
                1380
            ],
            [
                "1101",
                1377
            ],
            [
                "0111",
                1361
            ],
            [
                "1011",
                1320
            ],
            [
                "0001",
                22
            ],
            [
                "0010",
                16
            ],
            [
                "0100",
                13
            ],
            [
                "1000",
                11
            ],
            [
                "1001",
                10
            ],
            [
                "0110",
                8
            ],
            [
                "1100",
                7
            ],
            [
                "1010",
                6
            ],
            [
                "0011",
                6
            ],
            [
                "0101",
                3
            ],
            [
                "0000",
                2
            ]
        ],
        "num_training_loops": 49,
        "final_training_cost": -13.355712890625,
        "optimal_params": [
            4.407080631928597,
            3.252887261338923,
            1.5430155665723877,
            0.020367053836924186,
            0.9857660870796053,
            2.297565801328051
        ]
    }
}