{
    "metadata": {
        "qaoaLayers": 20,
        "backend_name": "aer_simulator"
    },
    "result": {
        "instance_id": 1,
        "repitition_id": 87,
        "sampled_distribution": [
            [
                "1010",
                3136
            ],
            [
                "1100",
                3109
            ],
            [
                "0111",
                1761
            ],
            [
                "1110",
                514
            ],
            [
                "1111",
                459
            ],
            [
                "1011",
                238
            ],
            [
                "1101",
                235
            ],
            [
                "1000",
                179
            ],
            [
                "0101",
                98
            ],
            [
                "0011",
                92
            ],
            [
                "0110",
                72
            ],
            [
                "1001",
                50
            ],
            [
                "0000",
                28
            ],
            [
                "0001",
                19
            ],
            [
                "0010",
                5
            ],
            [
                "0100",
                5
            ]
        ],
        "num_training_loops": 334,
        "final_training_cost": -9.009521484375,
        "optimal_params": [
            4.533811047726118,
            4.014810950817563,
            3.8669734694639026,
            2.7276001325954717,
            2.5208223127282277,
            2.3393840344596,
            3.2035622511867903,
            2.0318774845780294,
            1.9063635005168502,
            1.7353406397479676,
            1.5538013246211815,
            1.7073213730221783,
            1.2404925992970715,
            1.1397941070919555,
            0.9452377830079361,
            0.7818520514618879,
            0.632513888671052,
            0.4755132612254971,
            0.3211830416620257,
            0.16667138583205393,
            -0.032976844424563036,
            0.14312845987774095,
            0.3023723337306051,
            0.5002239121099145,
            0.5670756922445194,
            0.7954197848388361,
            0.9551183024999745,
            1.0992534593430465,
            1.267685047578768,
            1.4209666996701753,
            1.5615849956673094,
            1.7469066631304144,
            1.8997601008526248,
            2.0453004025968045,
            2.209176379276536,
            3.390910892212309,
            2.5452825969651363,
            2.7086327718697523,
            3.7958849197989064,
            2.981192289800304
        ]
    }
}