{
    "metadata": {
        "qaoaLayers": 4,
        "backend_name": "aer_simulator"
    },
    "result": {
        "instance_id": 2,
        "repitition_id": 58,
        "sampled_distribution": [
            [
                "1111",
                4349
            ],
            [
                "1011",
                1459
            ],
            [
                "1101",
                1425
            ],
            [
                "0111",
                1392
            ],
            [
                "1110",
                1354
            ],
            [
                "1010",
                5
            ],
            [
                "1000",
                3
            ],
            [
                "1100",
                3
            ],
            [
                "1001",
                2
            ],
            [
                "0100",
                2
            ],
            [
                "0001",
                2
            ],
            [
                "0000",
                1
            ],
            [
                "0011",
                1
            ],
            [
                "0010",
                1
            ],
            [
                "0101",
                1
            ]
        ],
        "num_training_loops": 73,
        "final_training_cost": -13.495849609375,
        "optimal_params": [
            3.1399347674050673,
            3.405316008063459,
            1.4903060903920191,
            1.6745877308491808,
            0.9462390958995953,
            0.5317959934314865,
            2.619281215966009,
            3.3747470286885943
        ]
    }
}