{
    "metadata": {
        "qaoaLayers": 3,
        "backend_name": "aer_simulator"
    },
    "result": {
        "instance_id": 2,
        "repitition_id": 56,
        "sampled_distribution": [
            [
                "1111",
                8687
            ],
            [
                "1101",
                335
            ],
            [
                "1011",
                316
            ],
            [
                "0111",
                310
            ],
            [
                "1110",
                308
            ],
            [
                "1100",
                8
            ],
            [
                "1010",
                8
            ],
            [
                "0000",
                8
            ],
            [
                "0101",
                7
            ],
            [
                "1001",
                3
            ],
            [
                "0010",
                3
            ],
            [
                "0011",
                3
            ],
            [
                "0001",
                1
            ],
            [
                "0110",
                1
            ],
            [
                "1000",
                1
            ],
            [
                "0100",
                1
            ]
        ],
        "num_training_loops": 48,
        "final_training_cost": -13.05615234375,
        "optimal_params": [
            4.406156829918507,
            3.11039653740774,
            1.0673972443990982,
            -0.12607834471433627,
            1.0553463159871057,
            2.084844971645779
        ]
    }
}