{
    "metadata": {
        "qaoaLayers": 4,
        "backend_name": "aer_simulator"
    },
    "result": {
        "instance_id": 2,
        "repitition_id": 68,
        "sampled_distribution": [
            [
                "1111",
                5203
            ],
            [
                "1101",
                1202
            ],
            [
                "0111",
                1195
            ],
            [
                "1011",
                1180
            ],
            [
                "1110",
                1180
            ],
            [
                "1100",
                5
            ],
            [
                "0110",
                5
            ],
            [
                "0011",
                5
            ],
            [
                "0010",
                5
            ],
            [
                "1001",
                4
            ],
            [
                "1010",
                4
            ],
            [
                "0101",
                4
            ],
            [
                "0001",
                3
            ],
            [
                "1000",
                3
            ],
            [
                "0000",
                2
            ]
        ],
        "num_training_loops": 90,
        "final_training_cost": -13.40380859375,
        "optimal_params": [
            3.1255707976873293,
            3.380747021813291,
            1.5338924549559363,
            1.6983113148328581,
            1.0173164552324825,
            0.788375510640409,
            2.579109954299434,
            3.3711329314310894
        ]
    }
}