{
    "metadata": {
        "qaoaLayers": 2,
        "backend_name": "aer_simulator"
    },
    "result": {
        "instance_id": 1,
        "repitition_id": 71,
        "sampled_distribution": [
            [
                "1111",
                8542
            ],
            [
                "1110",
                714
            ],
            [
                "0111",
                397
            ],
            [
                "1101",
                135
            ],
            [
                "1011",
                118
            ],
            [
                "1001",
                35
            ],
            [
                "0101",
                15
            ],
            [
                "0011",
                12
            ],
            [
                "1100",
                10
            ],
            [
                "0110",
                8
            ],
            [
                "1010",
                7
            ],
            [
                "1000",
                4
            ],
            [
                "0010",
                2
            ],
            [
                "0001",
                1
            ]
        ],
        "num_training_loops": 38,
        "final_training_cost": -8.10205078125,
        "optimal_params": [
            4.536557941539389,
            1.4652249393770354,
            1.3788750990410323,
            2.7694188924987992
        ]
    }
}