{
    "metadata": {
        "qaoaLayers": 4,
        "backend_name": "aer_simulator"
    },
    "result": {
        "instance_id": 2,
        "repitition_id": 41,
        "sampled_distribution": [
            [
                "1111",
                4832
            ],
            [
                "1110",
                1305
            ],
            [
                "1011",
                1297
            ],
            [
                "0111",
                1260
            ],
            [
                "1101",
                1200
            ],
            [
                "1001",
                18
            ],
            [
                "0110",
                15
            ],
            [
                "0101",
                14
            ],
            [
                "1100",
                12
            ],
            [
                "1010",
                11
            ],
            [
                "0001",
                9
            ],
            [
                "1000",
                8
            ],
            [
                "0010",
                6
            ],
            [
                "0011",
                6
            ],
            [
                "0100",
                6
            ],
            [
                "0000",
                1
            ]
        ],
        "num_training_loops": 74,
        "final_training_cost": -13.363525390625,
        "optimal_params": [
            3.158195701818652,
            3.4048114768366053,
            1.52348274268105,
            1.73105010737395,
            -0.25063064405104685,
            1.8007726134472695,
            2.5453494900391163,
            2.321293205196435
        ]
    }
}