{
    "metadata": {
        "qaoaLayers": 3,
        "backend_name": "aer_simulator"
    },
    "result": {
        "instance_id": 2,
        "repitition_id": 47,
        "sampled_distribution": [
            [
                "1111",
                8602
            ],
            [
                "1110",
                363
            ],
            [
                "0111",
                325
            ],
            [
                "1101",
                319
            ],
            [
                "1011",
                313
            ],
            [
                "0101",
                17
            ],
            [
                "0110",
                11
            ],
            [
                "1100",
                10
            ],
            [
                "0011",
                9
            ],
            [
                "0000",
                8
            ],
            [
                "1001",
                7
            ],
            [
                "1010",
                7
            ],
            [
                "0100",
                5
            ],
            [
                "1000",
                2
            ],
            [
                "0001",
                1
            ],
            [
                "0010",
                1
            ]
        ],
        "num_training_loops": 51,
        "final_training_cost": -13.01904296875,
        "optimal_params": [
            4.39700428488058,
            3.108753162368826,
            1.055064671505698,
            -0.005543576823576449,
            1.046155646056525,
            2.0922260744228858
        ]
    }
}