{
    "metadata": {
        "qaoaLayers": 20,
        "backend_name": "aer_simulator"
    },
    "result": {
        "instance_id": 2,
        "repitition_id": 37,
        "sampled_distribution": [
            [
                "1110",
                2289
            ],
            [
                "0111",
                2281
            ],
            [
                "1101",
                2228
            ],
            [
                "1011",
                2141
            ],
            [
                "1111",
                1007
            ],
            [
                "0110",
                11
            ],
            [
                "0011",
                10
            ],
            [
                "0101",
                7
            ],
            [
                "1001",
                7
            ],
            [
                "1010",
                6
            ],
            [
                "1000",
                5
            ],
            [
                "0001",
                3
            ],
            [
                "0010",
                2
            ],
            [
                "1100",
                2
            ],
            [
                "0100",
                1
            ]
        ],
        "num_training_loops": 391,
        "final_training_cost": -13.783935546875,
        "optimal_params": [
            3.0898674266514554,
            2.9811491822163387,
            2.857685873791298,
            3.6780801738648257,
            2.504912511460388,
            2.3505106843138175,
            2.225843234903286,
            2.0966468337325748,
            2.882945528257002,
            2.693381654458931,
            1.5825874717694322,
            1.412839406154775,
            1.2532590750752728,
            1.1253776214984568,
            0.8381053537837756,
            0.7779952047591784,
            0.6293925069794266,
            0.4943663791974385,
            0.33847049562925197,
            0.17571241576461416,
            -0.16823511617431966,
            1.3527699315137873,
            1.3128020019782984,
            0.47761786076991253,
            0.6241469913055333,
            0.7770025111150863,
            0.9392263251281643,
            1.1026247869859844,
            1.2487099967011501,
            1.4042626111758674,
            1.5721189540082456,
            1.733315374547085,
            1.8800506726830581,
            2.0431921601790632,
            2.1913847521321324,
            2.3497352229082034,
            2.520148604045376,
            2.6625435997718587,
            2.8358789557261095,
            3.9899286946471433
        ]
    }
}