{
    "metadata": {
        "qaoaLayers": 1,
        "backend_name": "aer_simulator"
    },
    "result": {
        "instance_id": 2,
        "repitition_id": 79,
        "sampled_distribution": [
            [
                "1111",
                8728
            ],
            [
                "1101",
                340
            ],
            [
                "1110",
                310
            ],
            [
                "1011",
                286
            ],
            [
                "0111",
                282
            ],
            [
                "0011",
                16
            ],
            [
                "1001",
                13
            ],
            [
                "0110",
                7
            ],
            [
                "1010",
                6
            ],
            [
                "0101",
                5
            ],
            [
                "1100",
                5
            ],
            [
                "0010",
                1
            ],
            [
                "0100",
                1
            ]
        ],
        "num_training_loops": 23,
        "final_training_cost": -13.056396484375,
        "optimal_params": [
            3.3302895535936248,
            0.0067720343003348366
        ]
    }
}