{
    "metadata": {
        "qaoaLayers": 20,
        "backend_name": "aer_simulator"
    },
    "result": {
        "instance_id": 2,
        "repitition_id": 38,
        "sampled_distribution": [
            [
                "1011",
                2289
            ],
            [
                "1110",
                2288
            ],
            [
                "1101",
                2190
            ],
            [
                "0111",
                2186
            ],
            [
                "1111",
                892
            ],
            [
                "1100",
                19
            ],
            [
                "1010",
                19
            ],
            [
                "0011",
                18
            ],
            [
                "1001",
                16
            ],
            [
                "0110",
                15
            ],
            [
                "0010",
                15
            ],
            [
                "0001",
                14
            ],
            [
                "0101",
                14
            ],
            [
                "1000",
                11
            ],
            [
                "0100",
                7
            ],
            [
                "0000",
                7
            ]
        ],
        "num_training_loops": 315,
        "final_training_cost": -13.644287109375,
        "optimal_params": [
            3.168965313397634,
            3.0294869508360507,
            2.847553944283751,
            3.8270436097538036,
            2.487919620449361,
            2.4584158231261375,
            2.139598106280524,
            2.0381670953709747,
            2.880672938789875,
            2.7525265937389074,
            1.5896892145023016,
            1.4415415862878243,
            1.284532389087796,
            1.0575261842909789,
            0.9899514882184546,
            0.7716223815740666,
            0.6272499888026537,
            0.49532147819239614,
            0.3019204449325383,
            0.1784192954612276,
            1.3060549188889574,
            0.24005026447621242,
            1.3040147781441778,
            0.44089830032622357,
            0.6197377808386997,
            0.79286448932594,
            0.973223309918194,
            1.1155744922728814,
            1.2547603525406243,
            1.4147855693198486,
            1.567295945935057,
            1.7349877605069788,
            1.9156552527347692,
            2.0275651624488638,
            2.204150134154906,
            2.361223237539068,
            2.5283791138228073,
            2.6524482557895825,
            2.804722949030015,
            4.002113455811676
        ]
    }
}