{
    "metadata": {
        "qaoaLayers": 1,
        "backend_name": "aer_simulator_from(fake_torino)"
    },
    "result": {
        "instance_id": 1,
        "repitition_id": 21,
        "sampled_distribution": [
            [
                "1111",
                8212
            ],
            [
                "0111",
                521
            ],
            [
                "1101",
                387
            ],
            [
                "1011",
                377
            ],
            [
                "1110",
                272
            ],
            [
                "1001",
                59
            ],
            [
                "0110",
                47
            ],
            [
                "0011",
                43
            ],
            [
                "0101",
                42
            ],
            [
                "1010",
                16
            ],
            [
                "1100",
                11
            ],
            [
                "0100",
                4
            ],
            [
                "1000",
                3
            ],
            [
                "0001",
                3
            ],
            [
                "0010",
                2
            ],
            [
                "0000",
                1
            ]
        ],
        "num_training_loops": 23,
        "final_training_cost": -7.990966796875,
        "optimal_params": [
            2.978810216655938,
            0.9787203121951177
        ]
    }
}