{
    "metadata": {
        "qaoaLayers": 2,
        "backend_name": "aer_simulator_from(fake_torino)"
    },
    "result": {
        "instance_id": 1,
        "repitition_id": 70,
        "sampled_distribution": [
            [
                "1111",
                8658
            ],
            [
                "1011",
                362
            ],
            [
                "0111",
                358
            ],
            [
                "1101",
                226
            ],
            [
                "1110",
                163
            ],
            [
                "1001",
                72
            ],
            [
                "0011",
                65
            ],
            [
                "0101",
                35
            ],
            [
                "0110",
                34
            ],
            [
                "1010",
                10
            ],
            [
                "1100",
                6
            ],
            [
                "0001",
                5
            ],
            [
                "0010",
                3
            ],
            [
                "0000",
                2
            ],
            [
                "1000",
                1
            ]
        ],
        "num_training_loops": 35,
        "final_training_cost": -7.89892578125,
        "optimal_params": [
            4.823829623435979,
            1.4373744071245453,
            -0.03484578936124547,
            1.3065601462148655
        ]
    }
}