{
    "metadata": {
        "qaoaLayers": 1,
        "backend_name": "aer_simulator"
    },
    "result": {
        "instance_id": 2,
        "repitition_id": 26,
        "sampled_distribution": [
            [
                "1111",
                8608
            ],
            [
                "1110",
                363
            ],
            [
                "0111",
                318
            ],
            [
                "1011",
                315
            ],
            [
                "1101",
                314
            ],
            [
                "0110",
                19
            ],
            [
                "0101",
                18
            ],
            [
                "1100",
                12
            ],
            [
                "1010",
                12
            ],
            [
                "0011",
                10
            ],
            [
                "1001",
                10
            ],
            [
                "0100",
                1
            ]
        ],
        "num_training_loops": 24,
        "final_training_cost": -13.044921875,
        "optimal_params": [
            3.3330483592893434,
            0.11963407885837353
        ]
    }
}