{
    "metadata": {
        "qaoaLayers": 4,
        "backend_name": "aer_simulator_from(fake_torino)"
    },
    "result": {
        "instance_id": 1,
        "repitition_id": 53,
        "sampled_distribution": [
            [
                "1111",
                1452
            ],
            [
                "1110",
                1379
            ],
            [
                "1011",
                1279
            ],
            [
                "1101",
                1237
            ],
            [
                "1010",
                1207
            ],
            [
                "1100",
                1150
            ],
            [
                "1001",
                599
            ],
            [
                "1000",
                530
            ],
            [
                "0111",
                207
            ],
            [
                "0110",
                149
            ],
            [
                "0101",
                146
            ],
            [
                "0100",
                142
            ],
            [
                "0010",
                140
            ],
            [
                "0011",
                138
            ],
            [
                "0000",
                124
            ],
            [
                "0001",
                121
            ]
        ],
        "num_training_loops": 71,
        "final_training_cost": -6.243896484375,
        "optimal_params": [
            4.1646223754046865,
            2.510365963241029,
            1.6116657098672589,
            1.1274358822670065,
            -0.16783667182487458,
            0.6799806202048518,
            1.4313109334068619,
            2.346374784574698
        ]
    }
}