{
    "metadata": {
        "qaoaLayers": 1,
        "backend_name": "aer_simulator_from(fake_torino)"
    },
    "result": {
        "instance_id": 1,
        "repitition_id": 78,
        "sampled_distribution": [
            [
                "1111",
                7521
            ],
            [
                "1101",
                652
            ],
            [
                "0111",
                601
            ],
            [
                "1011",
                469
            ],
            [
                "1110",
                434
            ],
            [
                "0101",
                80
            ],
            [
                "1001",
                58
            ],
            [
                "0011",
                49
            ],
            [
                "0110",
                47
            ],
            [
                "1100",
                37
            ],
            [
                "1010",
                26
            ],
            [
                "0001",
                10
            ],
            [
                "0100",
                8
            ],
            [
                "0010",
                6
            ],
            [
                "1000",
                2
            ]
        ],
        "num_training_loops": 24,
        "final_training_cost": -7.9541015625,
        "optimal_params": [
            3.3638801467427664,
            0.9283065839906981
        ]
    }
}