{
    "metadata": {
        "qaoaLayers": 4,
        "backend_name": "aer_simulator"
    },
    "result": {
        "instance_id": 2,
        "repitition_id": 27,
        "sampled_distribution": [
            [
                "1111",
                5341
            ],
            [
                "0111",
                1177
            ],
            [
                "1101",
                1175
            ],
            [
                "1011",
                1118
            ],
            [
                "1110",
                1070
            ],
            [
                "0011",
                30
            ],
            [
                "1010",
                18
            ],
            [
                "1001",
                17
            ],
            [
                "0101",
                14
            ],
            [
                "1100",
                13
            ],
            [
                "0110",
                10
            ],
            [
                "0000",
                10
            ],
            [
                "1000",
                3
            ],
            [
                "0010",
                2
            ],
            [
                "0001",
                2
            ]
        ],
        "num_training_loops": 68,
        "final_training_cost": -13.241455078125,
        "optimal_params": [
            3.2847794685780523,
            3.327394459785729,
            1.801213707708317,
            1.8676472627482201,
            -0.25127903586866784,
            0.8445543817971342,
            2.5780189588519358,
            2.346980940388444
        ]
    }
}