{
    "metadata": {
        "qaoaLayers": 4,
        "backend_name": "aer_simulator_from(fake_torino)"
    },
    "result": {
        "instance_id": 1,
        "repitition_id": 16,
        "sampled_distribution": [
            [
                "1111",
                1791
            ],
            [
                "1110",
                1470
            ],
            [
                "1011",
                1171
            ],
            [
                "1101",
                1125
            ],
            [
                "1010",
                928
            ],
            [
                "1100",
                887
            ],
            [
                "1001",
                872
            ],
            [
                "1000",
                774
            ],
            [
                "0111",
                186
            ],
            [
                "0110",
                135
            ],
            [
                "0011",
                122
            ],
            [
                "0101",
                120
            ],
            [
                "0001",
                117
            ],
            [
                "0100",
                104
            ],
            [
                "0000",
                103
            ],
            [
                "0010",
                95
            ]
        ],
        "num_training_loops": 65,
        "final_training_cost": -6.3681640625,
        "optimal_params": [
            4.15885753510296,
            2.424307322004012,
            1.5883980919211276,
            1.1091980764069154,
            0.08443918063681717,
            0.6404152330752537,
            1.4306317486197062,
            2.308575117416968
        ]
    }
}