{
    "metadata": {
        "qaoaLayers": 3,
        "backend_name": "aer_simulator"
    },
    "result": {
        "instance_id": 1,
        "repitition_id": 46,
        "sampled_distribution": [
            [
                "1111",
                3659
            ],
            [
                "0111",
                2001
            ],
            [
                "1011",
                1635
            ],
            [
                "1101",
                1625
            ],
            [
                "1110",
                603
            ],
            [
                "1010",
                187
            ],
            [
                "1100",
                175
            ],
            [
                "0110",
                31
            ],
            [
                "0101",
                23
            ],
            [
                "0011",
                22
            ],
            [
                "0001",
                15
            ],
            [
                "1001",
                13
            ],
            [
                "0010",
                5
            ],
            [
                "0100",
                4
            ],
            [
                "0000",
                1
            ],
            [
                "1000",
                1
            ]
        ],
        "num_training_loops": 58,
        "final_training_cost": -8.553955078125,
        "optimal_params": [
            3.443587263584792,
            1.7969699735774542,
            1.4431023631923585,
            0.02652215007134553,
            1.108449660471286,
            2.042849133575456
        ]
    }
}