{
    "metadata": {
        "qaoaLayers": 1,
        "backend_name": "aer_simulator"
    },
    "result": {
        "instance_id": 2,
        "repitition_id": 45,
        "sampled_distribution": [
            [
                "1111",
                8687
            ],
            [
                "1011",
                338
            ],
            [
                "1110",
                330
            ],
            [
                "1101",
                310
            ],
            [
                "0111",
                284
            ],
            [
                "1001",
                12
            ],
            [
                "1010",
                10
            ],
            [
                "0101",
                8
            ],
            [
                "0110",
                8
            ],
            [
                "0011",
                7
            ],
            [
                "1100",
                6
            ]
        ],
        "num_training_loops": 27,
        "final_training_cost": -13.07275390625,
        "optimal_params": [
            3.3277322115348666,
            0.062404385581401926
        ]
    }
}