{
    "metadata": {
        "qaoaLayers": 1,
        "backend_name": "aer_simulator_from(fake_torino)"
    },
    "result": {
        "instance_id": 1,
        "repitition_id": 10,
        "sampled_distribution": [
            [
                "1111",
                9153
            ],
            [
                "1011",
                305
            ],
            [
                "0111",
                209
            ],
            [
                "1101",
                142
            ],
            [
                "1110",
                71
            ],
            [
                "0011",
                42
            ],
            [
                "1001",
                29
            ],
            [
                "0101",
                23
            ],
            [
                "0110",
                18
            ],
            [
                "1100",
                3
            ],
            [
                "1010",
                3
            ],
            [
                "0001",
                1
            ],
            [
                "0010",
                1
            ]
        ],
        "num_training_loops": 19,
        "final_training_cost": -7.97265625,
        "optimal_params": [
            3.139608148354261,
            -0.1256988190569844
        ]
    }
}