{
    "metadata": {
        "qaoaLayers": 2,
        "backend_name": "aer_simulator"
    },
    "result": {
        "instance_id": 1,
        "repitition_id": 82,
        "sampled_distribution": [
            [
                "1111",
                8386
            ],
            [
                "0111",
                405
            ],
            [
                "1101",
                402
            ],
            [
                "1110",
                369
            ],
            [
                "1011",
                350
            ],
            [
                "1010",
                17
            ],
            [
                "0101",
                16
            ],
            [
                "0011",
                16
            ],
            [
                "0110",
                14
            ],
            [
                "1001",
                13
            ],
            [
                "1100",
                11
            ],
            [
                "0001",
                1
            ]
        ],
        "num_training_loops": 36,
        "final_training_cost": -8.095947265625,
        "optimal_params": [
            4.874613525438167,
            1.3936800727759757,
            -0.0019011406241066329,
            1.2519367080842831
        ]
    }
}