{
    "metadata": {
        "qaoaLayers": 1,
        "backend_name": "aer_simulator"
    },
    "result": {
        "instance_id": 2,
        "repitition_id": 32,
        "sampled_distribution": [
            [
                "1111",
                7768
            ],
            [
                "1110",
                528
            ],
            [
                "0111",
                508
            ],
            [
                "1101",
                491
            ],
            [
                "1011",
                483
            ],
            [
                "0011",
                42
            ],
            [
                "0110",
                41
            ],
            [
                "0101",
                39
            ],
            [
                "1010",
                34
            ],
            [
                "1100",
                29
            ],
            [
                "1001",
                26
            ],
            [
                "0100",
                3
            ],
            [
                "1000",
                3
            ],
            [
                "0010",
                3
            ],
            [
                "0001",
                2
            ]
        ],
        "num_training_loops": 19,
        "final_training_cost": -12.9921875,
        "optimal_params": [
            3.3920437876121343,
            0.12589245621398826
        ]
    }
}