{
    "metadata": {
        "qaoaLayers": 4,
        "backend_name": "aer_simulator_from(fake_torino)"
    },
    "result": {
        "instance_id": 1,
        "repitition_id": 58,
        "sampled_distribution": [
            [
                "1111",
                5771
            ],
            [
                "0111",
                1087
            ],
            [
                "1011",
                1025
            ],
            [
                "1101",
                849
            ],
            [
                "1110",
                419
            ],
            [
                "1001",
                204
            ],
            [
                "0011",
                183
            ],
            [
                "0101",
                138
            ],
            [
                "0110",
                93
            ],
            [
                "1010",
                71
            ],
            [
                "1100",
                60
            ],
            [
                "0001",
                40
            ],
            [
                "0010",
                28
            ],
            [
                "1000",
                14
            ],
            [
                "0100",
                14
            ],
            [
                "0000",
                4
            ]
        ],
        "num_training_loops": 72,
        "final_training_cost": -7.7060546875,
        "optimal_params": [
            4.323078867993507,
            1.9918260704540047,
            1.4179278949349403,
            1.2564236320712694,
            1.1381511848732984,
            0.6642341634312636,
            1.4432673340260347,
            2.5558052323488867
        ]
    }
}