{
    "metadata": {
        "qaoaLayers": 4,
        "backend_name": "aer_simulator"
    },
    "result": {
        "instance_id": 2,
        "repitition_id": 2,
        "sampled_distribution": [
            [
                "1111",
                7746
            ],
            [
                "1101",
                563
            ],
            [
                "1110",
                533
            ],
            [
                "1011",
                525
            ],
            [
                "0111",
                510
            ],
            [
                "1100",
                25
            ],
            [
                "1001",
                25
            ],
            [
                "0110",
                22
            ],
            [
                "1010",
                19
            ],
            [
                "0011",
                17
            ],
            [
                "0101",
                13
            ],
            [
                "0001",
                2
            ]
        ],
        "num_training_loops": 56,
        "final_training_cost": -13.121337890625,
        "optimal_params": [
            3.1391502741486383,
            3.354236147200012,
            1.5707091162727687,
            1.7857398521860113,
            -0.00025715043839664027,
            0.816910907238121,
            2.5704316346926417,
            2.3560607817710144
        ]
    }
}