{
    "metadata": {
        "qaoaLayers": 1,
        "backend_name": "aer_simulator"
    },
    "result": {
        "instance_id": 2,
        "repitition_id": 16,
        "sampled_distribution": [
            [
                "1111",
                8805
            ],
            [
                "0111",
                298
            ],
            [
                "1110",
                296
            ],
            [
                "1101",
                284
            ],
            [
                "1011",
                259
            ],
            [
                "0011",
                13
            ],
            [
                "1001",
                11
            ],
            [
                "1100",
                10
            ],
            [
                "0101",
                9
            ],
            [
                "1010",
                8
            ],
            [
                "0110",
                6
            ],
            [
                "0001",
                1
            ]
        ],
        "num_training_loops": 23,
        "final_training_cost": -13.05517578125,
        "optimal_params": [
            3.323222985650893,
            0.005392016856968876
        ]
    }
}