{
    "metadata": {
        "qaoaLayers": 1,
        "backend_name": "aer_simulator"
    },
    "result": {
        "instance_id": 1,
        "repitition_id": 5,
        "sampled_distribution": [
            [
                "1111",
                8274
            ],
            [
                "1011",
                401
            ],
            [
                "0111",
                397
            ],
            [
                "1101",
                397
            ],
            [
                "1110",
                392
            ],
            [
                "0101",
                25
            ],
            [
                "1010",
                24
            ],
            [
                "1001",
                24
            ],
            [
                "0110",
                24
            ],
            [
                "0011",
                18
            ],
            [
                "1100",
                18
            ],
            [
                "1000",
                2
            ],
            [
                "0010",
                2
            ],
            [
                "0100",
                1
            ],
            [
                "0001",
                1
            ]
        ],
        "num_training_loops": 26,
        "final_training_cost": -8.10498046875,
        "optimal_params": [
            3.360166382422071,
            0.14037345094893228
        ]
    }
}