{
    "metadata": {
        "qaoaLayers": 4,
        "backend_name": "aer_simulator"
    },
    "result": {
        "instance_id": 2,
        "repitition_id": 6,
        "sampled_distribution": [
            [
                "1111",
                7616
            ],
            [
                "1110",
                578
            ],
            [
                "0111",
                571
            ],
            [
                "1101",
                556
            ],
            [
                "1011",
                536
            ],
            [
                "0110",
                31
            ],
            [
                "1001",
                25
            ],
            [
                "1100",
                24
            ],
            [
                "0011",
                21
            ],
            [
                "1010",
                21
            ],
            [
                "0101",
                20
            ],
            [
                "0000",
                1
            ]
        ],
        "num_training_loops": 65,
        "final_training_cost": -13.113037109375,
        "optimal_params": [
            3.1630041183499276,
            3.3347114536405837,
            1.7653905903413663,
            1.8804496172719813,
            1.2517926834796032,
            0.7857179080230638,
            2.5533829211437298,
            2.4727672387271977
        ]
    }
}