{
    "metadata": {
        "qaoaLayers": 4,
        "backend_name": "aer_simulator"
    },
    "result": {
        "instance_id": 2,
        "repitition_id": 29,
        "sampled_distribution": [
            [
                "1111",
                5072
            ],
            [
                "1110",
                1254
            ],
            [
                "0111",
                1218
            ],
            [
                "1101",
                1188
            ],
            [
                "1011",
                1177
            ],
            [
                "1100",
                16
            ],
            [
                "0110",
                13
            ],
            [
                "0011",
                11
            ],
            [
                "1001",
                11
            ],
            [
                "0101",
                10
            ],
            [
                "1000",
                8
            ],
            [
                "0010",
                7
            ],
            [
                "1010",
                7
            ],
            [
                "0001",
                4
            ],
            [
                "0100",
                2
            ],
            [
                "0000",
                2
            ]
        ],
        "num_training_loops": 75,
        "final_training_cost": -13.402587890625,
        "optimal_params": [
            3.1763675402498124,
            3.3681926275057226,
            1.5711974431819824,
            1.7143129817550478,
            1.2656393443881007,
            0.8176909511786621,
            2.5718549413233953,
            3.369168459271289
        ]
    }
}