{
    "metadata": {
        "qaoaLayers": 4,
        "backend_name": "aer_simulator"
    },
    "result": {
        "instance_id": 2,
        "repitition_id": 3,
        "sampled_distribution": [
            [
                "1111",
                7453
            ],
            [
                "1110",
                622
            ],
            [
                "1101",
                616
            ],
            [
                "0111",
                588
            ],
            [
                "1011",
                580
            ],
            [
                "1010",
                31
            ],
            [
                "0110",
                28
            ],
            [
                "0011",
                25
            ],
            [
                "1100",
                23
            ],
            [
                "1001",
                19
            ],
            [
                "0101",
                11
            ],
            [
                "1000",
                3
            ],
            [
                "0100",
                1
            ]
        ],
        "num_training_loops": 65,
        "final_training_cost": -13.0712890625,
        "optimal_params": [
            3.1288938535359203,
            3.3230956456737193,
            1.5993398865933548,
            1.7713553233200197,
            -0.35386039147589055,
            0.552018492962582,
            2.56655634614268,
            2.346336497894431
        ]
    }
}