{
    "metadata": {
        "qaoaLayers": 2,
        "backend_name": "aer_simulator_from(fake_torino)"
    },
    "result": {
        "instance_id": 1,
        "repitition_id": 50,
        "sampled_distribution": [
            [
                "1111",
                7089
            ],
            [
                "1011",
                707
            ],
            [
                "0111",
                707
            ],
            [
                "1101",
                554
            ],
            [
                "1110",
                472
            ],
            [
                "0011",
                104
            ],
            [
                "1001",
                99
            ],
            [
                "0101",
                85
            ],
            [
                "0110",
                68
            ],
            [
                "1010",
                40
            ],
            [
                "1100",
                36
            ],
            [
                "0010",
                11
            ],
            [
                "0001",
                10
            ],
            [
                "0100",
                9
            ],
            [
                "1000",
                8
            ],
            [
                "0000",
                1
            ]
        ],
        "num_training_loops": 35,
        "final_training_cost": -7.88525390625,
        "optimal_params": [
            4.885416314306376,
            1.3879943128928978,
            0.06197445442125322,
            1.2469761021918915
        ]
    }
}