{
    "metadata": {
        "qaoaLayers": 1,
        "backend_name": "aer_simulator_from(fake_torino)"
    },
    "result": {
        "instance_id": 1,
        "repitition_id": 7,
        "sampled_distribution": [
            [
                "1111",
                7422
            ],
            [
                "1011",
                655
            ],
            [
                "0111",
                591
            ],
            [
                "1101",
                531
            ],
            [
                "1110",
                465
            ],
            [
                "0011",
                90
            ],
            [
                "1001",
                58
            ],
            [
                "0101",
                51
            ],
            [
                "0110",
                42
            ],
            [
                "1100",
                37
            ],
            [
                "1010",
                35
            ],
            [
                "0001",
                9
            ],
            [
                "0010",
                8
            ],
            [
                "0100",
                3
            ],
            [
                "1000",
                3
            ]
        ],
        "num_training_loops": 25,
        "final_training_cost": -7.9853515625,
        "optimal_params": [
            2.912170630410899,
            0.2656172372944003
        ]
    }
}