{
    "metadata": {
        "qaoaLayers": 2,
        "backend_name": "aer_simulator"
    },
    "result": {
        "instance_id": 2,
        "repitition_id": 41,
        "sampled_distribution": [
            [
                "1111",
                8680
            ],
            [
                "1110",
                331
            ],
            [
                "1101",
                324
            ],
            [
                "0111",
                309
            ],
            [
                "1011",
                288
            ],
            [
                "1010",
                19
            ],
            [
                "0011",
                13
            ],
            [
                "0101",
                9
            ],
            [
                "0110",
                9
            ],
            [
                "1100",
                9
            ],
            [
                "1001",
                7
            ],
            [
                "0001",
                1
            ],
            [
                "0100",
                1
            ]
        ],
        "num_training_loops": 45,
        "final_training_cost": -13.05615234375,
        "optimal_params": [
            4.786970364738503,
            1.3765852216539505,
            -0.17686706566406069,
            2.5569028776986675
        ]
    }
}