{
    "metadata": {
        "qaoaLayers": 20,
        "backend_name": "aer_simulator"
    },
    "result": {
        "instance_id": 2,
        "repitition_id": 75,
        "sampled_distribution": [
            [
                "1110",
                2165
            ],
            [
                "1101",
                2124
            ],
            [
                "0111",
                2110
            ],
            [
                "1011",
                2024
            ],
            [
                "1111",
                1530
            ],
            [
                "0101",
                10
            ],
            [
                "1010",
                10
            ],
            [
                "0011",
                7
            ],
            [
                "1100",
                6
            ],
            [
                "0110",
                5
            ],
            [
                "0000",
                4
            ],
            [
                "1001",
                3
            ],
            [
                "1000",
                2
            ]
        ],
        "num_training_loops": 334,
        "final_training_cost": -13.786865234375,
        "optimal_params": [
            3.10225871802137,
            2.9807477830700164,
            2.835731374441551,
            3.661833005887677,
            2.522830783310374,
            2.3485832368598696,
            2.2166653378004573,
            2.03438788356935,
            2.892372711854206,
            2.7089697394088246,
            1.5676350136770787,
            1.4117517889291962,
            1.2682120542193398,
            1.085449966638373,
            0.8838381887638697,
            0.7139500214908853,
            0.5533828652820566,
            0.5461971947154206,
            0.31237759193912756,
            0.22333094790904787,
            -0.01939380656751539,
            0.148104991297669,
            1.3216718120079074,
            0.47672639995696514,
            0.6248172774395899,
            0.7823628365471912,
            0.9451686550253637,
            1.1033744703091983,
            1.278777629887589,
            1.3778806741784895,
            1.5664736460003001,
            1.737262831803483,
            1.8845470659286914,
            2.0300947360328787,
            2.192443031936707,
            2.3471711666208837,
            2.506122921699544,
            2.6691477041296285,
            2.8384502010421464,
            3.9951855459663568
        ]
    }
}