{
    "metadata": {
        "qaoaLayers": 20,
        "backend_name": "aer_simulator"
    },
    "result": {
        "instance_id": 2,
        "repitition_id": 67,
        "sampled_distribution": [
            [
                "1111",
                2562
            ],
            [
                "0111",
                1847
            ],
            [
                "1101",
                1826
            ],
            [
                "1011",
                1817
            ],
            [
                "1110",
                1809
            ],
            [
                "0011",
                25
            ],
            [
                "1001",
                23
            ],
            [
                "1100",
                22
            ],
            [
                "0101",
                20
            ],
            [
                "0110",
                19
            ],
            [
                "1010",
                19
            ],
            [
                "0010",
                4
            ],
            [
                "1000",
                4
            ],
            [
                "0000",
                2
            ],
            [
                "0001",
                1
            ]
        ],
        "num_training_loops": 339,
        "final_training_cost": -13.61181640625,
        "optimal_params": [
            3.1255617545207564,
            2.9757977416771118,
            2.815653018485582,
            3.6737638224595,
            2.532433510109397,
            2.3719185505644953,
            2.201863613184905,
            2.060852628497198,
            2.885056018390426,
            2.727646151007425,
            1.5775548829689077,
            1.4176591766602482,
            1.2275565339332635,
            1.1080204389000727,
            0.9348027523912568,
            0.7666195248039435,
            0.6057703947855817,
            0.46492672115191197,
            0.508110613974335,
            0.0065111739662125625,
            0.9562746287906643,
            0.15429543723857,
            1.3071289126840913,
            0.46849194601912025,
            0.6222735655239411,
            0.783206934453306,
            0.9470681444638133,
            1.096453356679246,
            1.250798531273434,
            1.4204574528711287,
            1.57237580796444,
            1.7340945238141856,
            1.886841781061552,
            2.0368587214126865,
            2.2015776762369823,
            2.361927750689654,
            2.524869668013138,
            2.664629213629851,
            2.830799727592072,
            3.9884277594541375
        ]
    }
}