{
    "metadata": {
        "qaoaLayers": 4,
        "backend_name": "aer_simulator"
    },
    "result": {
        "instance_id": 2,
        "repitition_id": 28,
        "sampled_distribution": [
            [
                "1111",
                5953
            ],
            [
                "0111",
                1024
            ],
            [
                "1110",
                1009
            ],
            [
                "1101",
                1007
            ],
            [
                "1011",
                973
            ],
            [
                "1000",
                5
            ],
            [
                "1100",
                5
            ],
            [
                "0100",
                4
            ],
            [
                "0010",
                4
            ],
            [
                "0001",
                4
            ],
            [
                "1010",
                3
            ],
            [
                "0101",
                3
            ],
            [
                "1001",
                2
            ],
            [
                "0110",
                2
            ],
            [
                "0000",
                1
            ],
            [
                "0011",
                1
            ]
        ],
        "num_training_loops": 72,
        "final_training_cost": -13.296630859375,
        "optimal_params": [
            3.151712215231423,
            3.3309124817875095,
            1.510581247601136,
            1.6993523558552501,
            0.9371788541536025,
            0.8496883557260645,
            2.4977794622709006,
            3.348217471554528
        ]
    }
}