{
    "metadata": {
        "qaoaLayers": 2,
        "backend_name": "aer_simulator"
    },
    "result": {
        "instance_id": 2,
        "repitition_id": 39,
        "sampled_distribution": [
            [
                "1111",
                7648
            ],
            [
                "1110",
                595
            ],
            [
                "1011",
                591
            ],
            [
                "1101",
                571
            ],
            [
                "0111",
                512
            ],
            [
                "1100",
                19
            ],
            [
                "1010",
                18
            ],
            [
                "0101",
                14
            ],
            [
                "0110",
                13
            ],
            [
                "0011",
                9
            ],
            [
                "1001",
                9
            ],
            [
                "0010",
                1
            ]
        ],
        "num_training_loops": 34,
        "final_training_cost": -13.13330078125,
        "optimal_params": [
            4.549096342345696,
            1.6671512528647956,
            1.0617963666710817,
            1.3919695647943435
        ]
    }
}