{
    "metadata": {
        "qaoaLayers": 2,
        "backend_name": "aer_simulator"
    },
    "result": {
        "instance_id": 2,
        "repitition_id": 21,
        "sampled_distribution": [
            [
                "1111",
                8462
            ],
            [
                "0111",
                386
            ],
            [
                "1110",
                380
            ],
            [
                "1101",
                373
            ],
            [
                "1011",
                344
            ],
            [
                "1100",
                12
            ],
            [
                "0011",
                11
            ],
            [
                "0110",
                9
            ],
            [
                "1001",
                7
            ],
            [
                "1010",
                7
            ],
            [
                "0101",
                6
            ],
            [
                "0001",
                1
            ],
            [
                "0000",
                1
            ],
            [
                "0010",
                1
            ]
        ],
        "num_training_loops": 45,
        "final_training_cost": -13.1064453125,
        "optimal_params": [
            4.868309446521228,
            1.2269369856525973,
            -0.23510383616080852,
            2.592562680641264
        ]
    }
}