{
    "metadata": {
        "qaoaLayers": 4,
        "backend_name": "aer_simulator"
    },
    "result": {
        "instance_id": 1,
        "repitition_id": 72,
        "sampled_distribution": [
            [
                "1111",
                6906
            ],
            [
                "1101",
                923
            ],
            [
                "1011",
                896
            ],
            [
                "0111",
                654
            ],
            [
                "1110",
                469
            ],
            [
                "1100",
                46
            ],
            [
                "1010",
                40
            ],
            [
                "1001",
                25
            ],
            [
                "0101",
                15
            ],
            [
                "0011",
                8
            ],
            [
                "0001",
                6
            ],
            [
                "0100",
                5
            ],
            [
                "0010",
                3
            ],
            [
                "0110",
                2
            ],
            [
                "1000",
                2
            ]
        ],
        "num_training_loops": 64,
        "final_training_cost": -8.27099609375,
        "optimal_params": [
            4.319226456044331,
            2.015845763042877,
            1.426743645884041,
            1.2503631556179464,
            1.0080669159428808,
            0.6756872647277924,
            1.4164629824314101,
            2.5668353604244554
        ]
    }
}