{
    "metadata": {
        "qaoaLayers": 3,
        "backend_name": "aer_simulator"
    },
    "result": {
        "instance_id": 1,
        "repitition_id": 82,
        "sampled_distribution": [
            [
                "1111",
                4847
            ],
            [
                "1110",
                1273
            ],
            [
                "1101",
                1154
            ],
            [
                "1011",
                1101
            ],
            [
                "0111",
                992
            ],
            [
                "1100",
                281
            ],
            [
                "1010",
                261
            ],
            [
                "0110",
                29
            ],
            [
                "1001",
                26
            ],
            [
                "0101",
                10
            ],
            [
                "1000",
                9
            ],
            [
                "0011",
                8
            ],
            [
                "0001",
                8
            ],
            [
                "0010",
                1
            ]
        ],
        "num_training_loops": 63,
        "final_training_cost": -8.484130859375,
        "optimal_params": [
            2.828313082486093,
            1.4628006137630627,
            1.3101217178969802,
            -0.009291670192404594,
            2.064472935503276,
            2.4836061054761744
        ]
    }
}