{
    "metadata": {
        "qaoaLayers": 20,
        "backend_name": "aer_simulator"
    },
    "result": {
        "instance_id": 1,
        "repitition_id": 86,
        "sampled_distribution": [
            [
                "1100",
                2034
            ],
            [
                "1010",
                2000
            ],
            [
                "0111",
                1431
            ],
            [
                "1011",
                1383
            ],
            [
                "1110",
                1333
            ],
            [
                "1101",
                1327
            ],
            [
                "0110",
                292
            ],
            [
                "0001",
                69
            ],
            [
                "1000",
                44
            ],
            [
                "0011",
                32
            ],
            [
                "0101",
                31
            ],
            [
                "0010",
                7
            ],
            [
                "1111",
                6
            ],
            [
                "1001",
                5
            ],
            [
                "0000",
                4
            ],
            [
                "0100",
                2
            ]
        ],
        "num_training_loops": 355,
        "final_training_cost": -8.84521484375,
        "optimal_params": [
            4.578001207666164,
            4.46576907149667,
            3.740842178374148,
            2.9024975540599502,
            2.4993252087242306,
            2.3409594759187295,
            3.1623136936925205,
            2.232360586847961,
            1.8070344575692643,
            1.7310334935657525,
            1.655790867591415,
            1.7146194406025776,
            1.2272702827352227,
            1.059359903324738,
            0.9044600970587753,
            0.7579004592044807,
            0.6693962574579508,
            0.2553873772109952,
            0.44944754723061736,
            0.25810546621287334,
            0.8443828708064373,
            -0.05787529298680227,
            0.3167766361327084,
            0.46943986112650016,
            0.6363710299726435,
            0.7810555376756761,
            0.9390924885282312,
            1.1212546800341994,
            1.2634690959440926,
            1.4028082230021057,
            1.5744687110752604,
            1.7319119171859936,
            1.882356706134182,
            2.0432126734973206,
            2.2049305887864925,
            2.3688498665438473,
            2.505105902639421,
            2.6579450819220547,
            2.826572489172147,
            3.979001402838526
        ]
    }
}