{
    "metadata": {
        "qaoaLayers": 4,
        "backend_name": "aer_simulator"
    },
    "result": {
        "instance_id": 2,
        "repitition_id": 13,
        "sampled_distribution": [
            [
                "1111",
                4957
            ],
            [
                "1011",
                1267
            ],
            [
                "0111",
                1257
            ],
            [
                "1101",
                1215
            ],
            [
                "1110",
                1201
            ],
            [
                "0010",
                28
            ],
            [
                "1000",
                21
            ],
            [
                "0100",
                18
            ],
            [
                "0001",
                16
            ],
            [
                "1100",
                5
            ],
            [
                "0000",
                5
            ],
            [
                "0110",
                3
            ],
            [
                "0011",
                3
            ],
            [
                "0101",
                2
            ],
            [
                "1010",
                1
            ],
            [
                "1001",
                1
            ]
        ],
        "num_training_loops": 63,
        "final_training_cost": -13.2783203125,
        "optimal_params": [
            3.079858266824324,
            3.5019524413067775,
            1.587673461134469,
            1.6932376181400797,
            -0.22978567475638903,
            0.7623563455230142,
            2.5452173115832952,
            3.363738123733532
        ]
    }
}