{
    "metadata": {
        "qaoaLayers": 4,
        "backend_name": "aer_simulator"
    },
    "result": {
        "instance_id": 2,
        "repitition_id": 23,
        "sampled_distribution": [
            [
                "1111",
                7715
            ],
            [
                "1011",
                547
            ],
            [
                "1101",
                546
            ],
            [
                "0111",
                544
            ],
            [
                "1110",
                538
            ],
            [
                "1100",
                22
            ],
            [
                "0110",
                20
            ],
            [
                "1001",
                18
            ],
            [
                "0101",
                18
            ],
            [
                "1010",
                13
            ],
            [
                "0011",
                13
            ],
            [
                "1000",
                2
            ],
            [
                "0100",
                1
            ],
            [
                "0000",
                1
            ],
            [
                "0010",
                1
            ],
            [
                "0001",
                1
            ]
        ],
        "num_training_loops": 57,
        "final_training_cost": -13.13671875,
        "optimal_params": [
            3.1416491990259856,
            3.3560495015885077,
            1.5708474330479312,
            1.7799519114855231,
            1.2812113726428087,
            0.8176077922044492,
            2.570855676128637,
            2.3562877034878142
        ]
    }
}