{
    "metadata": {
        "qaoaLayers": 4,
        "backend_name": "aer_simulator_from(fake_torino)"
    },
    "result": {
        "instance_id": 1,
        "repitition_id": 42,
        "sampled_distribution": [
            [
                "1111",
                4955
            ],
            [
                "0111",
                2017
            ],
            [
                "1011",
                1118
            ],
            [
                "1101",
                959
            ],
            [
                "0011",
                232
            ],
            [
                "1001",
                188
            ],
            [
                "1110",
                147
            ],
            [
                "0101",
                123
            ],
            [
                "0110",
                112
            ],
            [
                "0001",
                52
            ],
            [
                "1010",
                35
            ],
            [
                "1100",
                22
            ],
            [
                "0010",
                17
            ],
            [
                "0100",
                14
            ],
            [
                "1000",
                7
            ],
            [
                "0000",
                2
            ]
        ],
        "num_training_loops": 69,
        "final_training_cost": -7.634765625,
        "optimal_params": [
            4.414644679204259,
            1.848483528826112,
            1.7679786070271264,
            1.776299874533556,
            1.271831920864527,
            0.7194384704159136,
            2.2164486952669478,
            2.499627182399302
        ]
    }
}