{
    "metadata": {
        "qaoaLayers": 1,
        "backend_name": "aer_simulator"
    },
    "result": {
        "instance_id": 1,
        "repitition_id": 94,
        "sampled_distribution": [
            [
                "1111",
                7972
            ],
            [
                "0111",
                485
            ],
            [
                "1101",
                477
            ],
            [
                "1110",
                472
            ],
            [
                "1011",
                456
            ],
            [
                "0110",
                29
            ],
            [
                "1001",
                24
            ],
            [
                "0011",
                24
            ],
            [
                "1010",
                22
            ],
            [
                "0101",
                18
            ],
            [
                "1100",
                18
            ],
            [
                "1000",
                1
            ],
            [
                "0010",
                1
            ],
            [
                "0001",
                1
            ]
        ],
        "num_training_loops": 23,
        "final_training_cost": -8.093505859375,
        "optimal_params": [
            3.3767444005879312,
            0.13732927874767983
        ]
    }
}