{
    "metadata": {
        "qaoaLayers": 3,
        "backend_name": "aer_simulator"
    },
    "result": {
        "instance_id": 2,
        "repitition_id": 78,
        "sampled_distribution": [
            [
                "1111",
                8511
            ],
            [
                "1011",
                368
            ],
            [
                "1101",
                367
            ],
            [
                "0111",
                360
            ],
            [
                "1110",
                357
            ],
            [
                "1100",
                11
            ],
            [
                "0101",
                6
            ],
            [
                "1010",
                5
            ],
            [
                "0011",
                4
            ],
            [
                "0110",
                3
            ],
            [
                "1001",
                2
            ],
            [
                "1000",
                2
            ],
            [
                "0001",
                2
            ],
            [
                "0100",
                2
            ]
        ],
        "num_training_loops": 51,
        "final_training_cost": -13.1162109375,
        "optimal_params": [
            4.155815485881628,
            3.136297069511174,
            1.0955935705717974,
            1.0006908676666266,
            1.0828822240531946,
            2.07796019244667
        ]
    }
}