{
    "metadata": {
        "qaoaLayers": 3,
        "backend_name": "aer_simulator"
    },
    "result": {
        "instance_id": 1,
        "repitition_id": 91,
        "sampled_distribution": [
            [
                "1111",
                3912
            ],
            [
                "0111",
                1513
            ],
            [
                "1110",
                1377
            ],
            [
                "1101",
                1251
            ],
            [
                "1011",
                1195
            ],
            [
                "1010",
                333
            ],
            [
                "1100",
                325
            ],
            [
                "0001",
                43
            ],
            [
                "0100",
                18
            ],
            [
                "0010",
                14
            ],
            [
                "0110",
                10
            ],
            [
                "1001",
                4
            ],
            [
                "0011",
                3
            ],
            [
                "0000",
                1
            ],
            [
                "0101",
                1
            ]
        ],
        "num_training_loops": 63,
        "final_training_cost": -8.41845703125,
        "optimal_params": [
            3.514106959914154,
            1.7505183334646766,
            1.5515552921196902,
            1.1560938688582116,
            1.0600661027833909,
            2.2959088027060583
        ]
    }
}