{
    "metadata": {
        "qaoaLayers": 4,
        "backend_name": "aer_simulator"
    },
    "result": {
        "instance_id": 2,
        "repitition_id": 6,
        "sampled_distribution": [
            [
                "1111",
                5957
            ],
            [
                "1101",
                993
            ],
            [
                "0111",
                986
            ],
            [
                "1011",
                972
            ],
            [
                "1110",
                949
            ],
            [
                "1001",
                32
            ],
            [
                "0011",
                26
            ],
            [
                "1010",
                22
            ],
            [
                "0101",
                19
            ],
            [
                "1100",
                19
            ],
            [
                "0110",
                18
            ],
            [
                "0001",
                5
            ],
            [
                "0010",
                1
            ],
            [
                "0100",
                1
            ]
        ],
        "num_training_loops": 68,
        "final_training_cost": -13.236572265625,
        "optimal_params": [
            3.1485126077547774,
            3.351666797768491,
            1.5333646867071786,
            1.7444108817789221,
            1.265250105980824,
            0.786364837793779,
            2.5673994440220036,
            2.3291907859731413
        ]
    }
}