{
    "metadata": {
        "qaoaLayers": 20,
        "backend_name": "aer_simulator"
    },
    "result": {
        "instance_id": 2,
        "repitition_id": 93,
        "sampled_distribution": [
            [
                "1101",
                2340
            ],
            [
                "1110",
                2314
            ],
            [
                "0111",
                2280
            ],
            [
                "1011",
                2249
            ],
            [
                "1111",
                777
            ],
            [
                "0010",
                7
            ],
            [
                "0100",
                5
            ],
            [
                "1010",
                5
            ],
            [
                "0001",
                5
            ],
            [
                "0101",
                4
            ],
            [
                "1000",
                4
            ],
            [
                "0011",
                4
            ],
            [
                "1001",
                3
            ],
            [
                "1100",
                1
            ],
            [
                "0110",
                1
            ],
            [
                "0000",
                1
            ]
        ],
        "num_training_loops": 294,
        "final_training_cost": -13.827392578125,
        "optimal_params": [
            3.121207803563616,
            2.8992565245257826,
            2.8350743056323453,
            3.7340991201814075,
            2.518679595678212,
            2.3649271899108846,
            2.2045567381429114,
            2.046382216522064,
            2.877888611241814,
            2.7243295995891725,
            1.6304120491089242,
            1.4119331206869745,
            1.2644742185565678,
            1.1108091696634261,
            0.9506302825979155,
            0.747445726271026,
            0.6677369867713263,
            0.4911827798399283,
            0.3706386875179799,
            0.14436985688513695,
            -0.020824135996077103,
            1.1313639043073536,
            1.2741207922840339,
            0.4437427091417312,
            0.6250862784626124,
            0.7802986887623835,
            0.9426536236570804,
            1.1014677203860845,
            1.2567067715922517,
            1.4116539098866068,
            1.5682315346580449,
            1.7311930115251388,
            1.880787115161391,
            2.0416720406084656,
            2.203394937342591,
            2.3550795307030596,
            2.5133858855968128,
            2.666238907261008,
            2.8644334933801066,
            3.9502785404509018
        ]
    }
}