{
    "metadata": {
        "qaoaLayers": 2,
        "backend_name": "aer_simulator_from(fake_torino)"
    },
    "result": {
        "instance_id": 1,
        "repitition_id": 99,
        "sampled_distribution": [
            [
                "1111",
                8357
            ],
            [
                "0111",
                438
            ],
            [
                "1011",
                413
            ],
            [
                "1110",
                273
            ],
            [
                "1101",
                237
            ],
            [
                "1001",
                78
            ],
            [
                "0101",
                65
            ],
            [
                "0011",
                55
            ],
            [
                "0110",
                50
            ],
            [
                "1100",
                13
            ],
            [
                "1010",
                11
            ],
            [
                "0100",
                4
            ],
            [
                "0001",
                3
            ],
            [
                "0010",
                2
            ],
            [
                "1000",
                1
            ]
        ],
        "num_training_loops": 37,
        "final_training_cost": -7.937255859375,
        "optimal_params": [
            4.87983221799189,
            1.3494593658733272,
            0.0634398182094103,
            1.323121973424247
        ]
    }
}