{
    "metadata": {
        "qaoaLayers": 4,
        "backend_name": "aer_simulator"
    },
    "result": {
        "instance_id": 1,
        "repitition_id": 96,
        "sampled_distribution": [
            [
                "1111",
                2658
            ],
            [
                "1101",
                1919
            ],
            [
                "1011",
                1903
            ],
            [
                "0111",
                1707
            ],
            [
                "1110",
                718
            ],
            [
                "1010",
                270
            ],
            [
                "1100",
                267
            ],
            [
                "0110",
                206
            ],
            [
                "1001",
                113
            ],
            [
                "0101",
                58
            ],
            [
                "0011",
                52
            ],
            [
                "0100",
                50
            ],
            [
                "0010",
                39
            ],
            [
                "1000",
                20
            ],
            [
                "0001",
                16
            ],
            [
                "0000",
                4
            ]
        ],
        "num_training_loops": 78,
        "final_training_cost": -8.19873046875,
        "optimal_params": [
            4.110218106477668,
            2.3370952066913797,
            1.4987466207456317,
            1.1546966105775076,
            0.00484128142740395,
            0.6923528329625059,
            1.4892518939716133,
            2.4106317770789025
        ]
    }
}