{
    "metadata": {
        "qaoaLayers": 3,
        "backend_name": "aer_simulator"
    },
    "result": {
        "instance_id": 2,
        "repitition_id": 71,
        "sampled_distribution": [
            [
                "1111",
                8145
            ],
            [
                "1011",
                429
            ],
            [
                "1101",
                429
            ],
            [
                "1110",
                421
            ],
            [
                "0111",
                396
            ],
            [
                "1100",
                32
            ],
            [
                "1010",
                32
            ],
            [
                "0110",
                27
            ],
            [
                "1001",
                26
            ],
            [
                "0011",
                25
            ],
            [
                "0101",
                23
            ],
            [
                "0000",
                12
            ],
            [
                "1000",
                2
            ],
            [
                "0001",
                1
            ]
        ],
        "num_training_loops": 49,
        "final_training_cost": -12.962890625,
        "optimal_params": [
            4.386878926265456,
            3.0991132500911074,
            1.0581343203059506,
            0.015225045523799993,
            1.0432838511615736,
            2.085275796275548
        ]
    }
}