{
    "metadata": {
        "qaoaLayers": 2,
        "backend_name": "aer_simulator"
    },
    "result": {
        "instance_id": 2,
        "repitition_id": 69,
        "sampled_distribution": [
            [
                "1111",
                7144
            ],
            [
                "1101",
                737
            ],
            [
                "1011",
                722
            ],
            [
                "1110",
                667
            ],
            [
                "0111",
                654
            ],
            [
                "1001",
                17
            ],
            [
                "0011",
                14
            ],
            [
                "0110",
                12
            ],
            [
                "0101",
                12
            ],
            [
                "1010",
                11
            ],
            [
                "1100",
                9
            ],
            [
                "0001",
                1
            ]
        ],
        "num_training_loops": 45,
        "final_training_cost": -13.218017578125,
        "optimal_params": [
            4.4975355493132305,
            1.670528680879852,
            1.2172349479802949,
            1.375197303511392
        ]
    }
}