{
    "metadata": {
        "qaoaLayers": 4,
        "backend_name": "aer_simulator"
    },
    "result": {
        "instance_id": 1,
        "repitition_id": 59,
        "sampled_distribution": [
            [
                "1011",
                1590
            ],
            [
                "1111",
                1556
            ],
            [
                "1101",
                1522
            ],
            [
                "1110",
                1176
            ],
            [
                "1100",
                1126
            ],
            [
                "1010",
                1081
            ],
            [
                "1001",
                891
            ],
            [
                "1000",
                663
            ],
            [
                "0001",
                121
            ],
            [
                "0101",
                74
            ],
            [
                "0011",
                70
            ],
            [
                "0000",
                58
            ],
            [
                "0010",
                30
            ],
            [
                "0100",
                20
            ],
            [
                "0111",
                15
            ],
            [
                "0110",
                7
            ]
        ],
        "num_training_loops": 67,
        "final_training_cost": -6.929931640625,
        "optimal_params": [
            4.21367354486361,
            2.2937205389349287,
            1.526746992934094,
            1.0813149185840472,
            -0.12329754436223202,
            0.6296174101573309,
            1.5117273675055622,
            2.312615176677942
        ]
    }
}