{
    "metadata": {
        "qaoaLayers": 3,
        "backend_name": "aer_simulator"
    },
    "result": {
        "instance_id": 2,
        "repitition_id": 83,
        "sampled_distribution": [
            [
                "1111",
                8176
            ],
            [
                "1011",
                449
            ],
            [
                "0111",
                429
            ],
            [
                "1110",
                404
            ],
            [
                "1101",
                391
            ],
            [
                "0101",
                26
            ],
            [
                "1100",
                24
            ],
            [
                "0110",
                21
            ],
            [
                "1010",
                20
            ],
            [
                "1001",
                19
            ],
            [
                "0000",
                18
            ],
            [
                "0011",
                16
            ],
            [
                "0001",
                3
            ],
            [
                "1000",
                2
            ],
            [
                "0010",
                1
            ],
            [
                "0100",
                1
            ]
        ],
        "num_training_loops": 50,
        "final_training_cost": -12.9404296875,
        "optimal_params": [
            4.394914593651161,
            3.0956033763874258,
            1.0497624842188455,
            0.011180875582651377,
            1.0441891206641054,
            2.087906231553549
        ]
    }
}