{
    "metadata": {
        "qaoaLayers": 2,
        "backend_name": "aer_simulator"
    },
    "result": {
        "instance_id": 2,
        "repitition_id": 50,
        "sampled_distribution": [
            [
                "1111",
                8561
            ],
            [
                "0111",
                343
            ],
            [
                "1011",
                342
            ],
            [
                "1101",
                336
            ],
            [
                "1110",
                323
            ],
            [
                "1010",
                23
            ],
            [
                "0110",
                18
            ],
            [
                "1001",
                16
            ],
            [
                "0101",
                14
            ],
            [
                "1100",
                12
            ],
            [
                "0011",
                9
            ],
            [
                "0010",
                2
            ],
            [
                "0100",
                1
            ]
        ],
        "num_training_loops": 37,
        "final_training_cost": -13.059326171875,
        "optimal_params": [
            4.828905458211559,
            1.4904670936263853,
            1.1396655806361704,
            1.1893148182134274
        ]
    }
}