{
    "metadata": {
        "qaoaLayers": 2,
        "backend_name": "aer_simulator"
    },
    "result": {
        "instance_id": 1,
        "repitition_id": 16,
        "sampled_distribution": [
            [
                "1111",
                7759
            ],
            [
                "1110",
                967
            ],
            [
                "0111",
                505
            ],
            [
                "1101",
                288
            ],
            [
                "1011",
                286
            ],
            [
                "0110",
                52
            ],
            [
                "1010",
                49
            ],
            [
                "1100",
                35
            ],
            [
                "0011",
                20
            ],
            [
                "0101",
                20
            ],
            [
                "1001",
                11
            ],
            [
                "1000",
                4
            ],
            [
                "0010",
                2
            ],
            [
                "0100",
                1
            ],
            [
                "0001",
                1
            ]
        ],
        "num_training_loops": 38,
        "final_training_cost": -8.153076171875,
        "optimal_params": [
            4.800083659553681,
            1.3207667008548853,
            -0.002733335815441336,
            1.0316821850457547
        ]
    }
}