{
    "metadata": {
        "qaoaLayers": 4,
        "backend_name": "aer_simulator"
    },
    "result": {
        "instance_id": 1,
        "repitition_id": 70,
        "sampled_distribution": [
            [
                "1111",
                7667
            ],
            [
                "0111",
                683
            ],
            [
                "1101",
                631
            ],
            [
                "1011",
                599
            ],
            [
                "1110",
                340
            ],
            [
                "1100",
                18
            ],
            [
                "1010",
                15
            ],
            [
                "0011",
                14
            ],
            [
                "0101",
                13
            ],
            [
                "0110",
                10
            ],
            [
                "0100",
                5
            ],
            [
                "0010",
                3
            ],
            [
                "1001",
                2
            ]
        ],
        "num_training_loops": 73,
        "final_training_cost": -8.176513671875,
        "optimal_params": [
            4.39486642025124,
            2.0021297147437447,
            1.3969711888113707,
            1.3192316832152564,
            0.9738678307303199,
            0.6661669122715649,
            1.5346209264591406,
            2.57789881549017
        ]
    }
}