{
    "metadata": {
        "qaoaLayers": 3,
        "backend_name": "aer_simulator_from(fake_torino)"
    },
    "result": {
        "instance_id": 1,
        "repitition_id": 44,
        "sampled_distribution": [
            [
                "1111",
                6918
            ],
            [
                "1011",
                763
            ],
            [
                "0111",
                617
            ],
            [
                "1110",
                596
            ],
            [
                "1101",
                541
            ],
            [
                "0011",
                124
            ],
            [
                "1001",
                104
            ],
            [
                "0110",
                95
            ],
            [
                "0101",
                83
            ],
            [
                "1010",
                64
            ],
            [
                "1100",
                46
            ],
            [
                "0001",
                20
            ],
            [
                "0010",
                15
            ],
            [
                "1000",
                9
            ],
            [
                "0100",
                5
            ]
        ],
        "num_training_loops": 51,
        "final_training_cost": -7.863525390625,
        "optimal_params": [
            3.013873115028477,
            1.5091128139885481,
            1.349413500738289,
            0.02272447107067967,
            2.0258474040174974,
            2.4648911269718554
        ]
    }
}