{
    "metadata": {
        "qaoaLayers": 3,
        "backend_name": "aer_simulator_from(fake_torino)"
    },
    "result": {
        "instance_id": 1,
        "repitition_id": 55,
        "sampled_distribution": [
            [
                "1111",
                6088
            ],
            [
                "1011",
                1176
            ],
            [
                "0111",
                1038
            ],
            [
                "1101",
                956
            ],
            [
                "0011",
                165
            ],
            [
                "1110",
                162
            ],
            [
                "1001",
                130
            ],
            [
                "0101",
                91
            ],
            [
                "0110",
                83
            ],
            [
                "1010",
                39
            ],
            [
                "1100",
                28
            ],
            [
                "0001",
                20
            ],
            [
                "0100",
                9
            ],
            [
                "0010",
                7
            ],
            [
                "1000",
                5
            ],
            [
                "0000",
                3
            ]
        ],
        "num_training_loops": 48,
        "final_training_cost": -7.821533203125,
        "optimal_params": [
            3.2317789302603868,
            1.759560262106948,
            1.4490479802224645,
            0.07393745695891396,
            1.1991460327552859,
            2.0912847652861655
        ]
    }
}