{
    "metadata": {
        "qaoaLayers": 2,
        "backend_name": "aer_simulator_from(fake_torino)"
    },
    "result": {
        "instance_id": 1,
        "repitition_id": 31,
        "sampled_distribution": [
            [
                "1111",
                7820
            ],
            [
                "0111",
                805
            ],
            [
                "1011",
                479
            ],
            [
                "1101",
                296
            ],
            [
                "1110",
                269
            ],
            [
                "0011",
                87
            ],
            [
                "1001",
                78
            ],
            [
                "0110",
                73
            ],
            [
                "0101",
                53
            ],
            [
                "1010",
                15
            ],
            [
                "0001",
                7
            ],
            [
                "1100",
                7
            ],
            [
                "0100",
                5
            ],
            [
                "0010",
                4
            ],
            [
                "1000",
                2
            ]
        ],
        "num_training_loops": 37,
        "final_training_cost": -7.87451171875,
        "optimal_params": [
            4.619510809363988,
            1.7279234739982836,
            1.3595455654102844,
            2.9231852549633173
        ]
    }
}