{
    "metadata": {
        "qaoaLayers": 1,
        "backend_name": "aer_simulator"
    },
    "result": {
        "instance_id": 1,
        "repitition_id": 56,
        "sampled_distribution": [
            [
                "1111",
                7569
            ],
            [
                "1011",
                584
            ],
            [
                "0111",
                548
            ],
            [
                "1110",
                546
            ],
            [
                "1101",
                523
            ],
            [
                "1001",
                42
            ],
            [
                "0101",
                41
            ],
            [
                "0011",
                40
            ],
            [
                "1010",
                38
            ],
            [
                "0110",
                31
            ],
            [
                "1100",
                28
            ],
            [
                "0010",
                5
            ],
            [
                "0001",
                2
            ],
            [
                "1000",
                2
            ],
            [
                "0100",
                1
            ]
        ],
        "num_training_loops": 24,
        "final_training_cost": -8.0888671875,
        "optimal_params": [
            3.3980451409557415,
            -0.02930278094260685
        ]
    }
}