{
    "metadata": {
        "qaoaLayers": 20,
        "backend_name": "aer_simulator"
    },
    "result": {
        "instance_id": 2,
        "repitition_id": 73,
        "sampled_distribution": [
            [
                "1111",
                5022
            ],
            [
                "1101",
                1224
            ],
            [
                "0111",
                1221
            ],
            [
                "1110",
                1201
            ],
            [
                "1011",
                1173
            ],
            [
                "1010",
                30
            ],
            [
                "0011",
                28
            ],
            [
                "0101",
                26
            ],
            [
                "0110",
                25
            ],
            [
                "1100",
                22
            ],
            [
                "1001",
                15
            ],
            [
                "0001",
                6
            ],
            [
                "0010",
                2
            ],
            [
                "1000",
                2
            ],
            [
                "0100",
                2
            ],
            [
                "0000",
                1
            ]
        ],
        "num_training_loops": 352,
        "final_training_cost": -13.360107421875,
        "optimal_params": [
            3.146846959502256,
            2.9761462052671823,
            2.813450456391367,
            3.670165359298702,
            2.5222724345148895,
            2.3328633859127894,
            2.1956923183529597,
            2.066068659857906,
            2.881193715599566,
            2.7195595286545498,
            1.5567133956936772,
            1.4132965418998709,
            1.2467161162771137,
            1.1128821262751236,
            0.9342250735677292,
            0.7997287115867788,
            0.6233845644284618,
            0.45294833660558953,
            0.3059196841013426,
            0.15785337239924124,
            1.003156751668299,
            0.17825791932982527,
            1.338350043107601,
            0.4331394521366165,
            0.6478115742324592,
            0.7821499360168253,
            0.967456678803284,
            1.0813572477243096,
            1.2624423395158855,
            1.409228628006387,
            1.5584692268265665,
            1.7225006150324098,
            1.8863928476446237,
            2.034509044726473,
            2.190578029858406,
            2.349409702512128,
            2.516426188768854,
            2.674133801098678,
            2.8323710797820683,
            3.9911330868606303
        ]
    }
}