{
    "metadata": {
        "qaoaLayers": 4,
        "backend_name": "aer_simulator"
    },
    "result": {
        "instance_id": 1,
        "repitition_id": 19,
        "sampled_distribution": [
            [
                "1111",
                3963
            ],
            [
                "0111",
                1914
            ],
            [
                "1011",
                1484
            ],
            [
                "1101",
                1434
            ],
            [
                "1110",
                404
            ],
            [
                "1010",
                151
            ],
            [
                "1100",
                134
            ],
            [
                "0110",
                131
            ],
            [
                "0101",
                127
            ],
            [
                "0011",
                126
            ],
            [
                "1001",
                98
            ],
            [
                "0001",
                12
            ],
            [
                "1000",
                9
            ],
            [
                "0000",
                6
            ],
            [
                "0010",
                4
            ],
            [
                "0100",
                3
            ]
        ],
        "num_training_loops": 71,
        "final_training_cost": -8.094482421875,
        "optimal_params": [
            4.157234727050077,
            2.205870441598678,
            1.5029389516789815,
            1.1505793878460167,
            0.05691487588895116,
            0.675672441626731,
            1.5345810993411466,
            2.425430168712464
        ]
    }
}