{
    "metadata": {
        "qaoaLayers": 20,
        "backend_name": "aer_simulator"
    },
    "result": {
        "instance_id": 1,
        "repitition_id": 37,
        "sampled_distribution": [
            [
                "1110",
                4586
            ],
            [
                "0111",
                1135
            ],
            [
                "1101",
                1025
            ],
            [
                "1011",
                959
            ],
            [
                "1100",
                956
            ],
            [
                "1010",
                908
            ],
            [
                "1001",
                194
            ],
            [
                "1111",
                158
            ],
            [
                "0001",
                40
            ],
            [
                "1000",
                22
            ],
            [
                "0000",
                9
            ],
            [
                "0110",
                4
            ],
            [
                "0010",
                3
            ],
            [
                "0100",
                1
            ]
        ],
        "num_training_loops": 409,
        "final_training_cost": -8.905029296875,
        "optimal_params": [
            4.22907504718476,
            4.011458414036049,
            3.793022787211446,
            2.6430208499180603,
            2.6210273913401596,
            2.252861870364511,
            3.154785348800589,
            2.1364846166596285,
            1.912689618918967,
            1.7076832414430516,
            1.5980015006095363,
            1.4270624417564497,
            1.2698809467082803,
            1.118316679498368,
            0.9156869371896149,
            0.8019908801273751,
            0.6644430057899471,
            0.2797928083523842,
            0.5014259423037288,
            0.13011407828767235,
            1.0407990869321628,
            0.1363371261479715,
            0.32248516924981874,
            0.47403372970433144,
            0.6321904682069563,
            0.8090462079679563,
            0.9410661556130397,
            1.1239446340546837,
            1.2740807122637339,
            1.4195257566975477,
            1.5680418189514802,
            1.7302110986587276,
            1.9043173575652657,
            2.0368618219601937,
            2.217970081277104,
            3.3341927438096546,
            2.4695838576962545,
            2.655169731939005,
            3.816149119910781,
            3.0184797921447655
        ]
    }
}