{
    "metadata": {
        "qaoaLayers": 2,
        "backend_name": "aer_simulator"
    },
    "result": {
        "instance_id": 1,
        "repitition_id": 88,
        "sampled_distribution": [
            [
                "1111",
                8143
            ],
            [
                "0111",
                448
            ],
            [
                "1011",
                447
            ],
            [
                "1101",
                431
            ],
            [
                "1110",
                394
            ],
            [
                "0110",
                30
            ],
            [
                "1001",
                25
            ],
            [
                "0101",
                23
            ],
            [
                "1010",
                22
            ],
            [
                "0011",
                19
            ],
            [
                "1100",
                13
            ],
            [
                "1000",
                3
            ],
            [
                "0100",
                2
            ]
        ],
        "num_training_loops": 39,
        "final_training_cost": -8.084228515625,
        "optimal_params": [
            4.7789322458449774,
            1.7334011727918308,
            1.0784881686500831,
            1.306893195115263
        ]
    }
}