{
    "metadata": {
        "qaoaLayers": 3,
        "backend_name": "aer_simulator_from(fake_torino)"
    },
    "result": {
        "instance_id": 1,
        "repitition_id": 19,
        "sampled_distribution": [
            [
                "1111",
                4671
            ],
            [
                "0111",
                1960
            ],
            [
                "1011",
                1240
            ],
            [
                "1101",
                1070
            ],
            [
                "1110",
                332
            ],
            [
                "0011",
                191
            ],
            [
                "0101",
                127
            ],
            [
                "1001",
                107
            ],
            [
                "0110",
                89
            ],
            [
                "1010",
                74
            ],
            [
                "1100",
                63
            ],
            [
                "0001",
                41
            ],
            [
                "0010",
                16
            ],
            [
                "0100",
                11
            ],
            [
                "0000",
                5
            ],
            [
                "1000",
                3
            ]
        ],
        "num_training_loops": 53,
        "final_training_cost": -7.93115234375,
        "optimal_params": [
            3.3311760831386144,
            1.3455136571474313,
            1.3248444037121245,
            -0.2687267777016316,
            2.422670785527997,
            2.4295903858155996
        ]
    }
}