{
    "metadata": {
        "qaoaLayers": 4,
        "backend_name": "aer_simulator"
    },
    "result": {
        "instance_id": 1,
        "repitition_id": 70,
        "sampled_distribution": [
            [
                "100010001",
                10000
            ]
        ],
        "num_training_loops": 55,
        "final_training_cost": -100.0,
        "optimal_params": [
            3.14117420501867,
            2.356132680780952,
            1.5699047760702411,
            0.7855600821899176,
            0.0,
            0.7853981633974483,
            1.5707963267948966,
            2.356194490192345
        ]
    }
}