{
    "metadata": {
        "qaoaLayers": 2,
        "backend_name": "aer_simulator"
    },
    "result": {
        "instance_id": 1,
        "repitition_id": 4,
        "sampled_distribution": [
            [
                "100010001",
                10000
            ]
        ],
        "num_training_loops": 31,
        "final_training_cost": -99.9970703125,
        "optimal_params": [
            3.142464395673822,
            1.5712862918333765,
            0.0,
            1.5707963267948966
        ]
    }
}