{
    "metadata": {
        "qaoaLayers": 4,
        "backend_name": "aer_simulator"
    },
    "result": {
        "instance_id": 1,
        "repitition_id": 66,
        "sampled_distribution": [
            [
                "100010001",
                9999
            ],
            [
                "100011000",
                1
            ]
        ],
        "num_training_loops": 55,
        "final_training_cost": -100.0,
        "optimal_params": [
            3.141398866221262,
            2.356577279247542,
            1.5703792362024624,
            0.7861993839867506,
            0.0,
            0.7853981633974483,
            1.5707963267948966,
            2.356194490192345
        ]
    }
}