{
    "metadata": {
        "qaoaLayers": 4,
        "backend_name": "aer_simulator"
    },
    "result": {
        "instance_id": 2,
        "repitition_id": 3,
        "sampled_distribution": [
            [
                "100010001",
                9998
            ],
            [
                "100011000",
                1
            ],
            [
                "100000011",
                1
            ]
        ],
        "num_training_loops": 55,
        "final_training_cost": -95.0,
        "optimal_params": [
            3.141142498103943,
            2.3566557886952375,
            1.5709499387518395,
            0.7861471407645777,
            0.0,
            0.7853981633974483,
            1.5707963267948966,
            2.356194490192345
        ]
    }
}