{
    "metadata": {
        "qaoaLayers": 1,
        "backend_name": "aer_simulator"
    },
    "result": {
        "instance_id": 1,
        "repitition_id": 30,
        "sampled_distribution": [
            [
                "100010001",
                9997
            ],
            [
                "000110001",
                1
            ],
            [
                "100100001",
                1
            ],
            [
                "000010101",
                1
            ]
        ],
        "num_training_loops": 20,
        "final_training_cost": -99.988037109375,
        "optimal_params": [
            3.1405926535897932,
            0.0
        ]
    }
}