{
    "metadata": {
        "qaoaLayers": 3,
        "backend_name": "aer_simulator"
    },
    "result": {
        "instance_id": 2,
        "repitition_id": 47,
        "sampled_distribution": [
            [
                "100010001",
                9997
            ],
            [
                "100100001",
                1
            ],
            [
                "000110001",
                1
            ],
            [
                "100010010",
                1
            ]
        ],
        "num_training_loops": 69,
        "final_training_cost": -94.993896484375,
        "optimal_params": [
            3.139089019542283,
            3.1396551237958135,
            0.7830265443220263,
            -0.3863557035237061,
            0.7417960217425853,
            3.189442464977286
        ]
    }
}