{
    "metadata": {
        "qaoaLayers": 2,
        "backend_name": "aer_simulator"
    },
    "result": {
        "instance_id": 1,
        "repitition_id": 45,
        "sampled_distribution": [
            [
                "100010001",
                9998
            ],
            [
                "100100001",
                1
            ],
            [
                "010010001",
                1
            ]
        ],
        "num_training_loops": 31,
        "final_training_cost": -100.0,
        "optimal_params": [
            3.1409322908048107,
            1.571547273525504,
            0.0,
            1.5707963267948966
        ]
    }
}