{
    "metadata": {
        "qaoaLayers": 2,
        "backend_name": "aer_simulator"
    },
    "result": {
        "instance_id": 1,
        "repitition_id": 51,
        "sampled_distribution": [
            [
                "100010001",
                10000
            ]
        ],
        "num_training_loops": 31,
        "final_training_cost": -100.0,
        "optimal_params": [
            3.1423988619493457,
            1.5702046950842967,
            0.0,
            1.5707963267948966
        ]
    }
}