{
    "metadata": {
        "qaoaLayers": 3,
        "backend_name": "aer_simulator"
    },
    "result": {
        "instance_id": 2,
        "repitition_id": 40,
        "sampled_distribution": [
            [
                "100010001",
                9992
            ],
            [
                "100000011",
                2
            ],
            [
                "000110001",
                2
            ],
            [
                "100011000",
                2
            ],
            [
                "100010010",
                1
            ],
            [
                "110000001",
                1
            ]
        ],
        "num_training_loops": 67,
        "final_training_cost": -94.993896484375,
        "optimal_params": [
            3.141253969801864,
            3.1404032759839424,
            0.7886908090943044,
            -0.30950198688074093,
            0.7348861183279561,
            3.2308653096756714
        ]
    }
}