{
    "metadata": {
        "qaoaLayers": 2,
        "backend_name": "aer_simulator"
    },
    "result": {
        "instance_id": 2,
        "repitition_id": 23,
        "sampled_distribution": [
            [
                "100010001",
                9999
            ],
            [
                "100000011",
                1
            ]
        ],
        "num_training_loops": 31,
        "final_training_cost": -95.0,
        "optimal_params": [
            3.141037039512983,
            1.5699648864797502,
            0.0,
            1.5707963267948966
        ]
    }
}