{
    "metadata": {
        "qaoaLayers": 3,
        "backend_name": "aer_simulator"
    },
    "result": {
        "instance_id": 2,
        "repitition_id": 22,
        "sampled_distribution": [
            [
                "100010001",
                9999
            ],
            [
                "110000001",
                1
            ]
        ],
        "num_training_loops": 56,
        "final_training_cost": -94.9951171875,
        "optimal_params": [
            3.1411485711112554,
            3.1428808067268816,
            0.7838138882323307,
            0.927188375581385,
            1.882642467505087,
            3.019436646730647
        ]
    }
}