{
    "metadata": {
        "qaoaLayers": 4,
        "backend_name": "aer_simulator"
    },
    "result": {
        "instance_id": 1,
        "repitition_id": 56,
        "sampled_distribution": [
            [
                "100010001",
                9999
            ],
            [
                "100010010",
                1
            ]
        ],
        "num_training_loops": 56,
        "final_training_cost": -99.99560546875,
        "optimal_params": [
            3.1421502020083225,
            2.3559203920219245,
            1.571505921915967,
            0.7850657709815896,
            0.0,
            0.7853981633974483,
            1.5707963267948966,
            2.356194490192345
        ]
    }
}