{
    "metadata": {
        "qaoaLayers": 4,
        "backend_name": "aer_simulator"
    },
    "result": {
        "instance_id": 2,
        "repitition_id": 57,
        "sampled_distribution": [
            [
                "100010001",
                9999
            ],
            [
                "100001001",
                1
            ]
        ],
        "num_training_loops": 55,
        "final_training_cost": -95.0,
        "optimal_params": [
            3.1423090843658725,
            2.356206291206446,
            1.5714083669713863,
            0.7850635076018685,
            0.0,
            0.7853981633974483,
            1.5707963267948966,
            2.356194490192345
        ]
    }
}