{
    "metadata": {
        "qaoaLayers": 4,
        "backend_name": "aer_simulator"
    },
    "result": {
        "instance_id": 1,
        "repitition_id": 75,
        "sampled_distribution": [
            [
                "100010001",
                9999
            ],
            [
                "100010100",
                1
            ]
        ],
        "num_training_loops": 55,
        "final_training_cost": -100.0,
        "optimal_params": [
            3.1423628125978302,
            2.3565257148710184,
            1.5703353763017107,
            0.785689144423305,
            0.0,
            0.7853981633974483,
            1.5707963267948966,
            2.356194490192345
        ]
    }
}