{
    "metadata": {
        "qaoaLayers": 3,
        "backend_name": "aer_simulator"
    },
    "result": {
        "instance_id": 1,
        "repitition_id": 31,
        "sampled_distribution": [
            [
                "100010001",
                9992
            ],
            [
                "110000001",
                3
            ],
            [
                "100000011",
                2
            ],
            [
                "100011000",
                2
            ],
            [
                "100001001",
                1
            ]
        ],
        "num_training_loops": 79,
        "final_training_cost": -100.0,
        "optimal_params": [
            3.9314178602895007,
            1.5714855593595285,
            0.7856883379226539,
            -0.28386935089058135,
            0.6756048329109904,
            2.2597994527852427
        ]
    }
}