{
    "metadata": {
        "qaoaLayers": 2,
        "backend_name": "aer_simulator"
    },
    "result": {
        "instance_id": 1,
        "repitition_id": 24,
        "sampled_distribution": [
            [
                "100010001",
                9998
            ],
            [
                "100100001",
                1
            ],
            [
                "100011000",
                1
            ]
        ],
        "num_training_loops": 31,
        "final_training_cost": -100.0,
        "optimal_params": [
            3.142048660753021,
            1.5699063506901136,
            0.0,
            1.5707963267948966
        ]
    }
}