{
    "metadata": {
        "qaoaLayers": 3,
        "backend_name": "aer_simulator"
    },
    "result": {
        "instance_id": 2,
        "repitition_id": 4,
        "sampled_distribution": [
            [
                "100010001",
                9966
            ],
            [
                "110000001",
                7
            ],
            [
                "100011000",
                7
            ],
            [
                "001010001",
                5
            ],
            [
                "100000011",
                4
            ],
            [
                "100100001",
                3
            ],
            [
                "010010001",
                3
            ],
            [
                "100010010",
                2
            ],
            [
                "100001001",
                2
            ],
            [
                "101010000",
                1
            ]
        ],
        "num_training_loops": 72,
        "final_training_cost": -94.953369140625,
        "optimal_params": [
            3.9206211677396117,
            3.146555119139151,
            0.7898297769818463,
            0.99119161999307,
            2.159085635589183,
            3.2203061736322827
        ]
    }
}