{
    "metadata": {
        "qaoaLayers": 3,
        "backend_name": "aer_simulator"
    },
    "result": {
        "instance_id": 1,
        "repitition_id": 80,
        "sampled_distribution": [
            [
                "100010001",
                9992
            ],
            [
                "100001001",
                2
            ],
            [
                "100010010",
                2
            ],
            [
                "110000001",
                2
            ],
            [
                "100000011",
                1
            ],
            [
                "101010000",
                1
            ]
        ],
        "num_training_loops": 73,
        "final_training_cost": -99.98046875,
        "optimal_params": [
            4.716313522272322,
            1.5705466807017776,
            0.7864292100048138,
            0.10169979312451717,
            0.4832416204002207,
            1.6669460625787558
        ]
    }
}