{
    "metadata": {
        "qaoaLayers": 3,
        "backend_name": "aer_simulator"
    },
    "result": {
        "instance_id": 1,
        "repitition_id": 76,
        "sampled_distribution": [
            [
                "100010001",
                9995
            ],
            [
                "100001001",
                1
            ],
            [
                "001010001",
                1
            ],
            [
                "000110001",
                1
            ],
            [
                "100100001",
                1
            ],
            [
                "010010001",
                1
            ]
        ],
        "num_training_loops": 69,
        "final_training_cost": -99.9970703125,
        "optimal_params": [
            4.713627008692674,
            1.5713962227242926,
            0.7879404095916394,
            0.04225595668039076,
            0.8447244768154432,
            1.912230671385235
        ]
    }
}