{
    "metadata": {
        "qaoaLayers": 3,
        "backend_name": "aer_simulator"
    },
    "result": {
        "instance_id": 2,
        "repitition_id": 62,
        "sampled_distribution": [
            [
                "100010001",
                9995
            ],
            [
                "100100001",
                2
            ],
            [
                "100010010",
                1
            ],
            [
                "000110001",
                1
            ],
            [
                "100001001",
                1
            ]
        ],
        "num_training_loops": 69,
        "final_training_cost": -94.9775390625,
        "optimal_params": [
            3.1395645683786704,
            3.1400405796633253,
            0.7888876719476807,
            -0.17383619176787918,
            0.7110445779617977,
            3.083816711308989
        ]
    }
}