{
    "metadata": {
        "qaoaLayers": 3,
        "backend_name": "aer_simulator"
    },
    "result": {
        "instance_id": 2,
        "repitition_id": 55,
        "sampled_distribution": [
            [
                "100010001",
                9998
            ],
            [
                "110000001",
                1
            ],
            [
                "100011000",
                1
            ]
        ],
        "num_training_loops": 65,
        "final_training_cost": -95.0,
        "optimal_params": [
            3.1442342586008887,
            3.1413353186418447,
            1.5699903822852843,
            0.868274993723858,
            2.4284722142168302,
            3.3493789183101508
        ]
    }
}