{
    "metadata": {
        "qaoaLayers": 2,
        "backend_name": "aer_simulator"
    },
    "result": {
        "instance_id": 2,
        "repitition_id": 88,
        "sampled_distribution": [
            [
                "100010001",
                9999
            ],
            [
                "100100001",
                1
            ]
        ],
        "num_training_loops": 31,
        "final_training_cost": -94.993896484375,
        "optimal_params": [
            3.141892847905574,
            1.5717502048650778,
            0.0,
            1.5707963267948966
        ]
    }
}