{
    "metadata": {
        "qaoaLayers": 3,
        "backend_name": "aer_simulator"
    },
    "result": {
        "instance_id": 1,
        "repitition_id": 55,
        "sampled_distribution": [
            [
                "100010001",
                9954
            ],
            [
                "000110001",
                12
            ],
            [
                "110000001",
                11
            ],
            [
                "100010010",
                6
            ],
            [
                "100011000",
                3
            ],
            [
                "010010001",
                3
            ],
            [
                "100010100",
                3
            ],
            [
                "100000011",
                3
            ],
            [
                "100001001",
                2
            ],
            [
                "101010000",
                2
            ],
            [
                "000010110",
                1
            ]
        ],
        "num_training_loops": 71,
        "final_training_cost": -99.8642578125,
        "optimal_params": [
            4.720424835581795,
            2.346092554415646,
            0.7842518839136031,
            -0.283821512888954,
            0.9499667107541374,
            1.8941711106530672
        ]
    }
}