{
    "metadata": {
        "qaoaLayers": 4,
        "backend_name": "aer_simulator"
    },
    "result": {
        "instance_id": 2,
        "repitition_id": 33,
        "sampled_distribution": [
            [
                "100010001",
                10000
            ]
        ],
        "num_training_loops": 55,
        "final_training_cost": -94.994873046875,
        "optimal_params": [
            3.1413175423457322,
            2.3559051880846966,
            1.571619906645208,
            0.7858010707367495,
            0.0,
            0.7853981633974483,
            1.5707963267948966,
            2.356194490192345
        ]
    }
}