{
    "metadata": {
        "qaoaLayers": 3,
        "backend_name": "aer_simulator"
    },
    "result": {
        "instance_id": 2,
        "repitition_id": 20,
        "sampled_distribution": [
            [
                "100010001",
                9991
            ],
            [
                "100011000",
                2
            ],
            [
                "100100001",
                2
            ],
            [
                "010010001",
                1
            ],
            [
                "001010001",
                1
            ],
            [
                "110000001",
                1
            ],
            [
                "100010010",
                1
            ],
            [
                "000110001",
                1
            ]
        ],
        "num_training_loops": 75,
        "final_training_cost": -94.9716796875,
        "optimal_params": [
            3.1443638758500048,
            3.138557562311341,
            0.786482114061163,
            1.3589411998621852,
            0.8292222997066819,
            3.0711056004779924
        ]
    }
}