{
    "metadata": {
        "qaoaLayers": 2,
        "backend_name": "aer_simulator"
    },
    "result": {
        "instance_id": 2,
        "repitition_id": 91,
        "sampled_distribution": [
            [
                "100010001",
                10000
            ]
        ],
        "num_training_loops": 31,
        "final_training_cost": -95.0,
        "optimal_params": [
            3.1421700906931553,
            1.5699798916219276,
            0.0,
            1.5707963267948966
        ]
    }
}