{
    "metadata": {
        "qaoaLayers": 3,
        "backend_name": "aer_simulator"
    },
    "result": {
        "instance_id": 1,
        "repitition_id": 94,
        "sampled_distribution": [
            [
                "100010001",
                9996
            ],
            [
                "010010001",
                1
            ],
            [
                "101010000",
                1
            ],
            [
                "000010101",
                1
            ],
            [
                "100011000",
                1
            ]
        ],
        "num_training_loops": 71,
        "final_training_cost": -99.994873046875,
        "optimal_params": [
            4.713436137841605,
            1.5680141758890538,
            0.7847506066974959,
            0.5669945152033281,
            0.9952035223642247,
            1.5754475974250572
        ]
    }
}