{
    "metadata": {
        "qaoaLayers": 3,
        "backend_name": "aer_simulator"
    },
    "result": {
        "instance_id": 1,
        "repitition_id": 68,
        "sampled_distribution": [
            [
                "100010001",
                9998
            ],
            [
                "100011000",
                1
            ],
            [
                "100010100",
                1
            ]
        ],
        "num_training_loops": 67,
        "final_training_cost": -99.982421875,
        "optimal_params": [
            4.712646887996954,
            1.568834708497969,
            0.0022298215805097482,
            -0.12164080511342226,
            0.9546101768255231,
            2.158115854379171
        ]
    }
}