{
    "metadata": {
        "qaoaLayers": 3,
        "backend_name": "aer_simulator"
    },
    "result": {
        "instance_id": 1,
        "repitition_id": 71,
        "sampled_distribution": [
            [
                "100010001",
                9992
            ],
            [
                "110000001",
                5
            ],
            [
                "100100001",
                1
            ],
            [
                "100010010",
                1
            ],
            [
                "010010001",
                1
            ]
        ],
        "num_training_loops": 71,
        "final_training_cost": -99.986572265625,
        "optimal_params": [
            5.500868388437799,
            2.3586529251995043,
            -0.0008611171749343418,
            1.2373130988794727,
            0.3905727244989232,
            1.0513444870628843
        ]
    }
}