{
    "metadata": {
        "qaoaLayers": 3,
        "backend_name": "aer_simulator"
    },
    "result": {
        "instance_id": 2,
        "repitition_id": 13,
        "sampled_distribution": [
            [
                "100010001",
                9979
            ],
            [
                "001010001",
                3
            ],
            [
                "000110001",
                3
            ],
            [
                "100100001",
                3
            ],
            [
                "100011000",
                2
            ],
            [
                "100010010",
                2
            ],
            [
                "110000001",
                2
            ],
            [
                "000010101",
                2
            ],
            [
                "100010100",
                1
            ],
            [
                "100000011",
                1
            ],
            [
                "100001001",
                1
            ],
            [
                "010010001",
                1
            ]
        ],
        "num_training_loops": 71,
        "final_training_cost": -94.96875,
        "optimal_params": [
            3.146526548864485,
            2.3540909176074076,
            0.7841965371052109,
            0.3746680157930747,
            1.8085894830850546,
            3.2641496996183954
        ]
    }
}