{
    "metadata": {
        "qaoaLayers": 3,
        "backend_name": "aer_simulator"
    },
    "result": {
        "instance_id": 2,
        "repitition_id": 81,
        "sampled_distribution": [
            [
                "100010001",
                9969
            ],
            [
                "010010001",
                8
            ],
            [
                "101010000",
                5
            ],
            [
                "100100001",
                5
            ],
            [
                "000010101",
                5
            ],
            [
                "100000011",
                5
            ],
            [
                "100001001",
                2
            ],
            [
                "110000001",
                1
            ]
        ],
        "num_training_loops": 58,
        "final_training_cost": -94.925048828125,
        "optimal_params": [
            3.1459953106665917,
            3.149433926661337,
            0.7925677564554395,
            -0.32918995570435144,
            1.047457311074472,
            2.959512816106882
        ]
    }
}