{
    "metadata": {
        "qaoaLayers": 4,
        "backend_name": "aer_simulator"
    },
    "result": {
        "instance_id": 2,
        "repitition_id": 69,
        "sampled_distribution": [
            [
                "100010001",
                9999
            ],
            [
                "000110001",
                1
            ]
        ],
        "num_training_loops": 55,
        "final_training_cost": -95.0,
        "optimal_params": [
            3.1416119103778932,
            2.3564211546306426,
            1.5698247249544532,
            0.7853330306701104,
            0.0,
            0.7853981633974483,
            1.5707963267948966,
            2.356194490192345
        ]
    }
}