{
    "metadata": {
        "qaoaLayers": 3,
        "backend_name": "aer_simulator"
    },
    "result": {
        "instance_id": 2,
        "repitition_id": 93,
        "sampled_distribution": [
            [
                "100010001",
                9998
            ],
            [
                "110000001",
                1
            ],
            [
                "000110001",
                1
            ]
        ],
        "num_training_loops": 68,
        "final_training_cost": -94.9951171875,
        "optimal_params": [
            3.1409514128253186,
            3.1424897717964413,
            0.7827116228112048,
            0.8832989013061553,
            0.8192855519788226,
            3.293386151760797
        ]
    }
}