{
    "metadata": {
        "qaoaLayers": 4,
        "backend_name": "aer_simulator"
    },
    "result": {
        "instance_id": 2,
        "repitition_id": 20,
        "sampled_distribution": [
            [
                "100010001",
                9998
            ],
            [
                "100011000",
                1
            ],
            [
                "100001001",
                1
            ]
        ],
        "num_training_loops": 56,
        "final_training_cost": -95.0,
        "optimal_params": [
            3.14142614685595,
            2.355283735726003,
            1.571139384329263,
            0.785239691514335,
            0.0,
            0.7853981633974483,
            1.5707963267948966,
            2.356194490192345
        ]
    }
}