{
    "metadata": {
        "qaoaLayers": 3,
        "backend_name": "aer_simulator"
    },
    "result": {
        "instance_id": 1,
        "repitition_id": 9,
        "sampled_distribution": [
            [
                "100010001",
                9991
            ],
            [
                "010010001",
                3
            ],
            [
                "100010010",
                2
            ],
            [
                "110000001",
                2
            ],
            [
                "100000011",
                1
            ],
            [
                "100001001",
                1
            ]
        ],
        "num_training_loops": 55,
        "final_training_cost": -99.98876953125,
        "optimal_params": [
            3.92501114275251,
            3.1403492707452547,
            0.7819518738148787,
            -0.21407416866999165,
            1.256734838068389,
            3.002970190493072
        ]
    }
}