{
    "metadata": {
        "qaoaLayers": 3,
        "backend_name": "aer_simulator"
    },
    "result": {
        "instance_id": 2,
        "repitition_id": 65,
        "sampled_distribution": [
            [
                "100010001",
                9997
            ],
            [
                "010010001",
                3
            ]
        ],
        "num_training_loops": 65,
        "final_training_cost": -95.0,
        "optimal_params": [
            3.143172959706628,
            3.1408490770769713,
            0.7867066947210616,
            1.140507620887336,
            1.1061013616948983,
            1.8752112641640097
        ]
    }
}