{
    "metadata": {
        "qaoaLayers": 4,
        "backend_name": "aer_simulator"
    },
    "result": {
        "instance_id": 2,
        "repitition_id": 88,
        "sampled_distribution": [
            [
                "100010001",
                9999
            ],
            [
                "100100001",
                1
            ]
        ],
        "num_training_loops": 56,
        "final_training_cost": -95.0,
        "optimal_params": [
            3.141497377373313,
            2.3567503517567374,
            1.570683195464197,
            0.7862161741955545,
            0.0,
            0.7853981633974483,
            1.5707963267948966,
            2.356194490192345
        ]
    }
}