{
    "metadata": {
        "qaoaLayers": 20,
        "backend_name": "ionq_simulator"
    },
    "result": {
        "instance_id": 7,
        "sampled_distribution": [
            [
                "000000000",
                1000
            ]
        ],
        "num_training_loops": 2,
        "final_training_cost": -377.705322265625,
        "optimal_params": [
            3.141592653589793,
            2.9845130209603035,
            2.827433388330814,
            2.670353755701324,
            2.5132741230718345,
            2.356194490442345,
            2.199114857812855,
            2.0420352251833656,
            1.884955592553876,
            1.7278759599243863,
            1.5707963272948966,
            1.413716694665407,
            1.2566370620359173,
            1.0995574294064276,
            0.942477796776938,
            0.7853981641474483,
            0.6283185315179587,
            0.47123889888846904,
            0.3141592662589794,
            0.15707963362948973,
            1e-09,
            0.15707963362948965,
            0.31415926625897933,
            0.471238898888469,
            0.6283185315179586,
            0.7853981641474482,
            0.9424777967769379,
            1.0995574294064276,
            1.2566370620359173,
            1.413716694665407,
            1.5707963272948966,
            1.7278759599243863,
            1.884955592553876,
            2.0420352251833656,
            2.199114857812855,
            2.356194490442345,
            2.5132741230718345,
            2.670353755701324,
            2.827433388330814,
            2.9845130209603035
        ]
    }
}